gdb -q firmware.elf \
	-ex "set pagination off" \
	-ex "set confirm off" \
	-ex "set logging file result_analysis/data_output/spy_results.txt" \
	-ex "set logging overwrite on" \
	-ex "set logging enabled on" \
	-ex "set print elements 0" \
	-ex "target extended-remote :3333" \
	-ex "p foo_time" \
	-ex "set logging enabled off" \
	-ex "dump binary memory result_analysis/data_output/spy_results.bin foo_time foo_time+10" \
	-ex "quit"
Reading symbols from firmware.elf...
Copying output to result_analysis/data_output/spy_results.txt.
Copying debug output to result_analysis/data_output/spy_results.txt.
Remote debugging using :3333
core0_main () at src/ex_6_flush_reload/cpu0.c:91
91	    while(1);
$1 = {9366, 7362, 8856, 8544, 8478, 9678, 6792, 8133, 8947, 8029, 8466, 6905, 8436, 7643, 9671, 8874, 10498, 6384, 10212, 10086, 9376, 8442, 8212, 9672, 7744, 9264, 8446, 9672, 6383, 7625, 7208, 5565, 5272, 5153, 5562, 6510, 4755, 6508, 5154, 6978, 5562, 5914, 6984, 8040, 8213, 10913, 9258, 9272, 9432, 11310, 11338, 10913, 8452, 8028, 8849, 10248, 6812, 8190, 8436, 10918, 8189, 9676, 7210, 10944, 9678, 10852, 7641, 12138, 8064, 10906, 9272, 11046, 11308, 10220, 8859, 10476, 10905, 10216, 10128, 8033, 9714, 10092, 12960, 9258, 8560, 8452, 6791, 9264, 9341, 9258, 8868, 8038, 9264, 9667, 10843, 9312, 7775, 9319, 9674, 9294, 8850, 9678, 12595, 8848, 9673, 9750, 9342, 9270, 8931, 10494, 8482, 8445, 9646, 6796, 8112, 8850, 10500, 9336, 8448, 9736, 9258, 8088, 11404, 8022, 9400, 11727, 9666, 10159, 11316, 8944, 7255, 6384, 8438, 9334, 9258, 7619, 9768, 9262, 8934, 10182, 7611, 8856, 7720, 8442, 6895, 7208, 10080, 7320, 8874, 9676, 7629, 7620, 9684, 8436, 10494, 9270, 8444, 6912, 7395, 7626, 5976, 8850, 5569, 5682, 5566, 4929, 5562, 5976, 6508, 5976, 4870, 5151, 5977, 5982, 6810, 7812, 8034, 7636, 9690, 9210, 10090, 9671, 10932, 10902, 10524, 9271, 9696, 10498, 9846, 8052, 8034, 9264, 10656, 10519, 8610, 10919, 12558, 9288, 9264, 10500, 8200, 10526, 10889, 9258, 10116, 11329, 7342, 11324, 8988, 8482, 9270, 9306, 10908, 8856, 9378, 10128, 12552, 10578, 10914, 12078, 10900, 7618, 10498, 10968, 9258, 9618, 11314, 10078, 10566, 9678, 8443, 12959, 8994, 10559, 10092, 6827, 10095, 10062, 9673, 11298, 9748, 10482, 10848, 10508, 9746, 7699, 7630, 11718, 7697, 10494, 8922, 10093, 10500, 9666, 9676, 8946, 8854, 9678, 6764, 8932, 6794, 10092, 11316, 6420, 8028, 9642, 7210, 10116, 7620, 9257, 9702, 8554, 8436, 9774, 7625, 8027, 7321, 10908, 10908, 8140, 8032, 9798, 7620, 8976, 9384, 6514, 7616, 10449, 9262, 6798, 5686, 5976, 5341, 5560, 5979, 6102, 5984, 7206, 4741, 4455, 5976, 4680, 8862, 8028, 8793, 11322, 7621, 9271, 12138, 8446, 10668, 7637, 8806, 10512, 10090, 9712, 8195, 8852, 9412, 10489, 12090, 12139, 9258, 8447, 10090, 10085, 11340, 8850, 8422, 7624, 10494, 11730, 7660, 7342, 10536, 9270, 10204, 9678, 10078, 10976, 10914, 10848, 8846, 11669, 8020, 8553, 9313, 6382, 8446, 8436, 8382, 10092, 8092, 10086, 8795, 9672, 9660, 8032, 8438, 8532, 7205, 7614, 8514, 6364, 9750, 10500, 8028, 12084, 9750, 9677, 11670, 8031, 7615, 11027, 8844, 8448, 10092, 8044, 7758, 8434, 6384, 10182, 5527, 9748, 8538, 8029, 9264, 8442, 6903, 6390, 7619, 8938, 6798, 8184, 9286, 6492, 9696, 10903, 9810, 7618, 10080, 7721, 5980, 10500, 8442, 10506, 6496, 7619, 9390, 10899, 10500, 10842, 8848, 8024, 5752, 5153, 5686, 4740, 6108, 5752, 5570, 5691, 5970, 5980, 6160, 6798, 5337, 8454, 9609, 9264, 13548, 10914, 10084, 7623, 8397, 10494, 9618, 6800, 11322, 7176, 10488, 10018, 8446, 7364, 7617, 10906, 8435, 10498, 9665, 8483, 9426, 12993, 11722, 9661, 9394, 8068, 9836, 10537, 11454, 10956, 9676, 9732, 9252, 9268, 11254, 9258, 10086, 8970, 6796, 11323, 8434, 5960, 8438, 10902, 10080, 8524, 10492, 11422, 10140, 9669, 10644, 12958, 9678, 8922, 10908, 12150, 10091, 10563, 9814, 8028, 10150, 11268, 8026, 8928, 9265, 10476, 6796, 8034, 11804, 8850, 8793, 8033, 8153, 8448, 8159, 10902, 9672, 10086, 9333, 10162, 9726, 7617, 9264, 8790, 8863, 7289, 8436, 8941, 10900, 7551, 9672, 9804, 9364, 8542, 8032, 7367, 8130, 6798, 9678, 10082, 7619, 8148, 7200, 8848, 7613, 7620, 7222, 9678, 8442, 7369, 8855, 9262, 8152, 8028, 6796, 6792, 6096, 5152, 6096, 4861, 6390, 6102, 7212, 5686, 6798, 6736, 5973, 14931, 11225, 14922, 14106, 13276, 12054, 12043, 13285, 15753, 15750, 14110, 15336, 12459, 12864, 12042, 13287, 13690, 14506, 15738, 13282, 13692, 15748, 10402, 13690, 14110, 12456, 12055, 13698, 15750, 14520, 14925, 14928, 14518, 12874, 13278, 15750, 13273, 10408, 12454, 12041, 12868, 15330, 14100, 14922, 11225, 12452, 14518, 12867, 14112, 14520, 12459, 11226, 14508, 14928, 16575, 14106, 15744, 14928, 11634, 15336, 12864, 11232, 16161, 14100, 12868, 12045, 14100, 15338, 13276, 12457, 14932, 12465, 14922, 13284, 13281, 13278, 11634, 13696, 13284, 14514, 13276, 13281, 14508, 13284, 13690, 12456, 15336, 15336, 12870, 12450, 15750, 14100, 13690, 12039, 10392, 12462, 16572, 13698, 10806, 13281, 13690, 14520, 13686, 11638, 15333, 14100, 11643, 12047, 14106, 12870, 14926, 15754, 14519, 14520, 14514, 12047, 11227, 14106, 14114, 15750, 13280, 15750, 12862, 14928, 14512, 13281, 12873, 14520, 14100, 14922, 12457, 14100, 13701, 13692, 14922, 13282, 12048, 14928, 15336, 10809, 13284, 15340, 12048, 14514, 13280, 14100, 11638, 11220, 14925, 12870, 12048, 15340, 12873, 13276, 12051, 11626, 15336, 14520, 14517, 12465, 14512, 13695, 14100, 14520, 15744, 13284, 14100, 13696, 10818, 13281, 12450, 12456, 13278, 10810, 14112, 14104, 14106, 10396, 11228, 17394, 10403, 15342, 14518, 12455, 11638, 15340, 13278, 12456, 15336, 13690, 16572, 13698, 13686, 14922, 11626, 12042, 14100, 14928, 13272, 12042, 12448, 14523, 14100, 12040, 13696, 12448, 15343, 13276, 12868, 16569, 15330, 16164, 11636, 13278, 14110, 11229, 16980, 15336, 12046, 14922, 12874, 13698, 11221, 16158, 14103, 14511, 12042, 14104, 13696, 11230, 13686, 15334, 12054, 15331, 11226, 12046, 15330, 13278, 15340, 15753, 14097, 14931, 12046, 12870, 14922, 12872, 13284, 12460, 12864, 13693, 11637, 15336, 12456, 15744, 13277, 13287, 12042, 12870, 14931, 16576, 11634, 14521, 13695, 12048, 14514, 12864, 14523, 12862, 12872, 14106, 12465, 13698, 15750, 14110, 12870, 16566, 16150, 14928, 10405, 14104, 14928, 10395, 15750, 12046, 14928, 14928, 11221, 16158, 17394, 13275, 12466, 13287, 13692, 16566, 15754, 12871, 14514, 12460, 13272, 14517, 14106, 14106, 15750, 15744, 13276, 13288, 15336, 12864, 14100, 14103, 16156, 12864, 13278, 14103, 13284, 13699, 16164, 14514, 14922, 14928, 15336, 13692, 16156, 14518, 14103, 13278, 15750, 14108, 14516, 12876, 14100, 14103, 12459, 12048, 14518, 12046, 14100, 13693, 13278, 15750, 14098, 12864, 10810, 12462, 14103, 12048, 14100, 14100, 12868, 14511, 15744, 15336, 14110, 13680, 12858, 13279, 13698, 16156, 10816, 14916, 14521, 11226, 12862, 10395, 15738, 12460, 14508, 14106, 13282, 8345, 14520, 13278, 14517, 13286, 10809, 13692, 15342, 12870, 15328, 15342, 14109, 14094, 14109, 12045, 12465, 12859, 15751, 13686, 14100, 13278, 13686, 14931, 14112, 16164, 16166, 14106, 15334, 13692, 16158, 14928, 13692, 14100, 12865, 14922, 14106, 14926, 12870, 12874, 13686, 12858, 10822, 14103, 12048, 16156, 13287, 14094, 14518, 14932, 16572, 14100, 15744, 14518, 13695, 15750, 14508, 12456, 14508, 13689, 14926, 13284, 12453, 12450, 14514, 12868, 12453, 13278, 13689, 14925, 13692, 12465, 15330, 11635, 13692, 16566, 13692, 14520, 14520, 14106, 12451, 14514, 14104, 14100, 14517, 9990, 13284, 13698, 16566, 14109, 14108, 16156, 14514, 12868, 13698, 13696, 13691, 13284, 15746, 14520, 12868, 13699, 11637, 14104, 14094, 11631, 14100, 12450, 12052, 12870, 12870, 11643, 14926, 12054, 13689, 14932, 16974, 12036, 13695, 13287, 16162, 12867, 11632, 15336, 12870, 14104, 14928, 12448, 13272, 13698, 14106, 10407, 15334, 14521, 10809, 13691, 14109, 12456, 14517, 13276, 15336, 14103, 14508, 12048, 14502, 15750, 15342, 15324, 9162, 13278, 13692, 12456, 14106, 14916, 16158, 14514, 13281, 11229, 16164, 14508, 16566, 12864, 14506, 14520, 10812, 13698, 14514, 15340, 14106, 15750, 12858, 12045, 13692, 15342, 12868, 16161, 13699, 10818, 11220, 14512, 15330, 15750, 14109, 13698, 13282, 14522, 12866, 13281, 14514, 12874, 14922, 14514, 11232, 14507, 12042, 12052, 14925, 14106, 13278, 14106, 14922, 12862, 14514, 12873, 14514, 14513, 14513, 15744, 12871, 14518, 11637, 13690, 14100, 14518, 11637, 12046, 14920, 12052, 13692, 12876, 14922, 14106, 13686, 16988, 11631, 13695, 14103, 11220, 15334, 15754, 12874, 16566, 10820, 14922, 12876, 16575, 13692, 13692, 13281, 13699, 13278, 13688, 12049, 12045, 11227, 15750, 13686, 14517, 16162, 11224, 12876, 14926, 14931, 13278, 15334, 13699, 15750, 15748, 14514, 14518, 14502, 14106, 10405, 17394, 14104, 14922, 16572, 12046, 13278, 12876, 15742, 12045, 9986, 16566, 11226, 14110, 12042, 15342, 14517, 12049, 15338, 13276, 15750, 12870, 12448, 13278, 13284, 12867, 14106, 14508, 10401, 11638, 12867, 14104, 10810, 12462, 12046, 13282, 14520, 12864, 13275, 12049, 15750, 13272, 13686, 14100, 13698, 12874, 13698, 13693, 14100, 14513, 13692, 12460, 15738, 13282, 13691, 15744, 13282, 12460, 12874, 13695, 12865, 12456, 12457, 16986, 13276, 12456, 14100, 12462, 12864, 11227, 14508, 14928, 16572, 13276, 14110, 13692, 13690, 12456, 12454, 13699, 13692, 14928, 11219, 13288, 14103, 14518, 11214, 14518, 16164, 14922, 14103, 12046, 15750, 13688, 16162, 14100, 13678, 14098, 11628, 13278, 12874, 14508, 10809, 12874, 14518, 14100, 9167, 15336, 14922, 13690, 16575, 15330, 13278, 14919, 14109, 13692, 10806, 14928, 15336, 14931, 12870, 16572, 12877, 12046, 13692, 15340, 12450, 15336, 14515, 14518, 12870, 14510, 12456, 12871, 12870, 14110, 11626, 12868, 12046, 12874, 12465, 12858, 16572, 14110, 12043, 14928, 15747, 12464, 14094, 14928, 13696, 14922, 15336, 13278, 12460, 14518, 16158, 13281, 12048, 13678, 12867, 15342, 12867, 14102, 15330, 9996, 15336, 13698, 10404, 13284, 15747, 11217, 15750, 14926, 13276, 13692, 13281, 12870, 13278, 13285, 14109, 13695, 17394, 12050, 11640, 12456, 15340, 9993, 13695, 13690, 13699, 14922, 14928, 10815, 12048, 14928, 12456, 11230, 14920, 12451, 15750, 14931, 13282, 12459, 14100, 13279, 15336, 13280, 13278, 13693, 16566, 13686, 12046, 15750, 14926, 13278, 12048, 12870, 13286, 11634, 16158, 14098, 14109, 11630, 12460, 12458, 12450, 13692, 12045, 13685, 12873, 15340, 11632, 14512, 11632, 13686, 14520, 16572, 14511, 10813, 14098, 14928, 15747, 12042, 13687, 14520, 12459, 15750, 12870, 15340, 17392, 10399, 14928, 13692, 14929, 14518, 14520, 12456, 13287, 14100, 13282, 14926, 9988, 14514, 12877, 14100, 13276, 14104, 13686, 14520, 13690, 13698, 14928, 14103, 14922, 14922, 12462, 11230, 13692, 15336, 12463, 14106, 14928, 12879, 14518, 11640, 14928, 14106, 13278, 13695, 11226, 14506, 14099, 13686, 12459, 12465, 12456, 14517, 12870, 14520, 14517, 14520, 12049, 14104, 14106, 13286, 12870, 11233, 15750, 13278, 12051, 11637, 14100, 14104, 9580, 12456, 14518, 10811, 13693, 14520, 13284, 12465, 12042, 12453, 13282, 14103, 12858, 13691, 14094, 14112, 10811, 15340, 12868, 11634, 12046, 14931, 14518, 13690, 13698, 14928, 15334, 11634, 14920, 13287, 12460, 14104, 15750, 13684, 11634, 13699, 12877, 13698, 13687, 15340, 11634, 14928, 12042, 12046, 12049, 12456, 13281, 13281, 15342, 12456, 12868, 12052, 10812, 13275, 14512, 11220, 14100, 11638, 15336, 12046, 11638, 11638, 15339, 14518, 13288, 13284, 12046, 14929, 15340, 11229, 15336, 11633, 16152, 14103, 14928, 12462, 13690, 11226, 13276, 14109, 16986, 13692, 14106, 12036, 11220, 15343, 16161, 13698, 12048, 12042, 11644, 12457, 12876, 13285, 13687, 15756, 14106, 16164, 14106, 14094, 14100, 14515, 14106, 13691, 11631, 13272, 14922, 12877, 12868, 14100, 14109, 13282, 13694, 14928, 13284, 13276, 14518, 12864, 12039, 14106, 13287, 13688, 13284, 17388, 13281, 13696, 14509, 12045, 14520, 12454, 13683, 13692, 15340, 15334, 15340, 12868, 12048, 14103, 14923, 15750, 14922, 12460, 14512, 12465, 13285, 11634, 16164, 10402, 13689, 13276, 15753, 10818, 13277, 12454, 14920, 14518, 12046, 10403, 15750, 13284, 12864, 13276, 13698, 16572, 10407, 13696, 13287, 13692, 11628, 13690, 15750, 13282, 16572, 9984, 13696, 14512, 14922, 16158, 14106, 14518, 14514, 12042, 13698, 15343, 11634, 14928, 10404, 9155, 15750, 12456, 14509, 15336, 13272, 14928, 14520, 14514, 13678, 14922, 14100, 13282, 12462, 15334, 11640, 13696, 11638, 12450, 14922, 14098, 15744, 14922, 15342, 13284, 12871, 13276, 13281, 11628, 13278, 13686, 10822, 13275, 9576, 13699, 14514, 16160, 15748, 12052, 11218, 15342, 13692, 13287, 13695, 14100, 12870, 12045, 15744, 13277, 13287, 10816, 15330, 12462, 15336, 13288, 13288, 12870, 15340, 14928, 12039, 14100, 10399, 13282, 14931, 12460, 15750, 13276, 14514, 14925, 13692, 14511, 13272, 11223, 15750, 14922, 15750, 13278, 11643, 11638, 13278, 14931, 13284, 12458, 17394, 14922, 10410, 14523, 13696, 14094, 15342, 13693, 15750, 16575, 13692, 12465, 15336, 14922, 13698, 14514, 13692, 14103, 15750, 12870, 13684, 12054, 14520, 14929, 12048, 14521, 14922, 14106, 11235, 9996, 15336, 12456, 13698, 15340, 10821, 15330, 13287, 14098, 12462, 14512, 12870, 12450, 12867, 13695, 14100, 14920, 13698, 11221, 14928, 12865, 13278, 14932, 12864, 13284, 14100, 12039, 14098, 11640, 12872, 15744, 15334, 13680, 14928, 13692, 13281, 12042, 14512, 11637, 12868, 12874, 14506, 13696, 15342, 14520, 13692, 13284, 14925, 12456, 12465, 13686, 14107, 14109, 14928, 15334, 14514, 12867, 13278, 12459, 13287, 15340, 13282, 14928, 16162, 14518, 12462, 11638, 14922, 13692, 16158, 11228, 13281, 10815, 15750, 14922, 11638, 15750, 12053, 12858, 15758, 12453, 15750, 12051, 13696, 14106, 14926, 14922, 11223, 14512, 15336, 11643, 13696, 12868, 12460, 15336, 12456, 15338, 14107, 14514, 12461, 16162, 13690, 14103, 13275, 16150, 13278, 14925, 14106, 12870, 12454, 13278, 15744, 12870, 14931, 13284, 14502, 16162, 16158, 13690, 13276, 14508, 12466, 10396, 13692, 14514, 14100, 12048, 11222, 12048, 15343, 16572, 14922, 14514, 14922, 10821, 13692, 12873, 15744, 15336, 12865, 13696, 13288, 10810, 12048, 12461, 14100, 14508, 12456, 16566, 12868, 13692, 16162, 16572, 12462, 14515, 11638, 13693, 14514, 15339, 14106, 14517, 15336, 15744, 12876, 12465, 15336, 12052, 11637, 12462, 14508, 12453, 14100, 14506, 13695, 14508, 17394, 12450, 13284, 15332, 13692, 14518, 15342, 12873, 12868, 16158, 12046, 15334, 14106, 15750, 12458, 11214, 14097, 12042, 14925, 12036, 13698, 16576, 16161, 12046, 14514, 12048, 15342, 13692, 14916, 11628, 13692, 16164, 14508, 12042, 13282, 13686, 13692, 14508, 14922, 12463, 14928, 13281, 14100, 14103, 13692, 14928, 13284, 17394, 15744, 12874, 13278, 12463, 14100, 14508, 14094, 14928, 10392, 12874, 13271, 11230, 14107, 12864, 14100, 13276, 12867, 14922, 13686, 12876, 14925, 14104, 13692, 14517, 15747, 13282, 14508, 15750, 12874, 13278, 11631, 14928, 13686, 14931, 15750, 13282, 13278, 12048, 15334, 13680, 11230, 14107, 12865, 14106, 14518, 10810, 14922, 11642, 13282, 12456, 14518, 13278, 13284, 15340, 12459, 12868, 15750, 12450, 15750, 14925, 16162, 13284, 15342, 14100, 12454, 14514, 13686, 14928, 11220, 10401, 15330, 12046, 14922, 12877, 11632, 12870, 13697, 13284, 14928, 12045, 12873, 13690, 12864, 13282, 14514, 16162, 13286, 14100, 13692, 13696, 15336, 15748, 12450, 14922, 16572, 11635, 12052, 11632, 14106, 15744, 13692, 10816, 14520, 13281, 12868, 14506, 14517, 12460, 12876, 13287, 16980, 14928, 14109, 9993, 14103, 13678, 14098, 10809, 12456, 14099, 10399, 14100, 13281, 14925, 13278, 10401, 15342, 14514, 15336, 12862, 14922, 7936, 13678, 13696, 14928, 15347, 13281, 14096, 12865, 13278, 14518, 15336, 14514, 12458, 16162, 10812, 13693, 13696, 11220, 11227, 13696, 15342, 13287, 14922, 12864, 13285, 13690, 14508, 13689, 14514, 15744, 14100, 16984, 9165, 14929, 14094, 14928, 16569, 13692, 11221, 11632, 13695, 16152, 15336, 12047, 12873, 13686, 12050, 14103, 14514, 13693, 15750, 14109, 14928, 13282, 14520, 13290, 12450, 13282, 15339, 11640, 15748, 12459, 9994, 13693, 13690, 14106, 15334, 13696, 12874, 13284, 13690, 17394, 13686, 13282, 13286, 13703, 12052, 11632, 12871, 13695, 12459, 12460, 15336, 13695, 13696, 14928, 13692, 13684, 14112, 14109, 14928, 14920, 12462, 14517, 14518, 11634, 16984, 13272, 15753, 14512, 14103, 15750, 14518, 13686, 13696, 13698, 12048, 13280, 16158, 14100, 13287, 12046, 13692, 14106, 10805, 13278, 11229, 13692, 11634, 13272, 14100, 12876, 15744, 12874, 14098, 12870, 15750, 13689, 12864, 16162, 12870, 15342, 14512, 14518, 12052, 14508, 14928, 16569, 10405, 14916, 12872, 16572, 13288, 12456, 14100, 15750, 13276, 16572, 15750, 13281, 13690, 11214, 16158, 14517, 12870, 13689, 14928, 13686, 13696, 15750, 13696, 15750, 11634, 12871, 14100, 16572, 15752, 11632, 14920, 14932, 13287, 12861, 14930, 16572, 12866, 12870, 14100, 13284, 12870, 14922, 12042, 12052, 12862, 14922, 13689, 13686, 13684, 14106, 14517, 14094, 10815, 14100, 12864, 14928, 9994, 12870, 14928, 14926, 16986, 12870, 10821, 14098, 12870, 15744, 14104, 12462, 12456, 15750, 9990, 15750, 16572, 14092, 12876, 14928, 13686, 13278, 11634, 12465, 13692, 11227, 10815, 12871, 14928, 14925, 9994, 15330, 14518, 13686, 14110, 12450, 12049, 14103, 15756, 14518, 13696, 14922, 14928, 13276, 13272, 12878, 15747, 9992, 12459, 14926, 13692, 15744, 16576, 12450, 12871, 16158, 16158, 16156, 14520, 14925, 12856, 14922, 13280, 9996, 13289, 14500, 14508, 13284, 12870, 14928, 14106, 14518, 12463, 11631, 13692, 14514, 11223, 15744, 12868, 12042, 14925, 14511, 13276, 10815, 14916, 14106, 9988, 14103, 15340, 15342, 16152, 13278, 12456, 15336, 12868, 11637, 13284, 14922, 13686, 15750, 9168, 15342, 15336, 12050, 12456, 13279, 16576, 14514, 13278, 15754, 14517, 13692, 13281, 13692, 15336, 13686, 15747, 15750, 12870, 14928, 13276, 13692, 13284, 13276, 14517, 12046, 14931, 13692, 12463, 14502, 16158, 15330, 13699, 14110, 13278, 15750, 11226, 16156, 12870, 14922, 12051, 9988, 14926, 14106, 15336, 14109, 13686, 13282, 14514, 11643, 11635, 14520, 10806, 11223, 12054, 13680, 14922, 13695, 12454, 14104, 14928, 14109, 15343, 14928, 16984, 15750, 12042, 14922, 13695, 12864, 14106, 16156, 12465, 14922, 14928, 12870, 14928, 12873, 16572, 16570, 15750, 14514, 17398, 11226, 16158, 12864, 11636, 14100, 12465, 14506, 11220, 12049, 13284, 11634, 14926, 15744, 11640, 15336, 13699, 14928, 11232, 13692, 13692, 14108, 12462, 13694, 14106, 14110, 14922, 15342, 11644, 13696, 15340, 13284, 12045, 14928, 12867, 13696, 11637, 15744, 13282, 14520, 9577, 14922, 14517, 14100, 14931, 9996, 13686, 12873, 13692, 13278, 16162, 15336, 12867, 12873, 13282, 13287, 15753, 14518, 15756, 13695, 14521, 15342, 13276, 14521, 10818, 15753, 12456, 13690, 12874, 14514, 13690, 12864, 11634, 14106, 14512, 12052, 16572, 12868, 16164, 13687, 14100, 11628, 15342, 10405, 14109, 14108, 13698, 12046, 16572, 12045, 14520, 12870, 12449, 14928, 13272, 13696, 12867, 14106, 10821, 15750, 14520, 12876, 14512, 10812, 13281, 13695, 13686, 14109, 14109, 14513, 13282, 14100, 9578, 12867, 13281, 12874, 12046, 12870, 13290, 16564, 10815, 14928, 13284, 13278, 14521, 14932, 15333, 14523, 13692, 14922, 17394, 13270, 13287, 13690, 10408, 15750, 13280, 13686, 12456, 12873, 12864, 14104, 10392, 13692, 12877, 12044, 11628, 16156, 13696, 14094, 13283, 11230, 12861, 13683, 14106, 15342, 14926, 14922, 14928, 11224, 14519, 16978, 13284, 12453, 13703, 13698, 14925, 14520, 14514, 13692, 14100, 12457, 10398, 14926, 8758, 14109, 13287, 12864, 14920, 14517, 12450, 13698, 12457, 14926, 11221, 14926, 13284, 14103, 12870, 9582, 15744, 14926, 11221, 13698, 13281, 15753, 14928, 13282, 12861, 14928, 14106, 13287, 12450, 13701, 11229, 12450, 14107, 15342, 14928, 14520, 13281, 14928, 13684, 14928, 13686, 13287, 12048, 15744, 14094, 11223, 12458, 16152, 13284, 16162, 12458, 12874, 13680, 13694, 15336, 10816, 13278, 16572, 15750, 13284, 15744, 12051, 9577, 13693, 15336, 12862, 13698, 10810, 14100, 14106, 13278, 11222, 11635, 12458, 12873, 16572, 10821, 10821, 14508, 14100, 14106, 14514, 12039, 13701, 13692, 13281, 12460, 12864, 13692, 12456, 15342, 13683, 13272, 12462, 14916, 14931, 12873, 14520, 12870, 14931, 13690, 11637, 14100, 14502, 14104, 12042, 14514, 12869, 14514, 12470, 12042, 17394, 13284, 12049, 15753, 14100, 15744, 14097, 14106, 13695, 10815, 14518, 14517, 13692, 15748, 12865, 12873, 12870, 13284, 12036, 14922, 12864, 13281, 11640, 12871, 14928, 13287, 10402, 14916, 12465, 12049, 13278, 13701, 15336, 11636, 14928, 12868, 15750, 12870, 13686, 12460, 15330, 11637, 13695, 12874, 13281, 13698, 16158, 14100, 14107, 14110, 15339, 12051, 11634, 11217, 12456, 15336, 12874, 14109, 12450, 12045, 13690, 12461, 12459, 12870, 14106, 13690, 14106, 14928, 12465, 12870, 14508, 15752, 10810, 14931, 12048, 12459, 14928, 13689, 12450, 11220, 12456, 16986, 10403, 14104, 12045, 13686, 13692, 14928, 11214, 14518, 12047, 14520, 13693, 13690, 13698, 15330, 15754, 13695, 16566, 13692, 15340, 12454, 9162, 14106, 14104, 12450, 15339, 14922, 14928, 15750, 13684, 12462, 14517, 14109, 16980, 11226, 15336, 12462, 12450, 14109, 15750, 10821, 14928, 12868, 14928, 10810, 13695, 14922, 10411, 15750, 12042, 14521, 12456, 10401, 15330, 14922, 12454, 16152, 16158, 10810, 12873, 14928, 14928, 11643, 13272, 11637, 12450, 13278, 16166, 15333, 16980, 12870, 13287, 14518, 15336, 16158, 13692, 11628, 11632, 16980, 14522, 13276, 13284, 14922, 17394, 11628, 16162, 13278, 15342, 11632, 15753, 12054, 12868, 12456, 14518, 14514, 11220, 14508, 13281, 13272, 15750, 14520, 14512, 14520, 13272, 13696, 11226, 12462, 15342, 10819, 12454, 14922, 16566, 11224, 14518, 12450, 14100, 13690, 12877, 12864, 13690, 13281, 12876, 14514, 12873, 13278, 12049, 12456, 14934, 12048, 16156, 11632, 12459, 14108, 14931, 13692, 15747, 12864, 13698, 13281, 12871, 13278, 14112, 12459, 10401, 15748, 14922, 12045, 16984, 12051, 11224, 16158, 13272, 16164, 14506, 11630, 14931, 10809, 12868, 12462, 14928, 12036, 14520, 12870, 14101, 12876, 13272, 14101, 12042, 13287, 16164, 12459, 15750, 15342, 14100, 13693, 14922, 14514, 15340, 12873, 14106, 13278, 13272, 14109, 12450, 11218, 11643, 16162, 10821, 12864, 14515, 12054, 14925, 12864, 11635, 17394, 12456, 15336, 13282, 14512, 12453, 16158, 13278, 16566, 11626, 15340, 13284, 12470, 13286, 12456, 14518, 13692, 12874, 16158, 14916, 16980, 12459, 13278, 12055, 14109, 14514, 14106, 12457, 8766, 12869, 15334, 11637, 13287, 13692, 15334, 12876, 11641, 10815, 12454, 14100, 14922, 15342, 12870, 15330, 12874, 12040, 14508, 12867, 16572, 13278, 15342, 14100, 13695, 11631, 14518, 11643, 14100, 9989, 15750, 11217, 16156, 15330, 16159, 14512, 11230, 14109, 13272, 14514, 13281, 12868, 14922, 13284, 11223, 15336, 12864, 11637, 14104, 14109, 11636, 17394, 12873, 15747, 13281, 14514, 17394, 11217, 11643, 11632, 13686, 13278, 14100, 15750, 10398, 15334, 12873, 14515, 14928, 14925, 13284, 12042, 16572, 14100, 13693, 12461, 11633, 13692, 11223, 14100, 15744, 12870, 15336, 14928, 14104, 9171, 12048, 13279, 13686, 11635, 12456, 16152, 13691, 13272, 14518, 12874, 9993, 13284, 12050, 15336, 13284, 14100, 14107, 9588, 15328, 14514, 11637, 14932, 14931, 14110, 13695, 11632, 12052, 16162, 12450, 15750, 11220, 12458, 14928, 13701, 10399, 15330, 11219, 13285, 12051, 15340, 12862, 14520, 12459, 12048, 13690, 12042, 12455, 16980, 13287, 14106, 14508, 14517, 12048, 14100, 13693, 15340, 14109, 12876, 14925, 10399, 13276, 14103, 12868, 10392, 13281, 14928, 11225, 14109, 10814, 12462, 12456, 14922, 12462, 13691, 13288, 10402, 14928, 14932, 12045, 16162, 12048, 12048, 13278, 16162, 14109, 14521, 14106, 14932, 15343, 14518, 13689, 13692, 14100, 13278, 16572, 10396, 13282, 12054, 14518, 16564, 14106, 12462, 12462, 11631, 13696, 12455, 13690, 16158, 14520, 12873, 15744, 12877, 14518, 12459, 13690, 14522, 13288, 10815, 11638, 12456, 15750, 9570, 17394, 12450, 16986, 15340, 11637, 14922, 16572, 11634, 13284, 13686, 14512, 12465, 13690, 14106, 12864, 14922, 14514, 9993, 14925, 14922, 9577, 13278, 14514, 12868, 14514, 14928, 9577, 13695, 15744, 15744, 14926, 14520, 11229, 17802, 12459, 12454, 13276, 15750, 12046, 12046, 11222, 12874, 13690, 15750, 11635, 14928, 16575, 14520, 13287, 14926, 9994, 15340, 15750, 14106, 13270, 13690, 12456, 14110, 13686, 14104, 11226, 13287, 10806, 9584, 12870, 14100, 11637, 15340, 10811, 12874, 12042, 16161, 12043, 15342, 14928, 12456, 15336, 12040, 12876, 14104, 13282, 12865, 13282, 14106, 11633, 14928, 14520, 14514, 11217, 13686, 13282, 14923, 11634, 14514, 15750, 13286, 12046, 12048, 12454, 14097, 14928, 13695, 12868, 14106, 16162, 12463, 14109, 14922, 16164, 14109, 12460, 17394, 11642, 15750, 13698, 14512, 11224, 17394, 13284, 12874, 13686, 14928, 13278, 14513, 12046, 11226, 15342, 14100, 14517, 11226, 15750, 13278, 14100, 14100, 15344, 10810, 16152, 12051, 13287, 12460, 15336, 11637, 12046, 15753, 13701, 12054, 14106, 14925, 13693, 13692, 17398, 18216, 13278, 14512, 11233, 15336, 11218, 17806, 10398, 16158, 12871, 12042, 16980, 13698, 15330, 15750, 13278, 13686, 13284, 13281, 13276, 11226, 11637, 15330, 12458, 14518, 11640, 13278, 13692, 14107, 11634, 14517, 10398, 14094, 14926, 12863, 16986, 14512, 12870, 13691, 12466, 12460, 15750, 12051, 14104, 14922, 14110, 11633, 13278, 12864, 16152, 12466, 12870, 12862, 12464, 14109, 13684, 14109, 10810, 13287, 13684, 13692, 17394, 9988, 16980, 12053, 14508, 16158, 13692, 13288, 12456, 14103, 15342, 12040, 14106, 13288, 13284, 11634, 10402, 15750, 11640, 10819, 13288, 15333, 13690, 13692, 13290, 14106, 14922, 12452, 14928, 11634, 14922, 13680, 12050, 14506, 12864, 14928, 13270, 13692, 13699, 15342, 11229, 13693, 17394, 12861, 14514, 12046, 12046, 14928, 12876, 14508, 11640, 14506, 14100, 10815, 14518, 14931, 12454, 12874, 14103, 13290, 12045, 11633, 15340, 13692, 12868, 12864, 15344, 12462, 14094, 11634, 12862, 14104, 13692, 15337, 12873, 15340, 14931, 13695, 11229, 10815, 12456, 16162, 14511, 13280, 12459, 15340, 12462, 13686, 10399, 14920, 12870, 15336, 12870, 14515, 14520, 14110, 15330, 14928, 13696, 12877, 14514, 12454, 13686, 9988, 13288, 14100, 9171, 14107, 14518, 14508, 14931, 14518, 14103, 13282, 13281, 14514, 12871, 14928, 11635, 13284, 14098, 15342, 14925, 14922, 13698, 14515, 17394, 9987, 14100, 16984, 14512, 15339, 14517, 10818, 14518, 14514, 14112, 11640, 15334, 13699, 13278, 13287, 13278, 12465, 14104, 16164, 12462, 14103, 11638, 12450, 13690, 12858, 16572, 13686, 14514, 14514, 13287, 13684, 16566, 14106, 12054, 12864, 14097, 15330, 13686, 15342, 14929, 11638, 14518, 12051, 13698, 12867, 14520, 14100, 15324, 13693, 13692, 14926, 15744, 14110, 16572, 11634, 13287, 11628, 14518, 13287, 12861, 13686, 13290, 14100, 14931, 12465, 15336, 14508, 12870, 14922, 14508, 15330, 13686, 13281, 12462, 13686, 15336, 13690, 15330, 13691, 13287, 12862, 12459, 12462, 14925, 14104, 13692, 15336, 13701, 12876, 14514, 13286, 11634, 14107, 14103, 12864, 15754, 14514, 14514, 13686, 14517, 12876, 14926, 12042, 14931, 13699, 14100, 14520, 12465, 14516, 11217, 15750, 14514, 12876, 11637, 14502, 12465, 14100, 11223, 14514, 12051, 14100, 12456, 15340, 16158, 14931, 11640, 11224, 14100, 11635, 12453, 12867, 15336, 13690, 12463, 14103, 15336, 12047, 12864, 12462, 12041, 13690, 13692, 14514, 13698, 12876, 15336, 11643, 14508, 13691, 11632, 14922, 15750, 14100, 12453, 14928, 11637, 12876, 14521, 13690, 14929, 13278, 12868, 12864, 12462, 14926, 12456, 14109, 12448, 14110, 14109, 14916, 14928, 15340, 9576, 12868, 14098, 14104, 11634, 14097, 12868, 13692, 11227, 14928, 13696, 15324, 15334, 10812, 14098, 17394, 14926, 13278, 12459, 15339, 12462, 13698, 14926, 14514, 13690, 12862, 13284, 14929, 14100, 12462, 14928, 13276, 13689, 12874, 12862, 13287, 11217, 12049, 12462, 14514, 13690, 11220, 12459, 11638, 15744, 11226, 15750, 16158, 13280, 12054, 14100, 14520, 12869, 13278, 15750, 11636, 14922, 9579, 14514, 12868, 11223, 15750, 14100, 13281, 9991, 16572, 16572, 15750, 12874, 13272, 16162, 12873, 15744, 13281, 12456, 13284, 14097, 16572, 14098, 11218, 13287, 12874, 13698, 10815, 15342, 13281, 12864, 13693, 12459, 12458, 14512, 10811, 13696, 14103, 12874, 14109, 11220, 16165, 13690, 12047, 13284, 14520, 15335, 13696, 11634, 12462, 14925, 13696, 12456, 14521, 15753, 15342, 12864, 17808, 14922, 14512, 12459, 13684, 14109, 16158, 12052, 13278, 12870, 11637, 15339, 14100, 12456, 14514, 13693, 15750, 13281, 16161, 14928, 16158, 14103, 12048, 14922, 14508, 14109, 15340, 14106, 14104, 12051, 14514, 16162, 11641, 15342, 12048, 12871, 13284, 12864, 14106, 15744, 11643, 14100, 13275, 13278, 16158, 13695, 14520, 12867, 10396, 15750, 10404, 14517, 14520, 13281, 14514, 14922, 12048, 12052, 14922, 13282, 12869, 12462, 15748, 14098, 14106, 14928, 14506, 14104, 13276, 12459, 12870, 13690, 15336, 14928, 13281, 10815, 13282, 13281, 13278, 14103, 12868, 12456, 12868, 14103, 13692, 12453, 14508, 12048, 13692, 16156, 14520, 12462, 12046, 13281, 13282, 16572, 13278, 15744, 14517, 14508, 12873, 12874, 14106, 16156, 14521, 12043, 14931, 15340, 12460, 13690, 14508, 12040, 14106, 14514, 13272, 12460, 16572, 12465, 13284, 12873, 13695, 14100, 14515, 14928, 12048, 14103, 12041, 14104, 14108, 15330, 12039, 14104, 12460, 12450, 15750, 12870, 14109, 14106, 15750, 12867, 15336, 11221, 12868, 14934, 14922, 12456, 12868, 10410, 14106, 14516, 12870, 14109, 15753, 13690, 12052, 15336, 14928, 11640, 12054, 14518, 13684, 14100, 13287, 14922, 15744, 14106, 13278, 14514, 12048, 15750, 13686, 15342, 13686, 13280, 16984, 12876, 13692, 14926, 11226, 14094, 12454, 14110, 12864, 14520, 12873, 14502, 13692, 16980, 11641, 14098, 11632, 16980, 12870, 14103, 11229, 14106, 12456, 14919, 12867, 12464, 13686, 15750, 13678, 9579, 14930, 11218, 13696, 16158, 12456, 14518, 13696, 15744, 12036, 11220, 14103, 12454, 15330, 16576, 13270, 11637, 17394, 14508, 10396, 10821, 12047, 15340, 15738, 14922, 13282, 16164, 13282, 17806, 16162, 14103, 14520, 10816, 16572, 12042, 14104, 13698, 10806, 15336, 11230, 14931, 16572, 12042, 16158, 13287, 13284, 14514, 13692, 13281, 14520, 12868, 13281, 15330, 13284, 15328, 11632, 15744, 15750, 13692, 12048, 16569, 14109, 14106, 11631, 14103, 11638, 13276, 11625, 13287, 15744, 16166, 12040, 12870, 10819, 13698, 15753, 12460, 14926, 14518, 14922, 14925, 16572, 14106, 14098, 9987, 14106, 13692, 13700, 15330, 13278, 13696, 13692, 13282, 13284, 14103, 14104, 12874, 15340, 12459, 12864, 12052, 15330, 12046, 14922, 13278, 14922, 12870, 14931, 11632, 12465, 11632, 12459, 11224, 12862, 12466, 11230, 13286, 15753, 12868, 13284, 14931, 13278, 12876, 16566, 13287, 14098, 15333, 14112, 15342, 12043, 14517, 13692, 13281, 12864, 14106, 10402, 16152, 14926, 13279, 15754, 10390, 13692, 14520, 14521, 15750, 10812, 15750, 11634, 16161, 14106, 14100, 16986, 13272, 11220, 12868, 13278, 14109, 12048, 14106, 14922, 13282, 14518, 16158, 11634, 14520, 14112, 14514, 14104, 14100, 14516, 12046, 16572, 15753, 11640, 12456, 16572, 12875, 14100, 10399, 16986, 12054, 14511, 13692, 15744, 11226, 12046, 12864, 14106, 12874, 13287, 14928, 14514, 14518, 13686, 14520, 13280, 13290, 14514, 11636, 14514, 14508, 10397, 12036, 8755, 13278, 13279, 12054, 14926, 9162, 15334, 14100, 14104, 14514, 13278, 14512, 15340, 8751, 15744, 12456, 15330, 15336, 14928, 11637, 14512, 15336, 11634, 11644, 13701, 16980, 12876, 16162, 13698, 15744, 13288, 12864, 17394, 12864, 12864, 15747, 14103, 12460, 14916, 11221, 13686, 14514, 15336, 15750, 14928, 14517, 13287, 14106, 14922, 15330, 15342, 16164, 14506, 12876, 12465, 13272, 13693, 16575, 13287, 13284, 13287, 15750, 14518, 14926, 14514, 14100, 13685, 13276, 12048, 14926, 14103, 15748, 13692, 14931, 14508, 12042, 13696, 14922, 14922, 11223, 13278, 12048, 13686, 14931, 12871, 12462, 12048, 13278, 14932, 11633, 12460, 13278, 13281, 14928, 14100, 13692, 13701, 15330, 12456, 12876, 13690, 12876, 15754, 17394, 12054, 12454, 12450, 12462, 13282, 14928, 14514, 16572, 14100, 12456, 13280, 14925, 16572, 14514, 15342, 12864, 14920, 12460, 12055, 13680, 14521, 13686, 12462, 16162, 11223, 13284, 13290, 14100, 10408, 14928, 14100, 13689, 12876, 12866, 14112, 15753, 14922, 15334, 14514, 15330, 15750, 9982, 14106, 13694, 11634, 15753, 13692, 12864, 13284, 12455, 15336, 12873, 14514, 14098, 13692, 14923, 13692, 11637, 11226, 15340, 13692, 12049, 13287, 12051, 16152, 11637, 12877, 13698, 13689, 13695, 12461, 14100, 16566, 10399, 11640, 17394, 12874, 12049, 13698, 14925, 14104, 13695, 12867, 16566, 15748, 12874, 14926, 14109, 13692, 14100, 13270, 16572, 14508, 15330, 14508, 15342, 14926, 14103, 12462, 15744, 9999, 16164, 14106, 14514, 12034, 16572, 13271, 13689, 13272, 12874, 12862, 14100, 13287, 13278, 14100, 12052, 13693, 13690, 16164, 16572, 12048, 16974, 9576, 13690, 14922, 11220, 12460, 12456, 15343, 14104, 12049, 14518, 14928, 13284, 15750, 12057, 14928, 14520, 13695, 14514, 15750, 14931, 9576, 14521, 14512, 16158, 13284, 13276, 13695, 12046, 13698, 12862, 15336, 13287, 9161, 12048, 12048, 14094, 12870, 13696, 15338, 14514, 14514, 12460, 12456, 14511, 13692, 12870, 12042, 13690, 11638, 15750, 11638, 16572, 13687, 14100, 16162, 14112, 13695, 11226, 12868, 12454, 16164, 13689, 14518, 13275, 12459, 13686, 13281, 15340, 9990, 12873, 13287, 14928, 14520, 14927, 13684, 12041, 14932, 14100, 12862, 14931, 14110, 11637, 13281, 15750, 16164, 13692, 14106, 12864, 12453, 16572, 14928, 14103, 15340, 15336, 10820, 14514, 14100, 13698, 13692, 12042, 12877, 14507, 14106, 14924, 11217, 15330, 16572, 9997, 14106, 14521, 16566, 13699, 13680, 12459, 12059, 15337, 14508, 15339, 14103, 10406, 13284, 13690, 11638, 14931, 13278, 14100, 12459, 17388, 14518, 13690, 13696, 11224, 14100, 12450, 12050, 13697, 13696, 13276, 13284, 14100, 12868, 13287, 16986, 9990, 12862, 13694, 15750, 12874, 15750, 16570, 14109, 11220, 15340, 12054, 12465, 13284, 13685, 15750, 11640, 12868, 14931, 13692, 12867, 16984, 12465, 12456, 14106, 14928, 12870, 13287, 16164, 15747, 13279, 12458, 13280, 14100, 12045, 14106, 14517, 9991, 13278, 13683, 14922, 14106, 13689, 12864, 13284, 12458, 12456, 13286, 13686, 11230, 15330, 12870, 13699, 14931, 12454, 14100, 14106, 14922, 13692, 12876, 14106, 13694, 12870, 16164, 12454, 13278, 14520, 12862, 10809, 14925, 15342, 11224, 13696, 11637, 15750, 9987, 17394, 11221, 11634, 12864, 14925, 14508, 15744, 16158, 13278, 11229, 14100, 13276, 14514, 16164, 11224, 9990, 14514, 9993, 15340, 15330, 16575, 9582, 13281, 13282, 12863, 11632, 10410, 10803, 13287, 13686, 10407, 14514, 10411, 15748, 12877, 14511, 9573, 14508, 13696, 15748, 15330, 13284, 12861, 12856, 12876, 13284, 14514, 11634, 11230, 14100, 11223, 13270, 12874, 14098, 10812, 13281, 11230, 14508, 14109, 11224, 11626, 12870, 11631, 12460, 12460, 14923, 13696, 14514, 10806, 12459, 10821, 16978, 11643, 14512, 12048, 14928, 14931, 10408, 14511, 14922, 15744, 13289, 10402, 13287, 13686, 13287, 12858, 14922, 13278, 12876, 14100, 13287, 12052, 15342, 13281, 13684, 16572, 14520, 15339, 13281, 14106, 14518, 12462, 14103, 11643, 13278, 13690, 12870, 11631, 14514, 14103, 11626, 14928, 13693, 13278, 11634, 16978, 12046, 13696, 16164, 14514, 12462, 14521, 14508, 12466, 12052, 11640, 15342, 12042, 12047, 14928, 13284, 14514, 13689, 13284, 14925, 13692, 14514, 13698, 12456, 14928, 14922, 12463, 12874, 14106, 12870, 14513, 14928, 13689, 13686, 14921, 14928, 13689, 14520, 10809, 14928, 13284, 10810, 11628}
Done logging to result_analysis/data_output/spy_results.txt.
Detaching from program: /Users/blenmac/Desktop/Research/CortexM_MPU_practice/Two_Cores/firmware.elf, Remote target
[Inferior 1 (Remote target) detached]
gdb -q firmware.elf \
	-ex "set pagination off" \
	-ex "set confirm off" \
	-ex "set logging file result_analysis/data_output/spy_results.txt" \
	-ex "set logging overwrite on" \
	-ex "set logging enabled on" \
	-ex "set print elements 0" \
	-ex "target extended-remote :3333" \
	-ex "p foo_time" \
	-ex "set logging enabled off" \
	-ex "dump binary memory result_analysis/data_output/spy_results.bin foo_time foo_time+10" \
	-ex "quit"
Reading symbols from firmware.elf...
Copying output to result_analysis/data_output/spy_results.txt.
Copying debug output to result_analysis/data_output/spy_results.txt.
Remote debugging using :3333
core0_main () at src/ex_6_flush_reload/cpu0.c:91
91	    while(1);
$1 = {9612, 8850, 6877, 8850, 8474, 8134, 10486, 10092, 10194, 10932, 9786, 9258, 10086, 8046, 9375, 8856, 8034, 9690, 7630, 8970, 7211, 10206, 9672, 10912, 10908, 9384, 10494, 6384, 5910, 5562, 5562, 5976, 6798, 5556, 6390, 6099, 5974, 5094, 5562, 5740, 6790, 10488, 11316, 10506, 9604, 8042, 9684, 8856, 10451, 8860, 6795, 8457, 8030, 8880, 12318, 8430, 10030, 11321, 8034, 9642, 9268, 10948, 8854, 12150, 10914, 10848, 10080, 8787, 10530, 9672, 9396, 10538, 9804, 8484, 10085, 8446, 8892, 12906, 10118, 8860, 9746, 9276, 9718, 7200, 8447, 10912, 7616, 10548, 8910, 7217, 11782, 10234, 8901, 10500, 8838, 8850, 8061, 9264, 7615, 10032, 12960, 11322, 10566, 9760, 8928, 8028, 11671, 8104, 7696, 8028, 11668, 12544, 11724, 8086, 8852, 8850, 8093, 10176, 7206, 9774, 10176, 9664, 8920, 9264, 7285, 9676, 9264, 9229, 10498, 8382, 8436, 8850, 9676, 9264, 11014, 8553, 8857, 6495, 8466, 5979, 9261, 6378, 8850, 6148, 9628, 9276, 7203, 9852, 6382, 8808, 6801, 7620, 5567, 9677, 8848, 9677, 8388, 7342, 8555, 5976, 5976, 4745, 5153, 5562, 5565, 6102, 5562, 6804, 7326, 6916, 5976, 5562, 5743, 6801, 9672, 12568, 6393, 10509, 11736, 11484, 8856, 8604, 11724, 8200, 10920, 8818, 9254, 10050, 9664, 10527, 9253, 11490, 7623, 9826, 9679, 10032, 8441, 10085, 8032, 8470, 10014, 10500, 10119, 9682, 12966, 8438, 12564, 8442, 8446, 10210, 10438, 8022, 10498, 10542, 9662, 9792, 10500, 11730, 9011, 8850, 8014, 11322, 10236, 9666, 11062, 8934, 8586, 10439, 7623, 10494, 9679, 11004, 10111, 8850, 9294, 8454, 7713, 7299, 8919, 8850, 8928, 10078, 10648, 10497, 9298, 8448, 10908, 9750, 10083, 9676, 8826, 9265, 7616, 8502, 7619, 9738, 8535, 10092, 10084, 8449, 8850, 9607, 10092, 8856, 8538, 8075, 7620, 6418, 10494, 7968, 8442, 6071, 8160, 10600, 10088, 8124, 8027, 10930, 8956, 7203, 8030, 9276, 7620, 10086, 8554, 9264, 12258, 8161, 8034, 9679, 9676, 6384, 5277, 5976, 5496, 5976, 6803, 4675, 5974, 6792, 5973, 6982, 6393, 6984, 8042, 8442, 9211, 8439, 9684, 8446, 9204, 9258, 10090, 6759, 8442, 7229, 10086, 14214, 11314, 10110, 7999, 9708, 7553, 10078, 8869, 10090, 10098, 8994, 10114, 9834, 10522, 10902, 11778, 12546, 8442, 8162, 9264, 8430, 8860, 9264, 9270, 10544, 8442, 9347, 9792, 10139, 12137, 6808, 8078, 6808, 7624, 9256, 11260, 7620, 9264, 8090, 11884, 9672, 12642, 8130, 9262, 10488, 9258, 10029, 10158, 10494, 8100, 10547, 9676, 8448, 9261, 9307, 9269, 8506, 11728, 9612, 13380, 10230, 7290, 6391, 9738, 8086, 9355, 9678, 9234, 8854, 5969, 7308, 9310, 10494, 10630, 8442, 10020, 8126, 9760, 8844, 9357, 9676, 7242, 8442, 5151, 9664, 9612, 8849, 8874, 5972, 7719, 6387, 6504, 7740, 8551, 7213, 9370, 10902, 8383, 9268, 7620, 8977, 10616, 7620, 6330, 9270, 10089, 6796, 5562, 5910, 5682, 5976, 5566, 5556, 5570, 5152, 7146, 5165, 6810, 7614, 7630, 12558, 10848, 8435, 12154, 8436, 9267, 10510, 10446, 8444, 10668, 10085, 9424, 9696, 11320, 10086, 7622, 9258, 7993, 10086, 8447, 12078, 8441, 8058, 8853, 10848, 10086, 10500, 7347, 8856, 10908, 9672, 10500, 12498, 12144, 8031, 11892, 7664, 9678, 11368, 8443, 9720, 10086, 7210, 9676, 11327, 9672, 13384, 10896, 12558, 10656, 9330, 7215, 8424, 12138, 10032, 10968, 10499, 8790, 7616, 9262, 9242, 9678, 10196, 10488, 9400, 10572, 10164, 9264, 9241, 9205, 8847, 10152, 7283, 10896, 10560, 9679, 8862, 9323, 8532, 7211, 10897, 8784, 9354, 8492, 9000, 9679, 9676, 8958, 7176, 9676, 7289, 6901, 8032, 7718, 11310, 10432, 10908, 9672, 7211, 8034, 8026, 11262, 8148, 8028, 7315, 8965, 8566, 11034, 10896, 8563, 8160, 9393, 8554, 8430, 7204, 5686, 5976, 5692, 6096, 5982, 12864, 12867, 15334, 10812, 13680, 12874, 14926, 16572, 12462, 13699, 13278, 10404, 12054, 14112, 14925, 14922, 13692, 12454, 12868, 14521, 13282, 12870, 12452, 14916, 12877, 14928, 14106, 14928, 14108, 14106, 12873, 16164, 12457, 13692, 13272, 13278, 12457, 14928, 14511, 16165, 15340, 13692, 15334, 11224, 16152, 14922, 12048, 14502, 12870, 14520, 16164, 14922, 12462, 10809, 14109, 15748, 14926, 11220, 15339, 13278, 12043, 13690, 12052, 14508, 12859, 12870, 14104, 15750, 11226, 16158, 14931, 13696, 13285, 15334, 12456, 13287, 13680, 16575, 16152, 12462, 12874, 15334, 14097, 14100, 13695, 14106, 13686, 14109, 13284, 16566, 13695, 14106, 12456, 15334, 14514, 17397, 11224, 12458, 12448, 14920, 13696, 16152, 16167, 10812, 15748, 12457, 13284, 14931, 14514, 14928, 16572, 13282, 14514, 15335, 10408, 15340, 14922, 15744, 14931, 11226, 13284, 13696, 11632, 16575, 12456, 13690, 13278, 13699, 15330, 14106, 15750, 12459, 14106, 14517, 12864, 12876, 14512, 12460, 12870, 14514, 14511, 10815, 13690, 12864, 12458, 11631, 12458, 13690, 11220, 14928, 13689, 12870, 13284, 14100, 12456, 14928, 12051, 12054, 16578, 12045, 14514, 15340, 14922, 14106, 11634, 16572, 10401, 13684, 10410, 11221, 14926, 11631, 13286, 17394, 13693, 13282, 10818, 14112, 14928, 14923, 13278, 15750, 12867, 14514, 13698, 14508, 14518, 15750, 15334, 12462, 14928, 12454, 12039, 13692, 12460, 17806, 12048, 12873, 12870, 15744, 14512, 12864, 13690, 11638, 14100, 12858, 15747, 11634, 14106, 12454, 12868, 12462, 11227, 13288, 12456, 13278, 13281, 13278, 13278, 12876, 13284, 15753, 14520, 15742, 16165, 12055, 13272, 14928, 12456, 14514, 10392, 16158, 12462, 11223, 12054, 12870, 14106, 14512, 14104, 11220, 12874, 12864, 10402, 14516, 13276, 13282, 11627, 15753, 13699, 12048, 11634, 14100, 12877, 10408, 16978, 13698, 14922, 13284, 13692, 16984, 14931, 13684, 13686, 12465, 16575, 13278, 15750, 14931, 12456, 16572, 12055, 14103, 15748, 12864, 11220, 11631, 15748, 14922, 12045, 12870, 13278, 15747, 14094, 14112, 11632, 12864, 14103, 13278, 14108, 13287, 12036, 13282, 15339, 13692, 12868, 13696, 13282, 14520, 14517, 14100, 13284, 13692, 12458, 12051, 15750, 13284, 12462, 12464, 15750, 14110, 12867, 10402, 11220, 12456, 13690, 13684, 14514, 12868, 14520, 13281, 13690, 14106, 12454, 14100, 11634, 13284, 12461, 16566, 10821, 13278, 12871, 11636, 14922, 16984, 13690, 12456, 15750, 12459, 12045, 14512, 13692, 14922, 14518, 11638, 13284, 16156, 14514, 12042, 12052, 13276, 13696, 14106, 15330, 11235, 12867, 13695, 12870, 13696, 12873, 13692, 11219, 13695, 12870, 12453, 10821, 13278, 11230, 10405, 15340, 13684, 14520, 14106, 14520, 14514, 14518, 14106, 16150, 15336, 13696, 10814, 14104, 13278, 14926, 14097, 10818, 13686, 13275, 16156, 13692, 14926, 14106, 13287, 13281, 14100, 14514, 10817, 14098, 12874, 13284, 13278, 13692, 10812, 14925, 11223, 15750, 13278, 10810, 14103, 11223, 13690, 13692, 12054, 13689, 14100, 13686, 15340, 15750, 12456, 14921, 12868, 13272, 12459, 15744, 13695, 13284, 14928, 10809, 12874, 14518, 14508, 13278, 15744, 14928, 13690, 12867, 12876, 13686, 13278, 14928, 15344, 15336, 13692, 12459, 14112, 14931, 13698, 14520, 14514, 13284, 13698, 14103, 14108, 13284, 13697, 12048, 15342, 13698, 14513, 12462, 9993, 14104, 13686, 12045, 14106, 12045, 16164, 15339, 13696, 14109, 13278, 13696, 15744, 12462, 16572, 12450, 12046, 16986, 15342, 13685, 15343, 14094, 13281, 13695, 15345, 12868, 12870, 13683, 14926, 14106, 15753, 14106, 12865, 12870, 12042, 13278, 14100, 13692, 13276, 15342, 13278, 14926, 13689, 11640, 12055, 14929, 15744, 9990, 15340, 14511, 12465, 12870, 14518, 13284, 15750, 11227, 16572, 11232, 12871, 15750, 14508, 14514, 13696, 14928, 14928, 14928, 16162, 14514, 13698, 16576, 14103, 12450, 14106, 13276, 14520, 14100, 14520, 16152, 13278, 12870, 15340, 13686, 14515, 14514, 12864, 12046, 16160, 12042, 12450, 16158, 14100, 12462, 15750, 14101, 10404, 14100, 15340, 11230, 14514, 13272, 16162, 15750, 13690, 13272, 14106, 13695, 14104, 15744, 14926, 12868, 15753, 14520, 14102, 11637, 16578, 11643, 14104, 13696, 14518, 15343, 12876, 13693, 13284, 14097, 12870, 12864, 12868, 12870, 14520, 15753, 13272, 12055, 15340, 12453, 14514, 11230, 13284, 15336, 12868, 15754, 13283, 14514, 14108, 14520, 14926, 13691, 12454, 15341, 14520, 11640, 12465, 9166, 14514, 12861, 14518, 13275, 12042, 14106, 12459, 11634, 15339, 14508, 12870, 15750, 15750, 14512, 12870, 12862, 17394, 14109, 13690, 13695, 12043, 14928, 12045, 15340, 14106, 14109, 13284, 14931, 12864, 12876, 13689, 11627, 12043, 13696, 14103, 12049, 14106, 13692, 14509, 15744, 15750, 9994, 14103, 13680, 14930, 14106, 11637, 13698, 12874, 11233, 15336, 13278, 14522, 14511, 15342, 14104, 14922, 14916, 14928, 14508, 14931, 12460, 11224, 14525, 14106, 13687, 12454, 14097, 14517, 13692, 12039, 14931, 10817, 14112, 16152, 13287, 11641, 13695, 13278, 9988, 14108, 12858, 13692, 10809, 14928, 17394, 11229, 13288, 13287, 13696, 14512, 15747, 16566, 16984, 14517, 14100, 11226, 14916, 11640, 14102, 14922, 12459, 14928, 13686, 14928, 13699, 16158, 12864, 13693, 12874, 12042, 13278, 12864, 12456, 15340, 11632, 14097, 12042, 12867, 12045, 12869, 12048, 12059, 12462, 14922, 14514, 13272, 14922, 14922, 14512, 11225, 14518, 14502, 11644, 14516, 9570, 12868, 16165, 14103, 16158, 10808, 12046, 12039, 13284, 13278, 16980, 15336, 13282, 13690, 14508, 14109, 11626, 11229, 12864, 14515, 12046, 13278, 11220, 15750, 13284, 13683, 16983, 9586, 15336, 9585, 12876, 14514, 13693, 12462, 11224, 14922, 11223, 14922, 15750, 11626, 13276, 15340, 15340, 13284, 14514, 14109, 14520, 15340, 15748, 12460, 14104, 12042, 16158, 13278, 15336, 9993, 14110, 14916, 14518, 13691, 16158, 14109, 13692, 14520, 14924, 13287, 12454, 12462, 14100, 13692, 12873, 12459, 11632, 12453, 14108, 12864, 14928, 16164, 12448, 14104, 14101, 16164, 12870, 13284, 14514, 13690, 15750, 15342, 15750, 13693, 12460, 14916, 15340, 14931, 13686, 11220, 15342, 14104, 14520, 14923, 14928, 10810, 15340, 14106, 15340, 14928, 14512, 11634, 14922, 16161, 12456, 14109, 11638, 15328, 13698, 12868, 12868, 13287, 14922, 15343, 12863, 12051, 10806, 14518, 13278, 13278, 13278, 14520, 16980, 10815, 15347, 13278, 12874, 14514, 14502, 14922, 10401, 14922, 12051, 14103, 14103, 12858, 16164, 12459, 14515, 13282, 15336, 12040, 13695, 12054, 15339, 10806, 14110, 12455, 16572, 11640, 12465, 12864, 14922, 15334, 12462, 11229, 14514, 12459, 10407, 15748, 13692, 13284, 12045, 12870, 12862, 15330, 13287, 11632, 9169, 14514, 12459, 12042, 14514, 15336, 13686, 13686, 12867, 11637, 14106, 11634, 15342, 14100, 12050, 14514, 12874, 14109, 11632, 15750, 12046, 15747, 13284, 16158, 12447, 16572, 13284, 13276, 14517, 12465, 10800, 15342, 14928, 15336, 14109, 13284, 12864, 13686, 13692, 14518, 12868, 12869, 12864, 16158, 13692, 10819, 12454, 12454, 17394, 14100, 14110, 11220, 14520, 11632, 16986, 14109, 14512, 12874, 16158, 14514, 15744, 10818, 15330, 15342, 15340, 12461, 13280, 14928, 13692, 14514, 9169, 12870, 14106, 14922, 13700, 10814, 12459, 13698, 12877, 12462, 13690, 13699, 12465, 12874, 15750, 14512, 15750, 12460, 12876, 14929, 14100, 14508, 13684, 16572, 13284, 14512, 14106, 14514, 13692, 12048, 14106, 13692, 12465, 16158, 15750, 13692, 13685, 10390, 16566, 11217, 13698, 13692, 12456, 11220, 12863, 13692, 15750, 12454, 11223, 14520, 10800, 14515, 14513, 13278, 16572, 12044, 14106, 14104, 11229, 11636, 13698, 13698, 14514, 15750, 14931, 15342, 11220, 13281, 17388, 11640, 16572, 12456, 12460, 14103, 14508, 13282, 16560, 12055, 13278, 14514, 13693, 12045, 14508, 13696, 11218, 13278, 13281, 13695, 15753, 11634, 14109, 13284, 15744, 11226, 12456, 13698, 14514, 12048, 13692, 14508, 14930, 13278, 14100, 14931, 12459, 13686, 13282, 12870, 15750, 10401, 15330, 11218, 12048, 14928, 10809, 14106, 13684, 12459, 14922, 13686, 15342, 12876, 15750, 13274, 14100, 12864, 12874, 14105, 14514, 14508, 12450, 16164, 15747, 12464, 13282, 12864, 15750, 12868, 12049, 11214, 14928, 15744, 14100, 14106, 14106, 16984, 12456, 13281, 13686, 15750, 14106, 14520, 14511, 14106, 12459, 12460, 13284, 14515, 14922, 14931, 13281, 15336, 15744, 13287, 14920, 14931, 14512, 13690, 14518, 12864, 13686, 13696, 13282, 15330, 12876, 12458, 14928, 12868, 16158, 11637, 14104, 12877, 14106, 12045, 11633, 12861, 10398, 11227, 14106, 14106, 13689, 14518, 11626, 10412, 12041, 15336, 13276, 11223, 12052, 13282, 14928, 13276, 12462, 14515, 14520, 14521, 16566, 16152, 13278, 15340, 13287, 14512, 16158, 11640, 14519, 14928, 12054, 13284, 14931, 13278, 15339, 12456, 15342, 14521, 13690, 13692, 16158, 12043, 15750, 10402, 13278, 14106, 14931, 11640, 16566, 12875, 12466, 15744, 13287, 15333, 12048, 13699, 14100, 14932, 14514, 14514, 14109, 13692, 13687, 11634, 15753, 13270, 15750, 12868, 12055, 12862, 12047, 12862, 12051, 15751, 11224, 15754, 16575, 13284, 14104, 12879, 10812, 14508, 14520, 13289, 14100, 15342, 9993, 13698, 14094, 14103, 11220, 16158, 15753, 13695, 15336, 10405, 13282, 13284, 13281, 10816, 14103, 14926, 13278, 13282, 15334, 14514, 12048, 14512, 14522, 15750, 14514, 15342, 11230, 14518, 12858, 13284, 13689, 14928, 15336, 14928, 12054, 12459, 14922, 12874, 17394, 13696, 14514, 11637, 16575, 14932, 10804, 11632, 13277, 16162, 13696, 17394, 10407, 13282, 13698, 12456, 12045, 12045, 14928, 13276, 14931, 14109, 11634, 14104, 12456, 11224, 12456, 10818, 13692, 9582, 14094, 12868, 15342, 12465, 13278, 11225, 12874, 13280, 14517, 13698, 14926, 14110, 16158, 14928, 11637, 13281, 14100, 14514, 13690, 16572, 14104, 13287, 15333, 13284, 12872, 13692, 11638, 13680, 15345, 15336, 14514, 14106, 14094, 13278, 15748, 14514, 12870, 12466, 14515, 14106, 12450, 13698, 14922, 12048, 12042, 14518, 14514, 13281, 14100, 15753, 12876, 13685, 13699, 14100, 11637, 14104, 13692, 13288, 12048, 12448, 14925, 14109, 12459, 15754, 13686, 12876, 14517, 15750, 12867, 15336, 16566, 13692, 14112, 14106, 13281, 15339, 13696, 15339, 10396, 13284, 16572, 10400, 14512, 13287, 13680, 12040, 14100, 12460, 12870, 14104, 14922, 14514, 12041, 14106, 11634, 16158, 14104, 13278, 17394, 16566, 13695, 13278, 15750, 10810, 14514, 9984, 12870, 12459, 12868, 12046, 13284, 15750, 11638, 14101, 12876, 12462, 14931, 12858, 16164, 16570, 13282, 11631, 13696, 11224, 14508, 17808, 14094, 12464, 12868, 14102, 12864, 14104, 15750, 13690, 11634, 12870, 13684, 16566, 13696, 14502, 14922, 16986, 13686, 12454, 14931, 14920, 12465, 13684, 14109, 14932, 14100, 12046, 12876, 14109, 15342, 14100, 14926, 9168, 12454, 14922, 10821, 13690, 15753, 11220, 14925, 14931, 14926, 11631, 12869, 12039, 12870, 14100, 13692, 13286, 14521, 13696, 12870, 15748, 12868, 11224, 14922, 14931, 14104, 12461, 14922, 14106, 17388, 13699, 14919, 11223, 12858, 11223, 14106, 14920, 14922, 15333, 9987, 14100, 14098, 14100, 11228, 15328, 12870, 16572, 11226, 14109, 14106, 10821, 16158, 12868, 11629, 12054, 14934, 14514, 14099, 13281, 14106, 10408, 15340, 12460, 12048, 13270, 14922, 12046, 10818, 14506, 13277, 13689, 14518, 13285, 15750, 12048, 12046, 12462, 12456, 11217, 14922, 10404, 14922, 14100, 11229, 15336, 15744, 12462, 14928, 12873, 11220, 13281, 11631, 11214, 12453, 15343, 11643, 14100, 10817, 14928, 14100, 17394, 11212, 13284, 12045, 16572, 14094, 11628, 12863, 13695, 12453, 14928, 12456, 14928, 16980, 13282, 11640, 13698, 12868, 12450, 14920, 12868, 14502, 13692, 16572, 14103, 14109, 12456, 14103, 12874, 13278, 13290, 12456, 15750, 14094, 13695, 16164, 14100, 16158, 15750, 13692, 13692, 10805, 11226, 14521, 9576, 12048, 14106, 13285, 13684, 13694, 13278, 16572, 14518, 14928, 13692, 14104, 10808, 11628, 13272, 12867, 11637, 14514, 13272, 13282, 15750, 13281, 12864, 14512, 12868, 12465, 10800, 14518, 14098, 13278, 12046, 16152, 13287, 14520, 13287, 13280, 10401, 12450, 15750, 12871, 16158, 14515, 13282, 14514, 11637, 15750, 13284, 13695, 12459, 12874, 15343, 15336, 12861, 13701, 11640, 14922, 14511, 11223, 11220, 12870, 13276, 16158, 14928, 14514, 12867, 13686, 14104, 14508, 12864, 13692, 16572, 12459, 15330, 12459, 13286, 13278, 16566, 12867, 14520, 14109, 12448, 12465, 11220, 12462, 12874, 14100, 15334, 13692, 15330, 16572, 14106, 13280, 12462, 16570, 11631, 13276, 16570, 14928, 14916, 14520, 14106, 14502, 12870, 13694, 14514, 15337, 13692, 14106, 12455, 14922, 12459, 14514, 12870, 10822, 11220, 14100, 13287, 13692, 16578, 15744, 12873, 13692, 14100, 14511, 14928, 13686, 12873, 13278, 14514, 13696, 15744, 15750, 12861, 13690, 14928, 12858, 14922, 14512, 15336, 14520, 12051, 11639, 14106, 14928, 12870, 15342, 12873, 12870, 14100, 14931, 14098, 15750, 12046, 12868, 15750, 16156, 14928, 12459, 12463, 14108, 14514, 14100, 14100, 10809, 13282, 12876, 12864, 15336, 13699, 12864, 14931, 12035, 15340, 14092, 12456, 12048, 12460, 12456, 15336, 11634, 11632, 16986, 11643, 14110, 12873, 10810, 12453, 9168, 15753, 13686, 13278, 15750, 9585, 16986, 14920, 11643, 12876, 14931, 13272, 15336, 14103, 12456, 16164, 11643, 15342, 12873, 15342, 11641, 13683, 13284, 14094, 13287, 14928, 12862, 15750, 11628, 14106, 13692, 13282, 13698, 13696, 12048, 12042, 11226, 15750, 10804, 13692, 11220, 14514, 14512, 14106, 14094, 13685, 12462, 12462, 14517, 13686, 12462, 11227, 12868, 12459, 12045, 13278, 15747, 14100, 14104, 12456, 13276, 14518, 14514, 13686, 14922, 14916, 15750, 14514, 13698, 16978, 11640, 13279, 16154, 12868, 13696, 13270, 14106, 14103, 15750, 14106, 12873, 12450, 14104, 15336, 14520, 15336, 10404, 14518, 12465, 12054, 13281, 15334, 11220, 14109, 14100, 16161, 15342, 14520, 15747, 12048, 14922, 11638, 12046, 14926, 10392, 15336, 13278, 14928, 14106, 15336, 13281, 14106, 12868, 14928, 12456, 9988, 12051, 13281, 12462, 14100, 14920, 12453, 15342, 13287, 14928, 11226, 14518, 14100, 13276, 15336, 12462, 12868, 14926, 12040, 14514, 12457, 15750, 11634, 14926, 15753, 16161, 14936, 15742, 15744, 13278, 14106, 15336, 12046, 12876, 16161, 11628, 13695, 13287, 13699, 14928, 13282, 14106, 15336, 14916, 13698, 13690, 14104, 12861, 15750, 14925, 11638, 15750, 14514, 10821, 15336, 16162, 12048, 14502, 12864, 16572, 13284, 15750, 13686, 13282, 11229, 14100, 14514, 15750, 14518, 15336, 13690, 14100, 11632, 13696, 13686, 12870, 15334, 13686, 15753, 16158, 14520, 11223, 14914, 14922, 11224, 17394, 13695, 16164, 12858, 16566, 14106, 14928, 12870, 14106, 12459, 13282, 15342, 14928, 14110, 14922, 12458, 9579, 12876, 12049, 14928, 10809, 15342, 13686, 12459, 16152, 12870, 14508, 13278, 12864, 12867, 14106, 13692, 11632, 15330, 12869, 11638, 16980, 13284, 16162, 13691, 16572, 12862, 14108, 12049, 12858, 10401, 12864, 11225, 14514, 11637, 12050, 14106, 17806, 12450, 16578, 14928, 9996, 14516, 15336, 13693, 16165, 16986, 15336, 14106, 16162, 12459, 16572, 16566, 11224, 17394, 10812, 13287, 12867, 14506, 12874, 15334, 13276, 14520, 12462, 13693, 13284, 16152, 14925, 13692, 14106, 11634, 15750, 15756, 12459, 12048, 14098, 8343, 14513, 12045, 13690, 14512, 9988, 10810, 16572, 14096, 14508, 14517, 12046, 14106, 14109, 15330, 13282, 12454, 14932, 10807, 13284, 13278, 13698, 14502, 12868, 15340, 15750, 12042, 14932, 14928, 14514, 12454, 14517, 15340, 13276, 12044, 16572, 17394, 14100, 12045, 15750, 11230, 13278, 17394, 12462, 14515, 14106, 13686, 15748, 14100, 12049, 15336, 13696, 13692, 11224, 14924, 14106, 16980, 15750, 12870, 11631, 15756, 9986, 14514, 12864, 13278, 12873, 12048, 14508, 14928, 13287, 14094, 15336, 14513, 14109, 12459, 12868, 13699, 12051, 13284, 14914, 12462, 14932, 12870, 14517, 11634, 11631, 13692, 12045, 14520, 12030, 13692, 12047, 12462, 13686, 12877, 13692, 14931, 14097, 15342, 9582, 14922, 16162, 12454, 12459, 14103, 14515, 12465, 12876, 11632, 14512, 10400, 14100, 13689, 15336, 16572, 12862, 12052, 17394, 16164, 12448, 11634, 14109, 13288, 14104, 15744, 14512, 12044, 11628, 13692, 14928, 14100, 14100, 14508, 14103, 14512, 13278, 14103, 14509, 14928, 12870, 13698, 11640, 13281, 12462, 14514, 14100, 11230, 15744, 10396, 11640, 13276, 12864, 16161, 12045, 16572, 12048, 14928, 13686, 12874, 16978, 16158, 13698, 13270, 14106, 14922, 16572, 14518, 14106, 12049, 13281, 12465, 13288, 13278, 14518, 12864, 14929, 15339, 14928, 12465, 13278, 11628, 16974, 12042, 12038, 12454, 14928, 12464, 13281, 13684, 12876, 14514, 15336, 15336, 15342, 13284, 11227, 10816, 12864, 13698, 12868, 14110, 12453, 11634, 13281, 17394, 13686, 12874, 14100, 14928, 12462, 13695, 13684, 14520, 14100, 14513, 13284, 12459, 12858, 14928, 14518, 13686, 12457, 14106, 12045, 16158, 14922, 12874, 14106, 14100, 14920, 14520, 14518, 11634, 14512, 9994, 12456, 13690, 14514, 13692, 11220, 14517, 9591, 13278, 10810, 14922, 14922, 13282, 16152, 14514, 13686, 12870, 13695, 14514, 15336, 11633, 14928, 14107, 13276, 14106, 12460, 12873, 15748, 12454, 14514, 14520, 12867, 12870, 15750, 12051, 14928, 14512, 14931, 12045, 13698, 15754, 12870, 14506, 13692, 14520, 12453, 14928, 14928, 15336, 11633, 13698, 12874, 16572, 12052, 13276, 13692, 11223, 12462, 12462, 15334, 12456, 15336, 13287, 14922, 12453, 13278, 13692, 12870, 10821, 14099, 12456, 12042, 14108, 13272, 10814, 16164, 14104, 14514, 17808, 12873, 12876, 16560, 13272, 12465, 12456, 15342, 10405, 17394, 12869, 14514, 15750, 14106, 11220, 13287, 15744, 12466, 13692, 11224, 15340, 14100, 12450, 14512, 11629, 14100, 14106, 13278, 13275, 11224, 13276, 13276, 13279, 15336, 12052, 12869, 13692, 12868, 9589, 11224, 15336, 14098, 13284, 14108, 14110, 13689, 13690, 12036, 11640, 13287, 14515, 14098, 14520, 14518, 15334, 12867, 12046, 13680, 12862, 12870, 12459, 13686, 10408, 12870, 13690, 12864, 12870, 12465, 12048, 14518, 14100, 14110, 13692, 14100, 15336, 16980, 13278, 12861, 15336, 12871, 14928, 14109, 14916, 12872, 13698, 14514, 12858, 15343, 13693, 10818, 12874, 14109, 13698, 14514, 9172, 13692, 15342, 14928, 15748, 12045, 11232, 14098, 13695, 12874, 11630, 15750, 13691, 16164, 11217, 15748, 12877, 12454, 15336, 13698, 13287, 13283, 13698, 12870, 13695, 11634, 13278, 13686, 16566, 14512, 12048, 11631, 14100, 13699, 11633, 14512, 11634, 14922, 12462, 11222, 13281, 13698, 13687, 13278, 14103, 15336, 15750, 12454, 12462, 13698, 14512, 16162, 12874, 14100, 11223, 13695, 14104, 14107, 10812, 14109, 13278, 14100, 15750, 11637, 13276, 13696, 14106, 15330, 14922, 13686, 12448, 12453, 13692, 12874, 12454, 16164, 13695, 16566, 9994, 16576, 12052, 14104, 14922, 14105, 13692, 14106, 15339, 12044, 14928, 10399, 12042, 13284, 12042, 16152, 14109, 12456, 15330, 14928, 13281, 12869, 11641, 13287, 12864, 13698, 12867, 15748, 11227, 13692, 14104, 13692, 14928, 11637, 10810, 14100, 12459, 14922, 12874, 11634, 11638, 10815, 13690, 16164, 12459, 12873, 14514, 13696, 14100, 14512, 14928, 13692, 12872, 14514, 14107, 14514, 12040, 14928, 14106, 9583, 12456, 13278, 13696, 12045, 12451, 14520, 12879, 15336, 14928, 11640, 12458, 12876, 13281, 14926, 14110, 14106, 14109, 14508, 14110, 12462, 14922, 14923, 12048, 14928, 14517, 16162, 15753, 11212, 14922, 14507, 14928, 12460, 13278, 14104, 14103, 10404, 13286, 12870, 14922, 14508, 12460, 13689, 12459, 13282, 14100, 14101, 16986, 13699, 14928, 14922, 13278, 12456, 12048, 13278, 13276, 15330, 16576, 12876, 12864, 14922, 14098, 13692, 14508, 13282, 12873, 13282, 10808, 13696, 16158, 13284, 14928, 14514, 13284, 13281, 14100, 14104, 12459, 12864, 12048, 13287, 14106, 16152, 15336, 13284, 10805, 12039, 12052, 14100, 14512, 15342, 12042, 15336, 12462, 14520, 13284, 10816, 14928, 15750, 14922, 14514, 14925, 14512, 12462, 12873, 14922, 14100, 13278, 13686, 16572, 12456, 13692, 15753, 13696, 15342, 15744, 14100, 12045, 16572, 16572, 13695, 11226, 16158, 13288, 13281, 14110, 14106, 13276, 13696, 14518, 14109, 13273, 14106, 15324, 13282, 12454, 15750, 12867, 15343, 12056, 13692, 16984, 12864, 14514, 13695, 14511, 15342, 14932, 12459, 13276, 14100, 12048, 12456, 14931, 13698, 12864, 13280, 8344, 15330, 14106, 13279, 13698, 14511, 12456, 12054, 11631, 14512, 13698, 14514, 13695, 15340, 14508, 14520, 11225, 14100, 12459, 15750, 11220, 12460, 14109, 14098, 11217, 15750, 13289, 12450, 15340, 12462, 15340, 14931, 12048, 15330, 14931, 16158, 12870, 12867, 14106, 13686, 14109, 13287, 11230, 12040, 13282, 12868, 14109, 15334, 12868, 13692, 13693, 12864, 14106, 14928, 12873, 13680, 13281, 11224, 13689, 13693, 11634, 15342, 14515, 16572, 13278, 15750, 16572, 15333, 14518, 13693, 12040, 15753, 12459, 14922, 14103, 13284, 13690, 15334, 14517, 14508, 12465, 12044, 14922, 14928, 13272, 12864, 14518, 16152, 16164, 15336, 14514, 11640, 15744, 13287, 11640, 15748, 12873, 14928, 12875, 13284, 15340, 13287, 12868, 14926, 14103, 11637, 12039, 15748, 12054, 12462, 11229, 12864, 9591, 14104, 12864, 13286, 15336, 10398, 14511, 13284, 15750, 14924, 13696, 13692, 12864, 11643, 13282, 12874, 12046, 14922, 15748, 12462, 15753, 14518, 17394, 10812, 12046, 12456, 14508, 16986, 15339, 12456, 14518, 12861, 15336, 12870, 12462, 13278, 16152, 14098, 11221, 12876, 15753, 13288, 14512, 12460, 12870, 15750, 13287, 12873, 13680, 15744, 14518, 12864, 14512, 15336, 15339, 12874, 12049, 13287, 14100, 14931, 13281, 12048, 14928, 12454, 13287, 13699, 12465, 14518, 11232, 10404, 11637, 15750, 14922, 12451, 10818, 14517, 15747, 14106, 15336, 11635, 16572, 12459, 12874, 15340, 14928, 13275, 12462, 14514, 12048, 15330, 17394, 9997, 12052, 15340, 14106, 10821, 13272, 12052, 14518, 14514, 14931, 9170, 12456, 15342, 11634, 14514, 13278, 14916, 9586, 14100, 13696, 11634, 13281, 14109, 14100, 12462, 16980, 13287, 14508, 12873, 12876, 12861, 13692, 14922, 10401, 14926, 11642, 15750, 14100, 11634, 14931, 14514, 11643, 15744, 12048, 9981, 15330, 14931, 12458, 12449, 13284, 12460, 16566, 11640, 15753, 14106, 11636, 10804, 12043, 14928, 12459, 15336, 14514, 13278, 12052, 15336, 16158, 10405, 13695, 14925, 12870, 11631, 14931, 14110, 9160, 12867, 12870, 15750, 12048, 14922, 13691, 12456, 15345, 11640, 11645, 12465, 15750, 11214, 11641, 15336, 16572, 13278, 16572, 17394, 12874, 12453, 13703, 12462, 14916, 15753, 14518, 12465, 12052, 13275, 12460, 12051, 13696, 12460, 11636, 13278, 15342, 13287, 10408, 10810, 15748, 14106, 13689, 16572, 14508, 14507, 13680, 16572, 10815, 13699, 14928, 13281, 13698, 15750, 13691, 16986, 11631, 15750, 10398, 14520, 14100, 14512, 11627, 13692, 10407, 12460, 15336, 12456, 14100, 13278, 12051, 15744, 10806, 15343, 13286, 15753, 16162, 15340, 12459, 15742, 15340, 14922, 16164, 13276, 14097, 14928, 12452, 14925, 10812, 10804, 14514, 14106, 15334, 12039, 14518, 14520, 15342, 13686, 15750, 16162, 12456, 14100, 13285, 12868, 12051, 13278, 13692, 14931, 13276, 13278, 12454, 13276, 13689, 16578, 13279, 13276, 12459, 13284, 13287, 15748, 12450, 12043, 14514, 12870, 12868, 12454, 17394, 14926, 14104, 13278, 12040, 14103, 15744, 13695, 14928, 15750, 13690, 13278, 15336, 12465, 13692, 13284, 13696, 13281, 12870, 14106, 10404, 12869, 15334, 12046, 15750, 14518, 13278, 14922, 14514, 10393, 15336, 12873, 16980, 12048, 16572, 12042, 17398, 12459, 13684, 14928, 14096, 14515, 12462, 12870, 13696, 12870, 12877, 15744, 16560, 12036, 16164, 14103, 12868, 14104, 15750, 13690, 12867, 11637, 15744, 14523, 13685, 12046, 11632, 14514, 12462, 13282, 13699, 14100, 9171, 16158, 12858, 14928, 12046, 13689, 13287, 12456, 12049, 14106, 13692, 13692, 9169, 15750, 12450, 11229, 14100, 12873, 12870, 15340, 14512, 13288, 14928, 14922, 13696, 14922, 14928, 12459, 15336, 12456, 16980, 14101, 13284, 15333, 12052, 13698, 15333, 12046, 12048, 17394, 14100, 16164, 12868, 13272, 14109, 13278, 12874, 16578, 11636, 15340, 14508, 13287, 14100, 10408, 12873, 14512, 13692, 12464, 13272, 14925, 14922, 11634, 13699, 12874, 16162, 15750, 14098, 14922, 15342, 12456, 14931, 14100, 12870, 12045, 13275, 12453, 14104, 15750, 14520, 16158, 14928, 14106, 14100, 14098, 12870, 13695, 13278, 12456, 12456, 12864, 14922, 16158, 12465, 15754, 14922, 14106, 14925, 14928, 14931, 12466, 14508, 16158, 14518, 13686, 12456, 12048, 15748, 13689, 13278, 15336, 13680, 16164, 12862, 14922, 12460, 14922, 14928, 11640, 12864, 12876, 14926, 10815, 12868, 16158, 12870, 12459, 12054, 15330, 11226, 13692, 14518, 14097, 13698, 10815, 14928, 12041, 13698, 13284, 13699, 12054, 16572, 12871, 11220, 14100, 16158, 12865, 14511, 14103, 12046, 13278, 13703, 13278, 11640, 14100, 15330, 14109, 15750, 11232, 14518, 13290, 10821, 14928, 14508, 15744, 12051, 14515, 14514, 15336, 13692, 14107, 13698, 12465, 11220, 12870, 14109, 12460, 14926, 14520, 12047, 14109, 12864, 13284, 15339, 14100, 14106, 16158, 13693, 10818, 15750, 13692, 15342, 12864, 13277, 12046, 15744, 12873, 12864, 15340, 14109, 14508, 13270, 14106, 13689, 12870, 16164, 17394, 12462, 11637, 12456, 14931, 12448, 12454, 12456, 13689, 15336, 12453, 13686, 12045, 15746, 12053, 14514, 12460, 13698, 14100, 14106, 14928, 17397, 14106, 14517, 12046, 15339, 13698, 12874, 9168, 14520, 15339, 14100, 14928, 12042, 14515, 14515, 13284, 12052, 14092, 14928, 11222, 14928, 12459, 14922, 13276, 12046, 13272, 14922, 9583, 12040, 12054, 14520, 14098, 13278, 13698, 15330, 13680, 8341, 12864, 14520, 14523, 14092, 15744, 13696, 13696, 14106, 13690, 11628, 16572, 11226, 13698, 13693, 14106, 13281, 13284, 12052, 12456, 14928, 11640, 12463, 11628, 14925, 12456, 13275, 14109, 12868, 12864, 12456, 13686, 10398, 14100, 12870, 14928, 12043, 17394, 13695, 12042, 14930, 13284, 14517, 14928, 13278, 12866, 10815, 12877, 10402, 12046, 14516, 14928, 12052, 12045, 12460, 12462, 13287, 14502, 12873, 14916, 13689, 13274, 15336, 14514, 13686, 12868, 14926, 15752, 13284, 13692, 14512, 14928, 15753, 12460, 13275, 14520, 14107, 12048, 12053, 15339, 13272, 14094, 11221, 12045, 12450, 14511, 16575, 12045, 14520, 9168, 12868, 14520, 15747, 10395, 16162, 13281, 10802, 11218, 14919, 12462, 14515, 12052, 14103, 12041, 11644, 14928, 14100, 12046, 12462, 12460, 14926, 16572, 14922, 13686, 14928, 12460, 14106, 12864, 13696, 14931, 14514, 15342, 12876, 13281, 14104, 14520, 14106, 11224, 14104, 15750, 12463, 14934, 14928, 10401, 13284, 14926, 16155, 14922, 12048, 14106, 12460, 14511, 12048, 12870, 11638, 14925, 9988, 15339, 11637, 11643, 15336, 15744, 12870, 15340, 14103, 13689, 13686, 12448, 14103, 14520, 13686, 12459, 14514, 12873, 14100, 12034, 16156, 12049, 15339, 14932, 12874, 14104, 12043, 13284, 17806, 12876, 13284, 11643, 13695, 11220, 15342, 14925, 13696, 15342, 14928, 13278, 14512, 12870, 16986, 13284, 12465, 14104, 13690, 14514, 13284, 15336, 12868, 13690, 12456, 16566, 12870, 12455, 13278, 11223, 15748, 11637, 13281, 11634, 16572, 11214, 17394, 14928, 12867, 13284, 11217, 13686, 12046, 15750, 9578, 12459, 15334, 12864, 13693, 12868, 11632, 9577, 16566, 14520, 12864, 12456, 14920, 16156, 11631, 13686, 12051, 14106, 10809, 10402, 16984, 14928, 12868, 12052, 12879, 13276, 12045, 12462, 11631, 14520, 14922, 14100, 14106, 14521, 12453, 11640, 13281, 14100, 15750, 10809, 15750, 14925, 12054, 16156, 14106, 13695, 12049, 14926, 15330, 14512, 14098, 15336, 13696, 10404, 12465, 16572, 16164, 12462, 13278, 8755, 12454, 12048, 14928, 13691, 12870, 14926, 13287, 12862, 14517, 13276, 15750, 12870, 13276, 12049, 13272, 14931, 16986, 13281, 11634, 13696, 14100, 14103, 12042, 15744, 14926, 12046, 13284, 13278, 14514, 14514, 10401, 16162, 11631, 12862, 15342, 16165, 12870, 12051, 13278, 12046, 13288, 12052, 12456, 11634, 12459, 13290, 11635, 15340, 12867, 14098, 12453, 16572, 11227, 11226, 15342, 13692, 13287, 13686, 12049, 16162, 12048, 14925, 11223, 12048, 14512, 12876, 14108, 13686, 10815, 12042, 12456, 13276, 13282, 12870, 14928, 10402, 13286, 13692, 14919, 14520, 13278, 14916, 10804, 16572, 12462, 12858, 14100, 14103, 13692, 12044, 9171, 13700, 15333, 12863, 14094, 14100, 12453, 12870, 11637, 13284, 13691, 14928, 12450, 10816, 14520, 12039, 15343, 15330, 12456, 15340, 14922, 12463, 14106, 12456, 12873, 14922, 13699, 11638, 15750, 14931, 12870, 13699, 12870, 16572, 12465, 14928, 16572, 16986, 14931, 10408, 12867, 16164, 12042, 12046, 12456, 11634, 16986, 16572, 11225, 14110, 13272, 14100, 14109, 13281, 14521, 14922, 14512, 13281, 16158, 12037, 15336, 12865, 14100, 14105, 11628, 15753, 12048, 15336, 14516, 14920, 15336, 11638, 14932, 12042, 14094, 14922, 12460, 13686, 10812, 14106, 11232, 13687, 13692, 14100, 14931, 14508, 13698, 14922, 13284, 13695, 13282, 13692, 12867, 15336, 13698, 12879, 15336, 11643, 14928, 15342, 11638, 14922, 14512, 14520, 13694, 14106, 13272, 15328, 14931, 14928, 13278, 14094, 13690, 12874, 14106, 13278, 13690, 13693, 13282, 15744, 13693, 12872, 12048, 13692, 12042, 12048, 15330, 12462, 13692, 16572, 13690, 14518, 14514, 13284, 14109, 12456, 15340, 13272, 12870, 11635, 14106, 14103, 13284, 12874, 16158, 12864, 14100, 12454, 13696, 15747, 13692, 13278, 13701, 12873, 14922, 14109, 15336, 15750, 12868, 14103, 14922, 13287, 14922, 14106, 16162, 13696, 14928, 14106, 13282, 12870, 14109, 14518, 12864, 16164, 13699, 16164, 15750, 14928, 14925, 15754, 14520, 17394, 11637, 14520, 13278, 14515, 15744, 14103, 12870, 12048, 14107, 14931, 14514, 13696, 14521, 13687, 12870, 13689, 14100, 15744, 14920, 13284, 14106, 12459, 15750, 10816, 12867, 12870, 17394, 13278, 14928, 13680, 9994, 13692, 14922, 12462, 9177, 14928, 14926, 15336, 12042, 12867, 15342, 10809, 14932, 12874, 15744, 12462, 14109, 12868, 9994, 13695, 12046, 13284, 16156, 14928, 13276, 13278, 13690, 13278, 12042, 12873, 15750, 12876, 12054, 16560, 9994, 14103, 12869, 14100, 12042, 14521, 12460, 14100, 13696, 12865, 13278, 13692, 12871, 14517, 14928, 13284, 12462, 12874, 14502, 14110, 12450, 15330, 11643, 13696, 15340, 13290, 14098, 12876, 11217, 15342, 11640, 10809, 15340, 15330, 14100, 12870, 15339, 12876, 13684, 12042, 15342, 11633, 12450, 12871, 14104, 12870, 11224, 13698, 14106, 12048, 10818, 14928, 13686, 13284, 12453, 12053, 15334, 12052, 12459, 12048, 13281, 11634, 12460, 15342, 12046, 14928, 9982, 15751, 13284, 14928, 13690, 12870, 13692, 16164, 14098, 12871, 16572, 14922, 14106, 13686, 14100, 13278, 12046, 13278, 13284, 12459, 12454, 13278, 14506, 14104, 12046, 12052, 14922, 12456, 14931, 14514, 14931, 13284, 13284, 13278, 14928, 15750, 14931, 13281, 12876, 14517, 15342, 16165, 12870, 12051, 12045, 14512, 13281, 12459, 13278, 14934, 14106, 9174, 16152, 12874, 14103, 12462, 15744, 14932, 12048, 15334, 16152, 12871, 13284, 14928, 13694, 14926, 13686, 14520, 14508, 13687, 14108, 14514, 15750, 12864, 14932, 13276, 16152, 13689, 12866, 13272, 15334, 12867, 14520, 13684, 13692, 13276, 14517, 14928, 14514, 14508, 11634, 13278, 11628, 14509, 14922, 10813, 12876, 16164, 11230, 14916, 12864, 11638, 14100, 15753, 10814, 14514, 10398, 15336, 13284, 13693, 12040, 11226, 15752, 14104, 14502, 12457, 15744, 15342, 14928, 14926, 14928, 14109, 14518, 16566, 13271, 13696, 14520, 8752, 16980, 11230, 14514, 13686, 12042, 12047, 14926, 14103, 14928, 14103, 12463, 14926, 16162, 14100, 14521, 15342, 12456, 14508, 13281, 12870, 11634, 12046, 12462, 14514, 15750, 15337, 14928, 14512, 12057, 11634, 13696, 9993, 16980, 12866, 12465, 10815, 12048, 13278, 14926, 14103, 11235, 17802, 12039, 13282, 12864, 15340, 13683, 12876, 15744, 12462, 16162, 14106, 12873, 15342}
Done logging to result_analysis/data_output/spy_results.txt.
Detaching from program: /Users/blenmac/Desktop/Research/CortexM_MPU_practice/Two_Cores/firmware.elf, Remote target
[Inferior 1 (Remote target) detached]
gdb -q firmware.elf \
	-ex "set pagination off" \
	-ex "set confirm off" \
	-ex "set logging file result_analysis/data_output/spy_results.txt" \
	-ex "set logging overwrite on" \
	-ex "set logging enabled on" \
	-ex "set print elements 0" \
	-ex "target extended-remote :3333" \
	-ex "p foo_time" \
	-ex "set logging enabled off" \
	-ex "dump binary memory result_analysis/data_output/spy_results.bin foo_time foo_time+10" \
	-ex "quit"
Reading symbols from firmware.elf...
Copying output to result_analysis/data_output/spy_results.txt.
Copying debug output to result_analysis/data_output/spy_results.txt.
Remote debugging using :3333
core0_main () at src/ex_6_flush_reload/cpu0.c:91
91	    while(1);
$1 = {8544, 7622, 10908, 8157, 10908, 9268, 6390, 7172, 8880, 6493, 8442, 11010, 8026, 11262, 8446, 8139, 9660, 9388, 6909, 8557, 8143, 5974, 8444, 8440, 5276, 10908, 10494, 7620, 4925, 5682, 5150, 6393, 5910, 5153, 6094, 5568, 6510, 5568, 6390, 4680, 8850, 10486, 10084, 9436, 10494, 7378, 8856, 8802, 6382, 10920, 7154, 9672, 9264, 8852, 9006, 8868, 9272, 7558, 11724, 11724, 8785, 7651, 10524, 11323, 7361, 6798, 9672, 7595, 9304, 7762, 8859, 10492, 10492, 10226, 10098, 7656, 8431, 9673, 12070, 9672, 10947, 9672, 8437, 9679, 10085, 8034, 8446, 6798, 11358, 8013, 8377, 10506, 6027, 10896, 8916, 7626, 10146, 9267, 7720, 10966, 8037, 11375, 7208, 8909, 12126, 11328, 7666, 10092, 9667, 12214, 8438, 10492, 8928, 9270, 10154, 9672, 7338, 6461, 8436, 10470, 10908, 8572, 10074, 9340, 7710, 8448, 9738, 7621, 9264, 7716, 9756, 8844, 10182, 9269, 11826, 8034, 7320, 6382, 6538, 6798, 8141, 7615, 8880, 10909, 9270, 9786, 5559, 8956, 7212, 10452, 8436, 8441, 10203, 9678, 10679, 9276, 8022, 9387, 8028, 11034, 7738, 11036, 12138, 10026, 8568, 5560, 5976, 5341, 4331, 5698, 6166, 5976, 4267, 5974, 5505, 5572, 5568, 7391, 7216, 7143, 10092, 10484, 7626, 5976, 9678, 8856, 7624, 7980, 10084, 9678, 7231, 8436, 10248, 12552, 9418, 10912, 10914, 11257, 7656, 9414, 6798, 10954, 10906, 9672, 8824, 9670, 9610, 6834, 12142, 9612, 8035, 11328, 8794, 8896, 9790, 10089, 9254, 8850, 10548, 8027, 8136, 8901, 8448, 10146, 11263, 9324, 11736, 7708, 10096, 10554, 9264, 6483, 10084, 8914, 10080, 10152, 9266, 9718, 10092, 8516, 10116, 10091, 8524, 10908, 12215, 9207, 11332, 10200, 10091, 8940, 12544, 9319, 8976, 8030, 10223, 9394, 11400, 10490, 7698, 7707, 6795, 5638, 8038, 9348, 7618, 8070, 8128, 6840, 9676, 10650, 10500, 10486, 7969, 7207, 8440, 9666, 6503, 10092, 7986, 9282, 8445, 8957, 7206, 9798, 9391, 7212, 9276, 10902, 8563, 8140, 8445, 10620, 7738, 5976, 6096, 5153, 5273, 5566, 6800, 7212, 4750, 6100, 6513, 6798, 6160, 5974, 6324, 6392, 6810, 8866, 11318, 11320, 9432, 7618, 10902, 8027, 10097, 8856, 10914, 12144, 12906, 8844, 8446, 9672, 11076, 9258, 11074, 9258, 12137, 9612, 8490, 7615, 11454, 8032, 7617, 8064, 8376, 7203, 9268, 8434, 8030, 10080, 9663, 10500, 7967, 8448, 7619, 10548, 8556, 8083, 7310, 12192, 10084, 9264, 8498, 10500, 8089, 9263, 8884, 9672, 9773, 11814, 10560, 8858, 8544, 8441, 8473, 9330, 10168, 11724, 9334, 10092, 10135, 8518, 11328, 7704, 8448, 10986, 7619, 9750, 10222, 10498, 8856, 9406, 9670, 11376, 8986, 8130, 7614, 5662, 8940, 9672, 9768, 6874, 6385, 8070, 10188, 11730, 8026, 8938, 9672, 6798, 9772, 10494, 9204, 8441, 8440, 7722, 8559, 8964, 8843, 6805, 6510, 5984, 12138, 6918, 8032, 7743, 9376, 9382, 10206, 6799, 6096, 5571, 5281, 5976, 6382, 5686, 6798, 5496, 4737, 6378, 5154, 6570, 7218, 8854, 9690, 9852, 8041, 8440, 10098, 10494, 10098, 6794, 10516, 8850, 10104, 10260, 8850, 9274, 9014, 9264, 10236, 10492, 9673, 6763, 8434, 10938, 9234, 8496, 8007, 8850, 9314, 8024, 10914, 11313, 10950, 7200, 8441, 9666, 7608, 8844, 10534, 10086, 10546, 10200, 10122, 11325, 8189, 8485, 9256, 12134, 9696, 10498, 9336, 9252, 10434, 10908, 9264, 8510, 10086, 8446, 10842, 9678, 10500, 9730, 10587, 8928, 8478, 8032, 9356, 10086, 7620, 8925, 10978, 9682, 11736, 10170, 8442, 11805, 10562, 11394, 11321, 10896, 9262, 8448, 8946, 9678, 9672, 10147, 8954, 5159, 10086, 9261, 11310, 9366, 8035, 9358, 7206, 7317, 7629, 8472, 10604, 9678, 8952, 8544, 9288, 8856, 7206, 9798, 7638, 6384, 8033, 10198, 10906, 11443, 6810, 8034, 8148, 6099, 9792, 8970, 8562, 7630, 9262, 8864, 8988, 13692, 12456, 13692, 14926, 15750, 11221, 10804, 15336, 12864, 14925, 15750, 14515, 14100, 13278, 12045, 14514, 13287, 14094, 11643, 15750, 12461, 13284, 14512, 12042, 13284, 10408, 13281, 10398, 15750, 11637, 14922, 14514, 15750, 13686, 14928, 13687, 14106, 12040, 14106, 14925, 9994, 8751, 16572, 12870, 14097, 12052, 14106, 14928, 13695, 15334, 16980, 15744, 12054, 13287, 13692, 14925, 13290, 12866, 11640, 14922, 14517, 14520, 12457, 13278, 14103, 12465, 15340, 14517, 12048, 15750, 13687, 15744, 13689, 11232, 15744, 13698, 12454, 11641, 13278, 14508, 14514, 12870, 11636, 11226, 15744, 17394, 10402, 15343, 15744, 11632, 14928, 10396, 14922, 11640, 13690, 14106, 14514, 9990, 14109, 11634, 14102, 14103, 12459, 16162, 12456, 14926, 12042, 13284, 12460, 14931, 12862, 12048, 15750, 14925, 13287, 12867, 12871, 13281, 13692, 17388, 12048, 12042, 15343, 14518, 15744, 14514, 13695, 12874, 13281, 15340, 12862, 13690, 13281, 13278, 10810, 14922, 15340, 14106, 11226, 16158, 11220, 12043, 12456, 13699, 14920, 10817, 15754, 14502, 10401, 15342, 13284, 14106, 14108, 12462, 16158, 11224, 12858, 12870, 14922, 15336, 15744, 12864, 12862, 12040, 12456, 14106, 13686, 12041, 12874, 14100, 14100, 12462, 15342, 13692, 12456, 14106, 14926, 14512, 13275, 14931, 13288, 15748, 15750, 14104, 14512, 13281, 14106, 13696, 14931, 12466, 11224, 12456, 12046, 15330, 14925, 13284, 14518, 14100, 14517, 12043, 14518, 16566, 11634, 15340, 12873, 15330, 11634, 13693, 17397, 9990, 14109, 14922, 13689, 15750, 14110, 11225, 13686, 15750, 15750, 12871, 15336, 13696, 13284, 14514, 12045, 16158, 13272, 13284, 14514, 15330, 14109, 14518, 12048, 14106, 12868, 11632, 14106, 13281, 12453, 15339, 13686, 13276, 16986, 10410, 13698, 15336, 13690, 15744, 11628, 14926, 15342, 13272, 13689, 13290, 14100, 12051, 12465, 17802, 14512, 14106, 12864, 17394, 12864, 11634, 10401, 12870, 11640, 12046, 14922, 14520, 14518, 12457, 16164, 13284, 12864, 14928, 14100, 14929, 14916, 14508, 14928, 12867, 13696, 12460, 12870, 16164, 14928, 12864, 13284, 12461, 10812, 13686, 13692, 12871, 14106, 12868, 13282, 14932, 12045, 12054, 14932, 12048, 12456, 14509, 16164, 14928, 14512, 12052, 16162, 13286, 13686, 16986, 10804, 15342, 12450, 13278, 12459, 14106, 14523, 15336, 12040, 16164, 10821, 16566, 14108, 16158, 15744, 12462, 13692, 13276, 11220, 13698, 16162, 13287, 14094, 15744, 13691, 12034, 13284, 14922, 12872, 14109, 11637, 13278, 11212, 12870, 16156, 12864, 14106, 12864, 14112, 11229, 15343, 15330, 12045, 14515, 15336, 15748, 13698, 12462, 14101, 14922, 13282, 14100, 12877, 14100, 15340, 9987, 12045, 15336, 12464, 14106, 12872, 12864, 12867, 14922, 12045, 12873, 13680, 15748, 13690, 13287, 14508, 13281, 15750, 13686, 13686, 10809, 14931, 12870, 16572, 12460, 12041, 11220, 13682, 14928, 13689, 16164, 14099, 13690, 14514, 16158, 10401, 15340, 15342, 16572, 15744, 14106, 15330, 16986, 14931, 12456, 13286, 12048, 13285, 14106, 15750, 16166, 13276, 14928, 16158, 11637, 12870, 15753, 13272, 13276, 13278, 11637, 14508, 11235, 14106, 13284, 14926, 14508, 14106, 12873, 13692, 14508, 13692, 11224, 14928, 13286, 11634, 12451, 16152, 14928, 15333, 14928, 13680, 14508, 13696, 13282, 15750, 11224, 13281, 14518, 11230, 14100, 12459, 14104, 12871, 12040, 13281, 10812, 16161, 13284, 14518, 11626, 15750, 13698, 14109, 14926, 13278, 13287, 14509, 12462, 14517, 11626, 13281, 11638, 13680, 14100, 13686, 14109, 14928, 13281, 15336, 11634, 12876, 14517, 13695, 13278, 14932, 12465, 16570, 13689, 8348, 12459, 12868, 14098, 13690, 14514, 14109, 12044, 14106, 14100, 12463, 17394, 12864, 12042, 11638, 14104, 13696, 12465, 16162, 12870, 12046, 13281, 9990, 12456, 14109, 14098, 13282, 15750, 14109, 12456, 16566, 11232, 12461, 12870, 12868, 15342, 14512, 14510, 13698, 11220, 12876, 13282, 12459, 12870, 12459, 14103, 14103, 12456, 11226, 14928, 12460, 13281, 15336, 12048, 12868, 9162, 13276, 14100, 14109, 14926, 13278, 12465, 12049, 13284, 14928, 13692, 12873, 12870, 15753, 14514, 16566, 12046, 11637, 11637, 12043, 12864, 14109, 14110, 14928, 14916, 12042, 16986, 15753, 12042, 15750, 10395, 14922, 15339, 13686, 13690, 14931, 14094, 11635, 14100, 12459, 14106, 13692, 12448, 16986, 13686, 10806, 14928, 12456, 13696, 12868, 12050, 16572, 14928, 13689, 12048, 13692, 12460, 15336, 13692, 14916, 10815, 14926, 13690, 13695, 12040, 11631, 13692, 14102, 11632, 13287, 14098, 15750, 13287, 14514, 14109, 12042, 14517, 13282, 12042, 12046, 15750, 10816, 14106, 13287, 16566, 11227, 15342, 13276, 14928, 12454, 13690, 11631, 14931, 14518, 16572, 9988, 16158, 12456, 12864, 14928, 12868, 12048, 14106, 14928, 13284, 15754, 13287, 12462, 14520, 14106, 15336, 14922, 8338, 12040, 14928, 17394, 13690, 12867, 12873, 11640, 12460, 14928, 15342, 15750, 12871, 13698, 15738, 10813, 13698, 15738, 13287, 12456, 14109, 14508, 14928, 15336, 12876, 14103, 13282, 12870, 12864, 13686, 12454, 12861, 12046, 12048, 12464, 13686, 14922, 15744, 13278, 16162, 12456, 14928, 15750, 14100, 13282, 13696, 12457, 16164, 14517, 13689, 12460, 14922, 13687, 14928, 12876, 13686, 13272, 9985, 14521, 14109, 14106, 10813, 13275, 14109, 15334, 12462, 11634, 14516, 11224, 13683, 14928, 16158, 14928, 10395, 12868, 15750, 13282, 15744, 12458, 16164, 14506, 10815, 12040, 13694, 11217, 11224, 14100, 14928, 13278, 8350, 13288, 12873, 14920, 12876, 16572, 12455, 14514, 13272, 14514, 14094, 12858, 14922, 14502, 11633, 12046, 15750, 12862, 12876, 14922, 14928, 12867, 14928, 15340, 13686, 13698, 12459, 11220, 14925, 12456, 12055, 11640, 14928, 12462, 13692, 12871, 16152, 14106, 12870, 13695, 12876, 13684, 16164, 13278, 13281, 13698, 12864, 10809, 14508, 11634, 12050, 12054, 13692, 16152, 11220, 14514, 14100, 14514, 13290, 9987, 14502, 14520, 12465, 9162, 16164, 11218, 16572, 10401, 15750, 14518, 14514, 12450, 13280, 16569, 13686, 14922, 13689, 14520, 15750, 14514, 12873, 14517, 11640, 15339, 11640, 11224, 12870, 9987, 15750, 14518, 10806, 14106, 12874, 13281, 12456, 15748, 14100, 14514, 12871, 12460, 16161, 12864, 10407, 17394, 12874, 14106, 14099, 11227, 13278, 13698, 9994, 14100, 13287, 15744, 15747, 16575, 14094, 11224, 14520, 13698, 12042, 14514, 12454, 12046, 10392, 13692, 14514, 16575, 12870, 14922, 11228, 13695, 12460, 13284, 12457, 14106, 13698, 13692, 15738, 10816, 15340, 13284, 16986, 12861, 14512, 12456, 12858, 15747, 12877, 15744, 13282, 14506, 12870, 15753, 13695, 15340, 14520, 12465, 15744, 12042, 13689, 13278, 11640, 15336, 12870, 13282, 15330, 13698, 14926, 12057, 13698, 10411, 14512, 11230, 11638, 11631, 14100, 13287, 13690, 14104, 13278, 13282, 13690, 12870, 13694, 14508, 14106, 14517, 12462, 14508, 11634, 12042, 14109, 13288, 10812, 13275, 15753, 12465, 14928, 16162, 12870, 12869, 13272, 12048, 16158, 12874, 12879, 11217, 12046, 15750, 14094, 14922, 12462, 16572, 14511, 14926, 14916, 14929, 12465, 12448, 10810, 15342, 16162, 12868, 14104, 12052, 14109, 15342, 13696, 12864, 15336, 14931, 12868, 12862, 12858, 15753, 12040, 15747, 14109, 14520, 16575, 13276, 12879, 14926, 14106, 14100, 11641, 14100, 14924, 12459, 14926, 14517, 12034, 12052, 15334, 13281, 16566, 14106, 13278, 14931, 14518, 13692, 12870, 12462, 14100, 14928, 14106, 13278, 12042, 13695, 11217, 12876, 10812, 11637, 13282, 12466, 15342, 13686, 14521, 12871, 10816, 13684, 13686, 14930, 16158, 11629, 14932, 13276, 16164, 16158, 15336, 9987, 11634, 14517, 15756, 16164, 14928, 14514, 12864, 14109, 13280, 11634, 13693, 13701, 12864, 16578, 14928, 13698, 14109, 16570, 14516, 13690, 13288, 14922, 11223, 15342, 12456, 14922, 14509, 12864, 13275, 13698, 14920, 15342, 14508, 11644, 13282, 12868, 15328, 13698, 16164, 14106, 15750, 14922, 15750, 14520, 13696, 13692, 11638, 15340, 15741, 13278, 13692, 13698, 14523, 12454, 14926, 13696, 14094, 15750, 15750, 14106, 13278, 10810, 12454, 11634, 14928, 12868, 14928, 16575, 13689, 16984, 9990, 14520, 12456, 12867, 14514, 13281, 12047, 15334, 14101, 16572, 12045, 12466, 10399, 12874, 15330, 13281, 10815, 12876, 14931, 14100, 14106, 15339, 12054, 13278, 14100, 16984, 13698, 14098, 13287, 16566, 16166, 16164, 14926, 12049, 15334, 14516, 13284, 14931, 14922, 14098, 12865, 11224, 16162, 13697, 14508, 11228, 14107, 14517, 12459, 14512, 11634, 13693, 10812, 14928, 13690, 12876, 13680, 12463, 14928, 12870, 13698, 15342, 12871, 12048, 15336, 16566, 14928, 15750, 13278, 11637, 14100, 13284, 12463, 14931, 13272, 13286, 11217, 14508, 13278, 11631, 14506, 12054, 14928, 12050, 12459, 13284, 12463, 14098, 14098, 12460, 12448, 11643, 13692, 13698, 13695, 10816, 13692, 15744, 12456, 13696, 14922, 15738, 12051, 10816, 12870, 16572, 9983, 15744, 14104, 16164, 16984, 12454, 15744, 13692, 12862, 12465, 13698, 13693, 14109, 13272, 14932, 14100, 9983, 14100, 14100, 11638, 16578, 12858, 13686, 15750, 13287, 12870, 12868, 14109, 15750, 15742, 13695, 14109, 13287, 13276, 15336, 12052, 13284, 14100, 16980, 13686, 12456, 12456, 11631, 15750, 16986, 16165, 11634, 12463, 12870, 9579, 13696, 14518, 12868, 13686, 16572, 13284, 15750, 12858, 12876, 14110, 14922, 13288, 14931, 14109, 14099, 14916, 14922, 13689, 13288, 16980, 11632, 14100, 14926, 13275, 17394, 11628, 16158, 15750, 14928, 12862, 13287, 12870, 14928, 13696, 14931, 12046, 16164, 11643, 15340, 13696, 15340, 12037, 14106, 13272, 14517, 14518, 14517, 14518, 14920, 14514, 9996, 14928, 14928, 14094, 15750, 16164, 13278, 14508, 13277, 12046, 14518, 14922, 13283, 15334, 15340, 12879, 15340, 15340, 12043, 14508, 15750, 13686, 12874, 14931, 12055, 10810, 10813, 14106, 13686, 10401, 13284, 14518, 13690, 14108, 10396, 12877, 11220, 15754, 15340, 13287, 16984, 11230, 13284, 14520, 11226, 14518, 11230, 11634, 12871, 14514, 13286, 13695, 13278, 16572, 12870, 14925, 12459, 12870, 11227, 17394, 16158, 12463, 14106, 13272, 13272, 16572, 12045, 15324, 12048, 14106, 15336, 14106, 12041, 15340, 15752, 12870, 15750, 12867, 14106, 16572, 12868, 12874, 12870, 14521, 9580, 13686, 12858, 13284, 14514, 12456, 14514, 13288, 16572, 11223, 11229, 15753, 15744, 12866, 13701, 14916, 12461, 13695, 15744, 11640, 12874, 12868, 11635, 14106, 10405, 13281, 13690, 15343, 14928, 10405, 13698, 13701, 13696, 13281, 14100, 14100, 12468, 12051, 16164, 13287, 14928, 15744, 12045, 14106, 12456, 15336, 16986, 12864, 16158, 12042, 14520, 13696, 13278, 14103, 14928, 14100, 13278, 14925, 15336, 17394, 14922, 14098, 13696, 10396, 13278, 12871, 13697, 14928, 14508, 14106, 13281, 12456, 16986, 14521, 12042, 14928, 13698, 11636, 13692, 16572, 14512, 15744, 11220, 17394, 12054, 13689, 11643, 12453, 13272, 14931, 12459, 14922, 13691, 13692, 13287, 14520, 13684, 12042, 15342, 12861, 12456, 14097, 15340, 14512, 12042, 13696, 12458, 13275, 11632, 14103, 13276, 13282, 15340, 13690, 13282, 13281, 14106, 12448, 12459, 15340, 13275, 10812, 12456, 15343, 14925, 12864, 15750, 15336, 10806, 14104, 10812, 12051, 16164, 14928, 16152, 15744, 14508, 13287, 12462, 16158, 12865, 13686, 13281, 12868, 12038, 12874, 14928, 12052, 14518, 14508, 9984, 15336, 12870, 17802, 14100, 12042, 12045, 14104, 14106, 15340, 15333, 12041, 13680, 13284, 14518, 14508, 15334, 12879, 12045, 13278, 12450, 14520, 14920, 15339, 13288, 13698, 14106, 15744, 9994, 14098, 14100, 17394, 12465, 9999, 11634, 12040, 14517, 12048, 11643, 14094, 14106, 13272, 13276, 13693, 15744, 14106, 12864, 12048, 15750, 12870, 14916, 13278, 12875, 13698, 14506, 14929, 14104, 12870, 13276, 12042, 15750, 14931, 14922, 12870, 13285, 13696, 15342, 14926, 14520, 14107, 13278, 13696, 14094, 11226, 16572, 16165, 13686, 12048, 16986, 12456, 13690, 13278, 12864, 11637, 13285, 14928, 12460, 12040, 14517, 12045, 12048, 14508, 13692, 12459, 15336, 12456, 10816, 13690, 12048, 12870, 15745, 11228, 14506, 15744, 16984, 12465, 11638, 15750, 12862, 13698, 17802, 12451, 15340, 13278, 14928, 11643, 11643, 14514, 14922, 14110, 12462, 14103, 13287, 16984, 12454, 10815, 14514, 13278, 14926, 13284, 12456, 15333, 12454, 16569, 12048, 14523, 14106, 14514, 13692, 18216, 14106, 13690, 13278, 14103, 12864, 11634, 14103, 14516, 12057, 11634, 13278, 16164, 13686, 11224, 13288, 14100, 15750, 12466, 13281, 15340, 14508, 14518, 14512, 12863, 12054, 12045, 15751, 14110, 14928, 16162, 14511, 13690, 16152, 14520, 13272, 12466, 12873, 14100, 12870, 12867, 11626, 13686, 13284, 12868, 11218, 14109, 12456, 15342, 9169, 15750, 12870, 10806, 12868, 14106, 13695, 11225, 12863, 13696, 14100, 13290, 13284, 14109, 13690, 11643, 16164, 13287, 17394, 11227, 15342, 14517, 15340, 14106, 13689, 15345, 12039, 12049, 11640, 14518, 15340, 14106, 16162, 12454, 13696, 15336, 14931, 12876, 12459, 14512, 14520, 12868, 14520, 15336, 13696, 14514, 15334, 14514, 14100, 14106, 12862, 13692, 14508, 12874, 13690, 14922, 13288, 13698, 12864, 10821, 13698, 14515, 14100, 12054, 14107, 11643, 14092, 12870, 16572, 14920, 12868, 12455, 13284, 11644, 15330, 14100, 11632, 12870, 11631, 14112, 14520, 14109, 13282, 15336, 12874, 11220, 13283, 15340, 12864, 13686, 14928, 12039, 12051, 15750, 14508, 13698, 14923, 16158, 12051, 13276, 8763, 14520, 14921, 12462, 12460, 14506, 11628, 11638, 12042, 12868, 13698, 12036, 9577, 14100, 15342, 15744, 13284, 13282, 13288, 13689, 15336, 14922, 14103, 14106, 12049, 14514, 14098, 16974, 14518, 13685, 14928, 11632, 13692, 15335, 14103, 14926, 13281, 10804, 12054, 14514, 14106, 13690, 15340, 11229, 16158, 14928, 12039, 13692, 12042, 15750, 13698, 15750, 14928, 10813, 13692, 14928, 10404, 11630, 14100, 13695, 15750, 11643, 13680, 14107, 14514, 14920, 15343, 13272, 14513, 14919, 16572, 11643, 12870, 14514, 12873, 14514, 14518, 11628, 12456, 12051, 14514, 12465, 10812, 11215, 13278, 12870, 11221, 11224, 12870, 14916, 12868, 13690, 12868, 13283, 12039, 11226, 13287, 14514, 14508, 14932, 14506, 15744, 11223, 13690, 14922, 13282, 14922, 16162, 12870, 12459, 13690, 14106, 14514, 14104, 15748, 12871, 13691, 12454, 14514, 11224, 16566, 14520, 16980, 11221, 14928, 13278, 12462, 10404, 14100, 11644, 12870, 14931, 14100, 13282, 14106, 11634, 16158, 16575, 12879, 14514, 14521, 13692, 14922, 15750, 13278, 12874, 14514, 16158, 13281, 16152, 14112, 13287, 14922, 14103, 11226, 10402, 15334, 13689, 12868, 16980, 10410, 14926, 13692, 17397, 11638, 13696, 13278, 11632, 12048, 15336, 14508, 13690, 13284, 13272, 13698, 14094, 14106, 12876, 13278, 14916, 15342, 12874, 11640, 10395, 13684, 13284, 14931, 12046, 14922, 11637, 12868, 13690, 11631, 11632, 12859, 12873, 15753, 12052, 16165, 13698, 13278, 15750, 15753, 12864, 14109, 10398, 14931, 12040, 12870, 14918, 13284, 15747, 11214, 14922, 14520, 15336, 14928, 11226, 13282, 13686, 12874, 13278, 14931, 11226, 15744, 10815, 11632, 14104, 15744, 14514, 14512, 14922, 12052, 15750, 14921, 11225, 14106, 14512, 12036, 16570, 12046, 13284, 12048, 14931, 13272, 13695, 14103, 12876, 12873, 14922, 12455, 11638, 14925, 14103, 14508, 15340, 14106, 15753, 15750, 11624, 15750, 11631, 15342, 13692, 12457, 14106, 12048, 12046, 15747, 13698, 9576, 15340, 10815, 14928, 14518, 13686, 13692, 13692, 14932, 12040, 12454, 14931, 16158, 17394, 12861, 12459, 14106, 12450, 15336, 14931, 14931, 12462, 13692, 13282, 16162, 14922, 14518, 10810, 12464, 14508, 15747, 12462, 15336, 15340, 10810, 14520, 12872, 12867, 14106, 12870, 14100, 14508, 14928, 14106, 16164, 14505, 12873, 11630, 10806, 13686, 14102, 12042, 13692, 12864, 11628, 13698, 12057, 14514, 13686, 14520, 14916, 12042, 14100, 13699, 10812, 15334, 13287, 14506, 12460, 12459, 12869, 15330, 9168, 12456, 12871, 18216, 15750, 13282, 12453, 16164, 14920, 13278, 13692, 14517, 14104, 14512, 10401, 14930, 13278, 14928, 12460, 13698, 12867, 14100, 12459, 13282, 14106, 12455, 12462, 14517, 12042, 10398, 14512, 11223, 15750, 14931, 12456, 14926, 10806, 12874, 14928, 14098, 16161, 16572, 12046, 14106, 12861, 15334, 14928, 12456, 14100, 11223, 13698, 12867, 12864, 14928, 13692, 16984, 14094, 13290, 14512, 11634, 12454, 14926, 13689, 15744, 12462, 12460, 14928, 12466, 14515, 14106, 13278, 14926, 12864, 11644, 14928, 10809, 16161, 14520, 14512, 14928, 11637, 13278, 15744, 11634, 14109, 12054, 16572, 10812, 13284, 14104, 16572, 14094, 15340, 11227, 16158, 13278, 13284, 14931, 9996, 13276, 11638, 13684, 11634, 12870, 14508, 12048, 14098, 14100, 14514, 13698, 15337, 14106, 12454, 16152, 12881, 11632, 15744, 11218, 13272, 14107, 12048, 11226, 13692, 15342, 12456, 15342, 13693, 14922, 12462, 15334, 14109, 15336, 12460, 14514, 14931, 14514, 14512, 11634, 17394, 15336, 14512, 15339, 13690, 11643, 15750, 14092, 11638, 14514, 16162, 12045, 9989, 10818, 16572, 13284, 12459, 12870, 13280, 16158, 15336, 13693, 14098, 12462, 14928, 14508, 11637, 15754, 12867, 14936, 14514, 14520, 13272, 14928, 14100, 12046, 16572, 14934, 14512, 13692, 14931, 13690, 13278, 13696, 15342, 14928, 12876, 14928, 12867, 14520, 11231, 14929, 15330, 14104, 13287, 12042, 13695, 13282, 16158, 14106, 10818, 16164, 10815, 14514, 14520, 13692, 12870, 12876, 12048, 14922, 14106, 14100, 14100, 12864, 15336, 13286, 12868, 12867, 14520, 12055, 13278, 14520, 15747, 14511, 14931, 13282, 14100, 12039, 13278, 10405, 12858, 12044, 13692, 14514, 13698, 16570, 14922, 12041, 14931, 13282, 11227, 14112, 11636, 14928, 16572, 13698, 15336, 14094, 14518, 14106, 14106, 13281, 14521, 13281, 14512, 14928, 13284, 13278, 14922, 12862, 13284, 12864, 13692, 14100, 12042, 14515, 11631, 14100, 13699, 13690, 10399, 13692, 13281, 12874, 13693, 16158, 11637, 14104, 16152, 12042, 13692, 14518, 12048, 13698, 13287, 14098, 14515, 13282, 11212, 12868, 11638, 14517, 13692, 15747, 14106, 12874, 14922, 12042, 13695, 13692, 8760, 12465, 10815, 12456, 12870, 13287, 12452, 12462, 13686, 12868, 13686, 13272, 15750, 14107, 15342, 12057, 14916, 14106, 13686, 13690, 12457, 12874, 12036, 14104, 12874, 14104, 16164, 15744, 13692, 14919, 16158, 12465, 14514, 14103, 12462, 11637, 15750, 15340, 16158, 13701, 13686, 11636, 13692, 14928, 14103, 14512, 14922, 11641, 10806, 15342, 12874, 12870, 14100, 12870, 16572, 12871, 15330, 13287, 16164, 12456, 12872, 12462, 13698, 15744, 10410, 14521, 12858, 14105, 14928, 13281, 11224, 12450, 14506, 13287, 11220, 14106, 13281, 14100, 11640, 12874, 14922, 16572, 13694, 9582, 14931, 12867, 14931, 12874, 14103, 13277, 13692, 10814, 12870, 13684, 13698, 13692, 14106, 15753, 14512, 13282, 14506, 13279, 12048, 13698, 14934, 12046, 12867, 14100, 14518, 12465, 9995, 15342, 12458, 14919, 12874, 14100, 12460, 15748, 12456, 13696, 13278, 14514, 14109, 12456, 13683, 14932, 13281, 13278, 11220, 14112, 14927, 12465, 14518, 14922, 11626, 14512, 12453, 13287, 11226, 16161, 14928, 14106, 15343, 12870, 14514, 9982, 14103, 13690, 13692, 12057, 12040, 14109, 13288, 10405, 14520, 12864, 16986, 11224, 14094, 11634, 14106, 11223, 14519, 15750, 13698, 12052, 13689, 12876, 11219, 12874, 10399, 12046, 14928, 14521, 10806, 13692, 13687, 17394, 12458, 13693, 16986, 15345, 12048, 14103, 14523, 14514, 12867, 15336, 14107, 14520, 15753, 13697, 12453, 12870, 15750, 14106, 14106, 13281, 12862, 16158, 11220, 14922, 10813, 12462, 14514, 14106, 14106, 15753, 14928, 16152, 11229, 9989, 11224, 12460, 14109, 14104, 13287, 13698, 14518, 13693, 12456, 14104, 14928, 11637, 11632, 12462, 13281, 11643, 15336, 13686, 12043, 14925, 14928, 12459, 12876, 12868, 14523, 12450, 13281, 10404, 15324, 12459, 12461, 14109, 12870, 13692, 13690, 12054, 11637, 14518, 14100, 12045, 14515, 13690, 14928, 14515, 12864, 12465, 14109, 14928, 11227, 15342, 12876, 13279, 12874, 12042, 12870, 15336, 10816, 16158, 13701, 14506, 12460, 14926, 13699, 12466, 14931, 14521, 13686, 12465, 16164, 16162, 14928, 15336, 14926, 12450, 12873, 15754, 14106, 12867, 14922, 13689, 14106, 15340, 11638, 14521, 14094, 15750, 13284, 14916, 14103, 14518, 12869, 12052, 14104, 11628, 12867, 14928, 13684, 14512, 12864, 10403, 15750, 11632, 14512, 12874, 16566, 12039, 14106, 15750, 14508, 14104, 11634, 13280, 13692, 16164, 12864, 14928, 14925, 12450, 14514, 12459, 14928, 12463, 14922, 13690, 12858, 14928, 11224, 13288, 13287, 14922, 13687, 15335, 14094, 14514, 14928, 12456, 12460, 14929, 12874, 15336, 14520, 14104, 14928, 13696, 12051, 12877, 14518, 12465, 12459, 16572, 11637, 13692, 13282, 13292, 13287, 12046, 14106, 12052, 13695, 14100, 12055, 11224, 12052, 10392, 16164, 10812, 14508, 12868, 11223, 15750, 12877, 12462, 11626, 14508, 14924, 12460, 12462, 12455, 12036, 14922, 14928, 16566, 12465, 12046, 14922, 14520, 14520, 14925, 13684, 13281, 12877, 15336, 12877, 14508, 14926, 13284, 15747, 12868, 14104, 13693, 14928, 14104, 12045, 13696, 10816, 14106, 13282, 12873, 13698, 14100, 15744, 14508, 13287, 12870, 14110, 12864, 16164, 15342, 12042, 13285, 14518, 13689, 13696, 13285, 12870, 14514, 14924, 15750, 13692, 14517, 14094, 12864, 14520, 13690, 14506, 15750, 9999, 14106, 12459, 14514, 14100, 15753, 14109, 16572, 11226, 15745, 12042, 16986, 12046, 17394, 16158, 13698, 12456, 12875, 14106, 12459, 13278, 9994, 13696, 16152, 13695, 12864, 12049, 13690, 13275, 14106, 13284, 10815, 14511, 12870, 15747, 13281, 12036, 14931, 10397, 10804, 12456, 11637, 16572, 15750, 15748, 10411, 13278, 13680, 12874, 14520, 12042, 14928, 13278, 15342, 16152, 13698, 14520, 14106, 16572, 14094, 14109, 12875, 14520, 15336, 11638, 14098, 14928, 12462, 11636, 14098, 14514, 16570, 14100, 12462, 14521, 10812, 14520, 12049, 12456, 14103, 13698, 11218, 16572, 9993, 16566, 12456, 14109, 15342, 12462, 15754, 16158, 15340, 12867, 13696, 16572, 11227, 13284, 14098, 12052, 12455, 13686, 16984, 11641, 12870, 11226, 13280, 14103, 13686, 14922, 12868, 11631, 13276, 13686, 12874, 13689, 13692, 12865, 12868, 16572, 10398, 13692, 16572, 12047, 12045, 11634, 15336, 14509, 15753, 14512, 14106, 14922, 12459, 12864, 15750, 14518, 12454, 14100, 11217, 16158, 14922, 12465, 13686, 14514, 15750, 15750, 12862, 16572, 13274, 13287, 13700, 14109, 13694, 14916, 14512, 16572, 12870, 14518, 14931, 14931, 12048, 13697, 12046, 13687, 13692, 14928, 14107, 12465, 16164, 12464, 14928, 11634, 14514, 11220, 14512, 12862, 14106, 14508, 14514, 12868, 16575, 15330, 12463, 12450, 14928, 16158, 11638, 12456, 12874, 10820, 16566, 12462, 14100, 12049, 13692, 13696, 14104, 12045, 14512, 10402, 14100, 13695, 15343, 11640, 15754, 14106, 14922, 15339, 14094, 14103, 15744, 12874, 9162, 13281, 14932, 12876, 12868, 14514, 12454, 15744, 14106, 14521, 14512, 16162, 11225, 11219, 14104, 14514, 13689, 13272, 13693, 14103, 13286, 16572, 13272, 13276, 13692, 15336, 14109, 13284, 13680, 13689, 14512, 12465, 12864, 14109, 13278, 16566, 14520, 13284, 12462, 17394, 12046, 12054, 14512, 12876, 10405, 15336, 14109, 14100, 12456, 13282, 11639, 17394, 14508, 16570, 14100, 13287, 14514, 15336, 15744, 13696, 14520, 12876, 15334, 13696, 14514, 14928, 14106, 12870, 15336, 12870, 12460, 13278, 15744, 15334, 12462, 14106, 13698, 13277, 14520, 14508, 13693, 12049, 14520, 15328, 14930, 15750, 12873, 14094, 12864, 13287, 11633, 14928, 13285, 12459, 14931, 11626, 14103, 16986, 14511, 11232, 13284, 15343, 16158, 11226, 14100, 11224, 14517, 14106, 16572, 11632, 15750, 13284, 15342, 12054, 12462, 12048, 14928, 10820, 13278, 14517, 12864, 11221, 12462, 11646, 14100, 10806, 15753, 12867, 14110, 12862, 13690, 13692, 11226, 14106, 12462, 15344, 10399, 13686, 12464, 13285, 15342, 15330, 16164, 12879, 12874, 13286, 14916, 13689, 13282, 12858, 14924, 15336, 15342, 15750, 12465, 15342, 14928, 14104, 16156, 13282, 12876, 14103, 13691, 14104, 15339, 12043, 14514, 12051, 15334, 13692, 13690, 11632, 14505, 14514, 14100, 10821, 14514, 14100, 13689, 13272, 16167, 16980, 13281, 14104, 14103, 16164, 12045, 12462, 12456, 14100, 14926, 15744, 14106, 14922, 15744, 12046, 15330, 14103, 14100, 12874, 14508, 12454, 13698, 13692, 13284, 12456, 15753, 16158, 14925, 14098, 10816, 11643, 12870, 11634, 12870, 13701, 13698, 14109, 14106, 13278, 13692, 14931, 14508, 12454, 16572, 16162, 12876, 16158, 14103, 12876, 13687, 13692, 13686, 14922, 13696, 10809, 12459, 15747, 12462, 12464, 11226, 14523, 14109, 13278, 14928, 12453, 13278, 14916, 14922, 14517, 16164, 13696, 14100, 11628, 12870, 14519, 14922, 12042, 16158, 12873, 14103, 13287, 11218, 15738, 16167, 13278, 14106, 11643, 14514, 15340, 14109, 16572, 12462, 14931, 14925, 11640, 13689, 14922, 13282, 14520, 14100, 11638, 12456, 14922, 16158, 16161, 14922, 14512, 16572, 13278, 15336, 12459, 15340, 13278, 16572, 14109, 16566, 14109, 14928, 13693, 14098, 13687, 15336, 15330, 12868, 14932, 12873, 15339, 13699, 11634, 13696, 14106, 14518, 14928, 11637, 14922, 13284, 16578, 12871, 13686, 14109, 10406, 11634, 11640, 14928, 15340, 15343, 14109, 11636, 13692, 14517, 14508, 12052, 14508, 14109, 14928, 14106, 13274, 11226, 15331, 13284, 15342, 14103, 12876, 14094, 13278, 14926, 14100, 15750, 13282, 15342, 13281, 12459, 12868, 12865, 16572, 12051, 17808, 12051, 16980, 13276, 14106, 14106, 15333, 12052, 15330, 14518, 15750, 12460, 14109, 14518, 13698, 11226, 14922, 12460, 13287, 13276, 14516, 14931, 11638, 13689, 13287, 14931, 11230, 12871, 14514, 12047, 12462, 15342, 17802, 13290, 14103, 16164, 10398, 14922, 12450, 12456, 14928, 14517, 14102, 13684, 12459, 15336, 12045, 15750, 13690, 13692, 11626, 15750, 15748, 12870, 14520, 12052, 12862, 16980, 14515, 12868, 12870, 12042, 14106, 13692, 12876, 13696, 10806, 12457, 14520, 16155, 12049, 13272, 12460, 14520, 13276, 12868, 13278, 13686, 13686, 12049, 14106, 14512, 14106, 13278, 12870, 14514, 14103, 14518, 15342, 12872, 14515, 14523, 12456, 14106, 11633, 13684, 11632, 14928, 16164, 11218, 13686, 16572, 14520, 14514, 14931, 13284, 14507, 13698, 14100, 12872, 15330, 12865, 14926, 13276, 14928, 15342, 15336, 14515, 14514, 12459, 12048, 13694, 11638, 15744, 14100, 11628, 14520, 15343, 11223, 12051, 11643, 14511, 12046, 15744, 15342, 12456, 13692, 10816, 14094, 15330, 13701, 13696, 15753, 11226, 14106, 11224, 14520, 14100, 14508, 14100, 14104, 12456, 13698, 12043, 12862, 12045, 14928, 16570, 11634, 8754, 13274, 14103, 10806, 15330, 15334, 16572, 13690, 16572, 13686, 14928, 11643, 14922, 8763, 15336, 13692, 12454, 14520, 12862, 10816, 14098, 10812, 14100, 12042, 14103, 14103, 12876, 13698, 14100, 12867, 12870, 12052, 14508, 15342, 14107, 11224, 13284, 11643, 14922, 10806, 13686, 14512, 12870, 13281, 14516, 13278, 15342, 12049, 13686, 15750, 10404, 12051, 13690, 11631, 13690, 12454, 13284, 9168, 14511, 13282, 13284, 15342, 15333, 12864, 13278, 13697, 14101, 12462, 13272, 14099, 11226, 14521, 12870, 12453, 14932, 10819, 12870, 10821, 12040, 13696, 13284, 15747, 12866, 13695, 13287, 15330, 13284, 14517, 14502, 11637, 14928, 14928, 11637, 14508, 16978, 12873, 15750, 16980, 14928, 13278, 14925, 11637, 14106, 15334, 13276, 16164, 14098, 13278, 13287, 12042, 11632, 13695, 13687, 14518, 14104, 15750, 15336, 12456, 16165, 10815, 15339, 14508, 15753, 12456, 14094, 14104, 12054, 12465, 14106, 14922, 15744, 12050, 14100, 14512, 12461, 14100, 15336, 14103, 12466, 13270, 13693, 13692, 14508, 12873, 13282, 13698, 12868, 12858, 14521, 13278, 13692, 15744, 11220, 16578, 12864, 16566, 15342, 11634, 14098, 15336, 12858, 14514, 11229, 13284, 16570, 12052, 14514, 13699, 14932, 14930, 14514, 9574, 13696, 12462, 15334, 12453, 16162, 12051, 14102, 14106, 12460, 13280, 13287, 14100, 13692, 14926, 13698, 11643, 16980, 11638, 17394, 10407, 15342, 13696, 12048, 12450, 11641, 16162, 14514, 12874, 12048, 12045, 13284, 13278, 14511, 13278, 14518, 14925, 14100, 12456, 12874, 14506, 13281, 12042, 12456, 14518, 12868, 11634, 13684, 12054, 17398, 13272, 9579, 13278, 13698, 14520, 14514, 14925, 12042, 15750, 12460, 13287, 11628, 14514, 12046, 12456, 12462, 14103, 14100, 14109, 12456, 11634, 11223, 12876, 13701, 13692, 12465, 14106, 13686, 13278, 14928, 10401, 14514, 11634, 12869, 14109, 12862, 14928, 14109, 13699, 13692, 11220, 12870, 14928, 9990, 12046, 14922, 16986, 13692, 12030, 15336, 12047, 15750, 15744, 11634, 12867, 14108, 14508, 12047, 12456, 13276, 14928, 13290, 14922, 13692, 15750, 13685, 15330, 13287, 14518, 14106, 11220, 13692, 15744, 12036, 12870, 11223, 14106, 12466, 12042, 15336, 11636, 16572, 12036, 12052, 11225, 12456, 14916, 13278, 10806, 15342, 10806, 14514, 14106, 14100, 15750, 16572, 15750, 14928, 12864, 14514, 17394, 14109, 12450, 15336, 13696, 12863, 10398, 15750, 13282, 11641, 12460, 13698, 12448, 15750, 14516, 14508, 15744, 13696, 13695, 14100, 13284, 14100, 15747, 14514, 12042, 11640, 13689, 14928, 10815, 15753, 11640, 13284, 13278, 14111, 14512, 13698, 12865, 14100, 12450, 14106, 14925, 12873, 13282, 11643, 14513, 12876, 14100, 14520, 12462, 14520, 11227, 14922, 15744, 13690, 15753, 13287, 14508, 15340, 15334, 12869, 14931, 13692, 11220, 14520, 12455, 15750, 14101, 13278, 13692, 15340, 16984, 16158, 10804, 14931, 13272, 14106, 14109, 12048, 12859, 13695, 12042, 15339, 9984, 14928, 13692, 10811, 14922, 14106, 14103, 12460, 15753, 15750, 11643, 14928, 13281, 11222, 15336, 14506, 13272, 14106, 15343, 14106, 14508, 12047, 13686, 13287, 12462, 14931, 14094, 14928, 11631, 15750, 12870, 14514, 15336, 10816, 16974, 12456, 16576, 12455, 11632, 14110, 14103, 13278, 13693, 15742, 12870, 13284, 12459, 12874, 14931, 14110, 14106, 12040, 10403, 13686, 14508, 11642, 13686, 11632, 14922, 12049, 13686, 15339, 14514, 14108, 8757, 15336, 12040, 13289, 12462, 14101, 12456, 13278, 12869, 12870, 12457, 12871, 14922, 14110, 11635, 16572, 12465, 13700, 10815, 14928, 13687, 15750, 14520, 12465, 13692, 9990, 12863, 14106, 13284, 12462, 15744, 13686, 9578, 12873, 14100, 14109, 14518, 14925, 14508, 14925, 14926, 11639, 14518, 12870, 15750, 12045, 14926, 14922, 13281, 13275, 14100, 13701, 15750, 14922, 11230, 14515, 15335, 11230, 14520, 14928, 11636, 11219, 12049, 13698, 13687, 16980, 13282, 14100, 11640, 14520, 11643, 14922, 12048, 12048, 16572, 12868, 13284, 14925, 14922, 15750, 16572, 12456, 12050, 16572, 13284, 12046, 14106, 12456, 11212, 13696, 14922, 12868, 10812, 14100, 13272, 9999, 13698, 14107, 11637, 14100, 15342, 13287, 13686, 10812, 14508, 14511, 14098, 15744, 10810, 13284, 11632, 13278, 16158, 13284, 14100, 14100, 13282, 13288, 15750, 13284, 14928, 14508, 11634, 13282, 12874, 13275, 15336, 11637, 11641, 17388, 14514, 13275, 14112, 15330, 14523, 12870, 14925, 16164, 13282, 15339, 11219, 11641, 12046, 14109, 15750, 15738, 14098, 12462, 13685, 15334, 14508, 11638, 14928, 14928, 15750, 13692, 11224, 14109, 12045, 13278, 15750, 14513, 15750, 13695, 11220, 13698, 12045, 12462, 14505, 13696, 12457, 11634, 15336, 12459, 15330, 10806, 12453, 14104, 14928, 14521, 10402, 16575, 14106, 12456, 14109, 12042, 10400, 13698, 14926, 12868, 13686, 13276, 12043, 15753, 12459, 13284, 14926, 14514, 12048, 14926, 12864, 14514, 15336, 12042, 14520, 15330, 14514, 9985, 14928, 14516, 14931, 14514, 14512, 12867, 14926, 14517, 15330, 15339, 12454, 15339, 12873, 12459, 13278, 13696, 12456, 13692, 15750, 17394, 12052, 12465, 15748, 8341, 13686, 12045, 13692, 12449, 12456, 14514, 12048, 13695, 14520, 14922, 13684, 14922, 14931, 14100, 12864, 18216, 14520, 13696, 13276, 14514, 14928, 13284, 15336, 12870, 14520, 13695, 14514, 14929, 14928, 13699, 14100, 11220, 12052, 14518, 16980, 15750, 12865, 15744, 13701, 17394, 14104, 14925, 14518, 12867, 12877, 14920, 14922}
Done logging to result_analysis/data_output/spy_results.txt.
Detaching from program: /Users/blenmac/Desktop/Research/CortexM_MPU_practice/Two_Cores/firmware.elf, Remote target
[Inferior 1 (Remote target) detached]
gdb -q firmware.elf \
	-ex "set pagination off" \
	-ex "set confirm off" \
	-ex "set logging file result_analysis/data_output/spy_results.txt" \
	-ex "set logging overwrite on" \
	-ex "set logging enabled on" \
	-ex "set print elements 0" \
	-ex "target extended-remote :3333" \
	-ex "p foo_time" \
	-ex "set logging enabled off" \
	-ex "dump binary memory result_analysis/data_output/spy_results.bin foo_time foo_time+10" \
	-ex "quit"
Reading symbols from firmware.elf...
Copying output to result_analysis/data_output/spy_results.txt.
Copying debug output to result_analysis/data_output/spy_results.txt.
Remote debugging using :3333
core0_main () at src/ex_6_flush_reload/cpu0.c:91
91	    while(1);
$1 = {8596, 8027, 8172, 6898, 8484, 9260, 7582, 7654, 7218, 9768, 9370, 10176, 7204, 8186, 7642, 10502, 8056, 10908, 8030, 7641, 6910, 8052, 9792, 7620, 9636, 9193, 9678, 8859, 8448, 8856, 9792, 8444, 8850, 6798, 5682, 5562, 6162, 4332, 5698, 5976, 6517, 7218, 5976, 5152, 5154, 5987, 6570, 10098, 8850, 7620, 8033, 7159, 10494, 7626, 10920, 8446, 12904, 11333, 10498, 10242, 11324, 10092, 8415, 6829, 8886, 9684, 8790, 6804, 9672, 10666, 8472, 7209, 9698, 10078, 10134, 11322, 9660, 8028, 6434, 6928, 11724, 10084, 10624, 6428, 10494, 7658, 13320, 9666, 9732, 9798, 8076, 11886, 8076, 10086, 6797, 10566, 9271, 9411, 11322, 7260, 9276, 11723, 11748, 9260, 10656, 12546, 9738, 12142, 7691, 8434, 6778, 8913, 8028, 10492, 10433, 9670, 11324, 9258, 9265, 9199, 11730, 10980, 8851, 10156, 8452, 6875, 9205, 10496, 10548, 9679, 9328, 6800, 8412, 8842, 8919, 9762, 9810, 8946, 8513, 8946, 8862, 9360, 8104, 8022, 8898, 8539, 8077, 8433, 8845, 7662, 8955, 8446, 8433, 8448, 10626, 8543, 9774, 6084, 10500, 7616, 8031, 8542, 9678, 8980, 10200, 7625, 6802, 11088, 9796, 7625, 7327, 8964, 8146, 7214, 6799, 9385, 4860, 5152, 5910, 4736, 6797, 5980, 5910, 5982, 6978, 5979, 6387, 5988, 5988, 7397, 9276, 8838, 11731, 8028, 9672, 7211, 9264, 9282, 8445, 5997, 8874, 10244, 8436, 9682, 7618, 9282, 10902, 5718, 9270, 8891, 9282, 10240, 10518, 8848, 11340, 7769, 11328, 10090, 8446, 8881, 8878, 10910, 9732, 8028, 10084, 10074, 9425, 12178, 10086, 10494, 8022, 9680, 10092, 10618, 11322, 9378, 7622, 9618, 10494, 6383, 6850, 11358, 12144, 10591, 9676, 8850, 8537, 8854, 9330, 10096, 10511, 7200, 8861, 8850, 10996, 9677, 8375, 7698, 9816, 8932, 10092, 12490, 9268, 9729, 9264, 10908, 8566, 10092, 10640, 9268, 8862, 10149, 8952, 10494, 11742, 9267, 7722, 8526, 9352, 8848, 7210, 7288, 8025, 7206, 8856, 9615, 8042, 7620, 5674, 11310, 9678, 9222, 8547, 7620, 6404, 9250, 8859, 10492, 9630, 9274, 9664, 8787, 7326, 8442, 7744, 8860, 8970, 7206, 9378, 8025, 5280, 5688, 5562, 4929, 5152, 6798, 5910, 5146, 6386, 6796, 5561, 5988, 5920, 6390, 9270, 8442, 8850, 10264, 11310, 10908, 11322, 7560, 9270, 7223, 9852, 10087, 12564, 10098, 9678, 10464, 10494, 7993, 10086, 9284, 9678, 5568, 10932, 11742, 8380, 8028, 12541, 8889, 9254, 8064, 9396, 7656, 7626, 10488, 11067, 8439, 9257, 8430, 9802, 9718, 7782, 10080, 10092, 8445, 8976, 9676, 8434, 7614, 8387, 8076, 10114, 7203, 10440, 9261, 7674, 8868, 9267, 10096, 9774, 12138, 10596, 8842, 11004, 9358, 9682, 9678, 10972, 10086, 10072, 9668, 8506, 8850, 10504, 9786, 11730, 10156, 10914, 10032, 9270, 10020, 12131, 11802, 10056, 9667, 5619, 10584, 5164, 8412, 10092, 10878, 8028, 10188, 10498, 9300, 7624, 7300, 6798, 10023, 10182, 8535, 7206, 10086, 11832, 5999, 6797, 7969, 9678, 8164, 10074, 8458, 8436, 8036, 8852, 8206, 11730, 8971, 7744, 8040, 9664, 8148, 9676, 9448, 8570, 10499, 5976, 6102, 5976, 5560, 5682, 5976, 5752, 5562, 6510, 4737, 5093, 7626, 7804, 7627, 9450, 9259, 11734, 8456, 11498, 7207, 6382, 9690, 9201, 8847, 7643, 8198, 9680, 10902, 7644, 7206, 9677, 7616, 10518, 9234, 10902, 8472, 8856, 10084, 12588, 7616, 8190, 10116, 8859, 8833, 9676, 8850, 9678, 6382, 8892, 8033, 9618, 9264, 8851, 12148, 8896, 10204, 7626, 11718, 10542, 9006, 10962, 9670, 10651, 8025, 8132, 7204, 6480, 9612, 9684, 12298, 10086, 8016, 10492, 8837, 9352, 9678, 8861, 9251, 9264, 10140, 9309, 11802, 6428, 10500, 10510, 8146, 6792, 8853, 10062, 12214, 10494, 8928, 6791, 10584, 8040, 10152, 9354, 8856, 7270, 8530, 6849, 8442, 8034, 8526, 9678, 8446, 9210, 9366, 10146, 11636, 14515, 13698, 14514, 12861, 15328, 13695, 12864, 17388, 14512, 15750, 12462, 13695, 14514, 14931, 12457, 16572, 10392, 13281, 11630, 14512, 12450, 14515, 12456, 14106, 13689, 12046, 16572, 12455, 15328, 11631, 15336, 13278, 13698, 10814, 15750, 14520, 14931, 14104, 14106, 13690, 14100, 14928, 12460, 12459, 13281, 15330, 12461, 14106, 15750, 13284, 13278, 12049, 12876, 18216, 12052, 15333, 12870, 14932, 11628, 14520, 14518, 12874, 13278, 14100, 12870, 13695, 11638, 14517, 11637, 13696, 16164, 12450, 15342, 15750, 14520, 12047, 13284, 13683, 14100, 14928, 14928, 13698, 9999, 14104, 11634, 13272, 14106, 11638, 16158, 12042, 15336, 14931, 14922, 14100, 12874, 14100, 11229, 11229, 13281, 14508, 14928, 15339, 11226, 16980, 14512, 12867, 12456, 15342, 14932, 12454, 13282, 12874, 13279, 13690, 14520, 16986, 14920, 13278, 8341, 14518, 13686, 12874, 12462, 13686, 17394, 15340, 14106, 14104, 10815, 13688, 13284, 14103, 13284, 14926, 14926, 15333, 14928, 12045, 15342, 12876, 13692, 13696, 13692, 14928, 13287, 16980, 12868, 9573, 15744, 15750, 11232, 14109, 13698, 12456, 15330, 12460, 16158, 12456, 12870, 14925, 12454, 14928, 9985, 13284, 15345, 14098, 11218, 15750, 13278, 14097, 12459, 13288, 14100, 14512, 14922, 15748, 12462, 9987, 12868, 14925, 11631, 14514, 12862, 13278, 15336, 10806, 15342, 14100, 14916, 12870, 15750, 12873, 14106, 12875, 14517, 15747, 12456, 12454, 14110, 14922, 12861, 13692, 12870, 14518, 12052, 12459, 14106, 11226, 12046, 15336, 13278, 13284, 12876, 13690, 16572, 15334, 12870, 12040, 13697, 14094, 12052, 14106, 12459, 16156, 14926, 14103, 14926, 12462, 14106, 14514, 11223, 12463, 15747, 12462, 13698, 12872, 15340, 14098, 12458, 14520, 14514, 14928, 13680, 13281, 15747, 14508, 13686, 12870, 14922, 13692, 14106, 13687, 12867, 12870, 13685, 12872, 11230, 14928, 13686, 15744, 10405, 10805, 14925, 12870, 15748, 12456, 13693, 14106, 11217, 11226, 14106, 11636, 16162, 16158, 13696, 16984, 12459, 14926, 14508, 14110, 10813, 13691, 12453, 13287, 10808, 13699, 15336, 13287, 14100, 15340, 14928, 14104, 12864, 12045, 15744, 13282, 14922, 14520, 14931, 14928, 16576, 11630, 15750, 15342, 12450, 13278, 15748, 13282, 14928, 12042, 14106, 14100, 15750, 11222, 13698, 12858, 12870, 14928, 13278, 14928, 15342, 16158, 13278, 14926, 14922, 13695, 15340, 14104, 14920, 16572, 12036, 12054, 12874, 12454, 12048, 14100, 14928, 11632, 13696, 14104, 15750, 12050, 13686, 12043, 14520, 11220, 14109, 14928, 14926, 14103, 13680, 14108, 11224, 15340, 14100, 14108, 14520, 11635, 14100, 15744, 16158, 15339, 16566, 11226, 13692, 14928, 13695, 14928, 14518, 11628, 15751, 13686, 13287, 12048, 14929, 14104, 13698, 15750, 14506, 14926, 13272, 14922, 14515, 11633, 14100, 14514, 9993, 13284, 14508, 13696, 14106, 15336, 14104, 13282, 13692, 14518, 14520, 13689, 15750, 14103, 13696, 16152, 12039, 15339, 12867, 14103, 12456, 12868, 13284, 15336, 10398, 12043, 14106, 12861, 13278, 14922, 15340, 13686, 14094, 14100, 11235, 12456, 12864, 12465, 14106, 12874, 14931, 16566, 12052, 13692, 13693, 12876, 14508, 13284, 10815, 13688, 14520, 12459, 14511, 14922, 12864, 15750, 11226, 12040, 11635, 14517, 11636, 11634, 14515, 11220, 12868, 12874, 14520, 13282, 15744, 14930, 11224, 14109, 12455, 11628, 10815, 11638, 15336, 14502, 14926, 15342, 12041, 12876, 16986, 13278, 12465, 14109, 12040, 9988, 13692, 14103, 12874, 14100, 13698, 16162, 12465, 14100, 12054, 14517, 10819, 13698, 15743, 12870, 14520, 16566, 12049, 11634, 14100, 14106, 12870, 10815, 12052, 13287, 12465, 13284, 14511, 13282, 17808, 15738, 14106, 12870, 14928, 16986, 14928, 13287, 12046, 12874, 16156, 15750, 13687, 12870, 14512, 12870, 13696, 16152, 13690, 14928, 14106, 12454, 12046, 14928, 13285, 13692, 13692, 12465, 13278, 13278, 12465, 13692, 15744, 12046, 16572, 14508, 14931, 12870, 15748, 13281, 10816, 14100, 14514, 14100, 10821, 15340, 13272, 11637, 13276, 15336, 14106, 10408, 13278, 14930, 14098, 13692, 12055, 11638, 15324, 10408, 15340, 10810, 13287, 14934, 14104, 14514, 15342, 14106, 15753, 12870, 14518, 13698, 12877, 9575, 14106, 12872, 14517, 15336, 15336, 12870, 13695, 11626, 12462, 13287, 14506, 12861, 11634, 14112, 12872, 14514, 14508, 14106, 14518, 15750, 13278, 14106, 11220, 13686, 12462, 14931, 14100, 14928, 11643, 13695, 12048, 13691, 16156, 14106, 17394, 12874, 16158, 10808, 14106, 10814, 15336, 16572, 15744, 12048, 14514, 14103, 13284, 15343, 12876, 14931, 12873, 14508, 12460, 15750, 13275, 15328, 14512, 10408, 13689, 14518, 14103, 14518, 11638, 12459, 13284, 14103, 14928, 15750, 12873, 11640, 16574, 11230, 16572, 13279, 15750, 10814, 13272, 14931, 14514, 15753, 14926, 12454, 14098, 14517, 11631, 14103, 13284, 12864, 13696, 14928, 14925, 13690, 14931, 12877, 14520, 15336, 14106, 15339, 12054, 13270, 14521, 9990, 14926, 14106, 12874, 13692, 13696, 14103, 14518, 14517, 14922, 15334, 15744, 11223, 12867, 15343, 15750, 13692, 12048, 11637, 13284, 14109, 14100, 12460, 14517, 16164, 14106, 10812, 14508, 14510, 14514, 13284, 13696, 13287, 13689, 12864, 15340, 13284, 14106, 17806, 14109, 9171, 15334, 13278, 14920, 10407, 15334, 14106, 10810, 13272, 17810, 11223, 15744, 15342, 12451, 16572, 14094, 12864, 12864, 15744, 11632, 15750, 13287, 14106, 14926, 13282, 14925, 11232, 15336, 14922, 10812, 14110, 12457, 16566, 12870, 13282, 12456, 14100, 14928, 14106, 14100, 12870, 12042, 12459, 11640, 16980, 12054, 16984, 12450, 12048, 15336, 15336, 13287, 14508, 12048, 11637, 13690, 12870, 14926, 14106, 13284, 14508, 14100, 9994, 14106, 12864, 9987, 13272, 8349, 14508, 12456, 13690, 12456, 11635, 16152, 14932, 14100, 14100, 14926, 16158, 14931, 11634, 13284, 13692, 12462, 12459, 13692, 13284, 15336, 13686, 12876, 13278, 13686, 14922, 12876, 13689, 13278, 13686, 13684, 12460, 13278, 11646, 13690, 14508, 12868, 11638, 13284, 14512, 14512, 9573, 16572, 14514, 14511, 13696, 13690, 13275, 12864, 15340, 14928, 13281, 9586, 11631, 14106, 8758, 17394, 16158, 14094, 12873, 14100, 12046, 16164, 12043, 14928, 13692, 13689, 15750, 14100, 12864, 17398, 13284, 12862, 15336, 13278, 11637, 13277, 13276, 14508, 12456, 12870, 13690, 12462, 16162, 11634, 13692, 10810, 14928, 14100, 11226, 16566, 14928, 12868, 12861, 16152, 15330, 14100, 14514, 12873, 14508, 12868, 12876, 13686, 11223, 16164, 14922, 12453, 12052, 12456, 14100, 12459, 12862, 14514, 10809, 14106, 14508, 13692, 14928, 12045, 12870, 10398, 13278, 12873, 14100, 15330, 12868, 13686, 16158, 12871, 12867, 14928, 13686, 13689, 11224, 14506, 14104, 14100, 13695, 13692, 13686, 12874, 10394, 12462, 15748, 12042, 15336, 12870, 14510, 14928, 13686, 14928, 14514, 12046, 13695, 14520, 12456, 14926, 14928, 11640, 12874, 12864, 14104, 12873, 14925, 15334, 13287, 12462, 13684, 12460, 12459, 14109, 14512, 14103, 12874, 12463, 12864, 16572, 13680, 13695, 14094, 14928, 13690, 15336, 15744, 14512, 14515, 13696, 14518, 11220, 12868, 13283, 14508, 15324, 13278, 13280, 14928, 14516, 14518, 13278, 13695, 14514, 14098, 12051, 15750, 13270, 15750, 12052, 13287, 13288, 14520, 13680, 9985, 14098, 15336, 12876, 12870, 15342, 16152, 13691, 14928, 12452, 11640, 13690, 12042, 14104, 15342, 12456, 14928, 11637, 16158, 12456, 15334, 11634, 13696, 12870, 15334, 16572, 14100, 12868, 12864, 12450, 12046, 15750, 13287, 13284, 12048, 12456, 14516, 14922, 15753, 13690, 15340, 12463, 13686, 14920, 13278, 14512, 17394, 12874, 12462, 12868, 13686, 12874, 13278, 14098, 12449, 14928, 12463, 14100, 16158, 14520, 13696, 15754, 8752, 14100, 14925, 12870, 14931, 13278, 14106, 15330, 12052, 16167, 13692, 12864, 14928, 13284, 15750, 11638, 14920, 13285, 12461, 18216, 14513, 12041, 13690, 13282, 14928, 14514, 12864, 14096, 15750, 13278, 12051, 12052, 14922, 14512, 13696, 12048, 12873, 12459, 14518, 12465, 16572, 16164, 15336, 12870, 12868, 13278, 12457, 15750, 12460, 14100, 16572, 12456, 14928, 13284, 14094, 14112, 17388, 12042, 10410, 17802, 12042, 16162, 10815, 13683, 13698, 13272, 14514, 14106, 12869, 12874, 12456, 14109, 10810, 11223, 13284, 14103, 12042, 13278, 14100, 12456, 12051, 14106, 14102, 14520, 13690, 12874, 12876, 16158, 12454, 11229, 14520, 14094, 15338, 13692, 13698, 16164, 14100, 12465, 13275, 12864, 11638, 10402, 14106, 16158, 11630, 12456, 13276, 14928, 15334, 10399, 14100, 12465, 12465, 13698, 13687, 14100, 14106, 15744, 14931, 11634, 14922, 15750, 10806, 14106, 12048, 12877, 12448, 12450, 15750, 13277, 9994, 14100, 11634, 15342, 12870, 14094, 12036, 15342, 14104, 12864, 14512, 13686, 10401, 14920, 12042, 14103, 11218, 14514, 14106, 14102, 16570, 15750, 12456, 14521, 13693, 12862, 14520, 13279, 14520, 13278, 13692, 14928, 14514, 16575, 12867, 13689, 14520, 14520, 10816, 15738, 11643, 12460, 14931, 14106, 15342, 12460, 14520, 11637, 14106, 11228, 14926, 12870, 13284, 14928, 12046, 15744, 14521, 14106, 12048, 10402, 13695, 13684, 15333, 10396, 12877, 14520, 11218, 15747, 10812, 12460, 14914, 14932, 15330, 15345, 12456, 11628, 12462, 14514, 14521, 15342, 15337, 13689, 14924, 11637, 14514, 12874, 11226, 14103, 13680, 12862, 14514, 15336, 13689, 14514, 14926, 15744, 11634, 12868, 14100, 15750, 12050, 16158, 14518, 14922, 13680, 16978, 11628, 12876, 12465, 12864, 10400, 15750, 11635, 13686, 13695, 12858, 13287, 13692, 12869, 12864, 16572, 13281, 13284, 11221, 12864, 12048, 14099, 15753, 10398, 15342, 14103, 14101, 15753, 15336, 12858, 14109, 14514, 12873, 14928, 13696, 12456, 13690, 12051, 13278, 13699, 12873, 16164, 14521, 12051, 14931, 12048, 13686, 11228, 14922, 16566, 12864, 12046, 12460, 11222, 15750, 14520, 14105, 11640, 14515, 15750, 12873, 12870, 14928, 13689, 14512, 15750, 11637, 11643, 12870, 13686, 15330, 14922, 14106, 14106, 13281, 14928, 12054, 15753, 14098, 15750, 12458, 12873, 12055, 11220, 14517, 10402, 12864, 14508, 13278, 15750, 12050, 15744, 12874, 13278, 13281, 12873, 14106, 13287, 14931, 12459, 13282, 13284, 12040, 14100, 14502, 14506, 13282, 13692, 14928, 12048, 15340, 16566, 11228, 13272, 15744, 12867, 15748, 13695, 14928, 14922, 12055, 14928, 12460, 13282, 15336, 14926, 16165, 12045, 14100, 13693, 14512, 15334, 15343, 14514, 15344, 14502, 12868, 12042, 14914, 14514, 13690, 11230, 15342, 14508, 11225, 14916, 14517, 14110, 14512, 11634, 14514, 14926, 12864, 13690, 16158, 12462, 15345, 13692, 12873, 11634, 15744, 15336, 15336, 11634, 16572, 15342, 14094, 12054, 14103, 11232, 16158, 14928, 14928, 14925, 14518, 11220, 15750, 14106, 15750, 11218, 11643, 13692, 13281, 14520, 12041, 13279, 15342, 12040, 14508, 11230, 13696, 11220, 14520, 14104, 13287, 12050, 14508, 11220, 14502, 14926, 9990, 12870, 14931, 15334, 12459, 12048, 14109, 13275, 12876, 14515, 13692, 11634, 13276, 12456, 13284, 13278, 12877, 12039, 12874, 14520, 14520, 13680, 11217, 12864, 12462, 14922, 12046, 13690, 12868, 12864, 17808, 13690, 14928, 12448, 15330, 9991, 12864, 13686, 14097, 13278, 12871, 14106, 13690, 12462, 10811, 12049, 12048, 15340, 15340, 11224, 14514, 14103, 13692, 16158, 14100, 13690, 10405, 15330, 13698, 16980, 14103, 13698, 12864, 13701, 12876, 11641, 14502, 16572, 10811, 14931, 13684, 13282, 16572, 13278, 16158, 12862, 15336, 15754, 16980, 16162, 14106, 14926, 15336, 16156, 14103, 14928, 16152, 12465, 13692, 12462, 14920, 15744, 14916, 10804, 14517, 14518, 13696, 16980, 14100, 14514, 12862, 14100, 14109, 11640, 12864, 12868, 12876, 12041, 13288, 14929, 8344, 13698, 12045, 14514, 14518, 12052, 12870, 15335, 14514, 14925, 14104, 14922, 12456, 12452, 12874, 15330, 16572, 12868, 10821, 13680, 15744, 12049, 13684, 13287, 15340, 14103, 13282, 14922, 12045, 10813, 12463, 16164, 14515, 15334, 16164, 14104, 13692, 15330, 14922, 10816, 15342, 14100, 10402, 14508, 12873, 12042, 14931, 15756, 14514, 12460, 13692, 10818, 14920, 13686, 13284, 15750, 12460, 12460, 11223, 14920, 15750, 7527, 14926, 10405, 13692, 12463, 15753, 12868, 14508, 12871, 15336, 11634, 10819, 11223, 15330, 14514, 13284, 8755, 16164, 13284, 9986, 16164, 11223, 15753, 14922, 11220, 15753, 12465, 14517, 10410, 14520, 16165, 13276, 13696, 11638, 13275, 14520, 14515, 12459, 13698, 14928, 13282, 15753, 14108, 14100, 10821, 14922, 10810, 12046, 12040, 13686, 14110, 10809, 14514, 13692, 11218, 15336, 14100, 12042, 16161, 14100, 13286, 12046, 13686, 14925, 14928, 11220, 12462, 16572, 14514, 13281, 13272, 14925, 13691, 14106, 12048, 14506, 13684, 14104, 11223, 14518, 15334, 12873, 17397, 11230, 14097, 15753, 14100, 13689, 12463, 14523, 15750, 14517, 12868, 14100, 14928, 11637, 12055, 14928, 12459, 14926, 13288, 11224, 13278, 14106, 15330, 13698, 14100, 13278, 14928, 16158, 11642, 16572, 14520, 13687, 14931, 11226, 16164, 12461, 14517, 14517, 12046, 9984, 14109, 14094, 13281, 12045, 13284, 14928, 14922, 14514, 12453, 11632, 14931, 13278, 14922, 11643, 15334, 14109, 13275, 13692, 14520, 11634, 12456, 14106, 12871, 15336, 13287, 13284, 12877, 13686, 14520, 14103, 14518, 12876, 13276, 14109, 14928, 15333, 14928, 12039, 13286, 15750, 16158, 13287, 14103, 13272, 14100, 11636, 13276, 13278, 12046, 14928, 14100, 12040, 14103, 15336, 12463, 15750, 13288, 13287, 12466, 14109, 12048, 16156, 9997, 14922, 14922, 13281, 13284, 9577, 12867, 14104, 14109, 10815, 14520, 15324, 12871, 15750, 14920, 15744, 10810, 13692, 13693, 14104, 14518, 15753, 11220, 14100, 13698, 14928, 12450, 12861, 14518, 12052, 14103, 14100, 14112, 14094, 12871, 12864, 13282, 12867, 15340, 14922, 13278, 11632, 15750, 12876, 12870, 14100, 12463, 15334, 12465, 16566, 17808, 14100, 14521, 13278, 14518, 12456, 16984, 14106, 12460, 12459, 11630, 15750, 12454, 16980, 17394, 12870, 11634, 14513, 14100, 13690, 14100, 14106, 14514, 13684, 15744, 9984, 14518, 12458, 16572, 10398, 14928, 13698, 14517, 14094, 13284, 12456, 13699, 12047, 14928, 12464, 14922, 13277, 11224, 10810, 17394, 12043, 12042, 14514, 12858, 13272, 13284, 10821, 14103, 12462, 14514, 15330, 12868, 14928, 13272, 12459, 15756, 12051, 12870, 13284, 11634, 16572, 9572, 13281, 16164, 12048, 16987, 16164, 14922, 14518, 13690, 12867, 15342, 12462, 12450, 15750, 13282, 11212, 11632, 12448, 11229, 14926, 13692, 12463, 12465, 13692, 12874, 14925, 13284, 14100, 15334, 14109, 12048, 14098, 14926, 14518, 14514, 12048, 12873, 14925, 15750, 12864, 14517, 14106, 12465, 13286, 12873, 12465, 15322, 15753, 12453, 13284, 15750, 14103, 12456, 9999, 14926, 14514, 11212, 16164, 16156, 9164, 14106, 13278, 12869, 16572, 11638, 14100, 14109, 13689, 14931, 11626, 12047, 14928, 14101, 13696, 12460, 12453, 13273, 14520, 15744, 12036, 11633, 15339, 15342, 12456, 15334, 12870, 12450, 13278, 14922, 11637, 13684, 13275, 16152, 14931, 17806, 9988, 13278, 14110, 12870, 14103, 12042, 13692, 14930, 13686, 12045, 13680, 12459, 13689, 14102, 14931, 15744, 14928, 12045, 15750, 13689, 12051, 14106, 16152, 12458, 12869, 12870, 14109, 13692, 12865, 13276, 14520, 13692, 11229, 11226, 14508, 13288, 14928, 13282, 12456, 13284, 13276, 12862, 12451, 14112, 9169, 14514, 15342, 12870, 14925, 12052, 12048, 14512, 13696, 13282, 12046, 11214, 16566, 12455, 12052, 13698, 14109, 13272, 14520, 12870, 14508, 13684, 14110, 12042, 15336, 14930, 12051, 12877, 14097, 13281, 14104, 12051, 13284, 14920, 15343, 13286, 15336, 13696, 11637, 15336, 12459, 15744, 9985, 12042, 12865, 14106, 12870, 14514, 16572, 14512, 11218, 16162, 12861, 15340, 11632, 11634, 12048, 11637, 14517, 14928, 14514, 13683, 13698, 13287, 13696, 12867, 14520, 11632, 14928, 13284, 14106, 13284, 16566, 14514, 9166, 12456, 14922, 15336, 14514, 12465, 16566, 12456, 14106, 13282, 14922, 14514, 13695, 14514, 12055, 15744, 11632, 13284, 14109, 14094, 15336, 11214, 13688, 14520, 11628, 11634, 11217, 14520, 15744, 12051, 14512, 14520, 12864, 12459, 15336, 15342, 11224, 14103, 16572, 14514, 9579, 15336, 12051, 16162, 14506, 12463, 15750, 9576, 14109, 13695, 12864, 14514, 12462, 10816, 12045, 14109, 14521, 14104, 17397, 12456, 12052, 14922, 12046, 11220, 16575, 14928, 12869, 13692, 13686, 12462, 10808, 12049, 11227, 13288, 16572, 12043, 15744, 12873, 13288, 12048, 13281, 13695, 14112, 16986, 11633, 14106, 14922, 14514, 14926, 14518, 13692, 14518, 12457, 13286, 12051, 15330, 14520, 13288, 13692, 14094, 12864, 14106, 14517, 11640, 13278, 14106, 12462, 14106, 15742, 12456, 13698, 15336, 10815, 12455, 12868, 11225, 11636, 14100, 13278, 12036, 13287, 12456, 12043, 10812, 14932, 13282, 14104, 15334, 10809, 13689, 14506, 14508, 12870, 15328, 13278, 15340, 13696, 10392, 17802, 13693, 12462, 12051, 13287, 13282, 13278, 12456, 15334, 15336, 12864, 15340, 13692, 14928, 13696, 13281, 15750, 10816, 15750, 14928, 14922, 12040, 12050, 14506, 15336, 14517, 13696, 9174, 9171, 12043, 13698, 12870, 16158, 13692, 12867, 15744, 13694, 15330, 11628, 16164, 14098, 14098, 15334, 12876, 13689, 13690, 10401, 14928, 14103, 13282, 13698, 14098, 13284, 10804, 13281, 14514, 13282, 10815, 12876, 13276, 8758, 14926, 11218, 11628, 11634, 14104, 14922, 15334, 12450, 12043, 15750, 14094, 14928, 12051, 15750, 12459, 14104, 14103, 12456, 13287, 12874, 14518, 11637, 13690, 11633, 12456, 14520, 12043, 13287, 11634, 12868, 14512, 13287, 11638, 14520, 15750, 10401, 11217, 15342, 11223, 13278, 12864, 14516, 14922, 14109, 14520, 9996, 16566, 12054, 14514, 12462, 13695, 16572, 12462, 14928, 12867, 12454, 14916, 11638, 16572, 13279, 14514, 16164, 11233, 13278, 14094, 15742, 11219, 13278, 14514, 12868, 15342, 13692, 16978, 13278, 14100, 14928, 13278, 14932, 12462, 14104, 13278, 13680, 14518, 13278, 13696, 12454, 15342, 14512, 12042, 16572, 15750, 13287, 13692, 14512, 11640, 14520, 11635, 13698, 14100, 12454, 16158, 12868, 14103, 13278, 13696, 13686, 12052, 13699, 12456, 12052, 16162, 12456, 13287, 14104, 10402, 12861, 13696, 10815, 12870, 16572, 13684, 9993, 12457, 14922, 14932, 11631, 14928, 13282, 13696, 15336, 11631, 14106, 14104, 14928, 12877, 11222, 10816, 13276, 11628, 13282, 13271, 15336, 13272, 15756, 15753, 15336, 13276, 16572, 13278, 13691, 14106, 13692, 12055, 14926, 12454, 14104, 13698, 13692, 14520, 14925, 14100, 14931, 13692, 14100, 10804, 15342, 13696, 12874, 14520, 14928, 14928, 14517, 11230, 12456, 12877, 13696, 11229, 12876, 15750, 11626, 14106, 14514, 13278, 12874, 14931, 15336, 11632, 14519, 14922, 12873, 14916, 14518, 15744, 14512, 12465, 14508, 15336, 13692, 13287, 13701, 17394, 12456, 14104, 9582, 14106, 13696, 12040, 14511, 15330, 14920, 16572, 12048, 13690, 14100, 12876, 13288, 12858, 10815, 12456, 15336, 9580, 12453, 13281, 12868, 15338, 14931, 14926, 14925, 14106, 14511, 12042, 14520, 11223, 13278, 16157, 13278, 12456, 14933, 14930, 14928, 13282, 13278, 13686, 14106, 10819, 13692, 16164, 13680, 14106, 15336, 13690, 15333, 14514, 15750, 12462, 15336, 10393, 11634, 10810, 13680, 11638, 15340, 13281, 11230, 14502, 13696, 13278, 13690, 15753, 14100, 12456, 14109, 13696, 11632, 12049, 13278, 12045, 14104, 11637, 12046, 14508, 15340, 13284, 13696, 14511, 12881, 12460, 12861, 13691, 14104, 14106, 15744, 13284, 13685, 13287, 16980, 14517, 12864, 12462, 10810, 12462, 16984, 14106, 14094, 9990, 14925, 10812, 14922, 12870, 12871, 16572, 14926, 16572, 12460, 14106, 13699, 14520, 13680, 12464, 13686, 12456, 10806, 15342, 10396, 13284, 13697, 12456, 12868, 12460, 11636, 12465, 14928, 14928, 14928, 14109, 13688, 14928, 12864, 12870, 11634, 16572, 15330, 16566, 11220, 15750, 15330, 12873, 11634, 14100, 13288, 12879, 12871, 12870, 14928, 11632, 14514, 14922, 12867, 12865, 16158, 14508, 13698, 14103, 15741, 12864, 13696, 15340, 12876, 13281, 14104, 14928, 16159, 13284, 14106, 10818, 13699, 12036, 12454, 12870, 11640, 13278, 10816, 16158, 14520, 13687, 13688, 13281, 14922, 12465, 13686, 12456, 14511, 13696, 13287, 12454, 13281, 13692, 12867, 13287, 9585, 15747, 11226, 14110, 14106, 14521, 11220, 13695, 12868, 15342, 13281, 15750, 16164, 14106, 13284, 14519, 15339, 14515, 13278, 10408, 14914, 14514, 12870, 13689, 12868, 14103, 14104, 14520, 14506, 14109, 10395, 14928, 12045, 15750, 12459, 12874, 12041, 10810, 14103, 15342, 16986, 15330, 10815, 15744, 14104, 12051, 14928, 12871, 16158, 10813, 15754, 13686, 12048, 13284, 12458, 11224, 12864, 13284, 11224, 14508, 11628, 13696, 13690, 11628, 12877, 12048, 16158, 13284, 13278, 14109, 14928, 13276, 14928, 14106, 16162, 13696, 16164, 13690, 12051, 13692, 8338, 14922, 12048, 15336, 13690, 10395, 13287, 14100, 14926, 12042, 14521, 13698, 13281, 14514, 14928, 16158, 12465, 14502, 15750, 14926, 14100, 15753, 14508, 14515, 15744, 15744, 12864, 14106, 15750, 13689, 15750, 15339, 13689, 14523, 14922, 13278, 14109, 12858, 12867, 14506, 13284, 13281, 14520, 14101, 14922, 11630, 13282, 11223, 14106, 11224, 15753, 12870, 14928, 15750, 14928, 14514, 12453, 14928, 15750, 12865, 13284, 14517, 14922, 13284, 12463, 11226, 12868, 14106, 13281, 13698, 14514, 12465, 13690, 12858, 14109, 15336, 14100, 14508, 12458, 14103, 14506, 13683, 11643, 12462, 13282, 15334, 13284, 13689, 13696, 12870, 13684, 12051, 14100, 14110, 11637, 13701, 13284, 12040, 12051, 15750, 14100, 13282, 13278, 14514, 14934, 16156, 14100, 13691, 14928, 15334, 12874, 12043, 13690, 12874, 10389, 14100, 13698, 14928, 12046, 14101, 14109, 12456, 12462, 15334, 13690, 15336, 12874, 14922, 11224, 12047, 14928, 11225, 15333, 16572, 16162, 12462, 12873, 14928, 13281, 14514, 13282, 13698, 13287, 16572, 14106, 15750, 12042, 15336, 9162, 14518, 15342, 15744, 15750, 12865, 13272, 14108, 13689, 12870, 12048, 12459, 14109, 13686, 14099, 13695, 16560, 12873, 17388, 13692, 14520, 14520, 12454, 13692, 10810, 13287, 13278, 13278, 14098, 14106, 13695, 13680, 14922, 12454, 15342, 15336, 16569, 12861, 13278, 12455, 13696, 12041, 13284, 16572, 14112, 14511, 15750, 11638, 14929, 14100, 14103, 12876, 12465, 14928, 14518, 14106, 12456, 14106, 15758, 12462, 14515, 11218, 16164, 14922, 11221, 16980, 15750, 15337, 15753, 14106, 13285, 14104, 13695, 14100, 16165, 14508, 14928, 13696, 12046, 10809, 13694, 14106, 14517, 12042, 15748, 12454, 14922, 12046, 13698, 15336, 12048, 15334, 16572, 13276, 13696, 14928, 14094, 15748, 13686, 12454, 16158, 12876, 13686, 11640, 13278, 10402, 13680, 11232, 13684, 14100, 14928, 14103, 12456, 12873, 13686, 12870, 14104, 14520, 15330, 14932, 13281, 12045, 12052, 11629, 14517, 14928, 14922, 12456, 13278, 13690, 12869, 14922, 13284, 15750, 12042, 12463, 12459, 13282, 14925, 12863, 12454, 13698, 14104, 14928, 12458, 11638, 13686, 12051, 14517, 13696, 13686, 14922, 14104, 13281, 13287, 13692, 12042, 14100, 13281, 12876, 10810, 12877, 13284, 12454, 15342, 14922, 13282, 13284, 14106, 13692, 12048, 12450, 14098, 13278, 14100, 14920, 14928, 12045, 11232, 15340, 12044, 14922, 14106, 14094, 11229, 11630, 15756, 12864, 16575, 13698, 15336, 12462, 17394, 15342, 12456, 11632, 11229, 13690, 11634, 15334, 11230, 12048, 15342, 15750, 12048, 13686, 12048, 14928, 14100, 14098, 13684, 15753, 13686, 13690, 13284, 10818, 15330, 14106, 12460, 14103, 14100, 14100, 14922, 12051, 13276, 13690, 14106, 16572, 14100, 13690, 14514, 13287, 15748, 13689, 15340, 14922, 15340, 12042, 16566, 14512, 14514, 14518, 13698, 16162, 13690, 13287, 13695, 12875, 16164, 12045, 14514, 14514, 15330, 14100, 16575, 12043, 12460, 12046, 14109, 14926, 14508, 9163, 14922, 12054, 16158, 12460, 14514, 11636, 14094, 16164, 12042, 11640, 16572, 13692, 15747, 13686, 14098, 14106, 13284, 12864, 14926, 12465, 14106, 16566, 14103, 13692, 12459, 11640, 14514, 14928, 13284, 15330, 15342, 10407, 11640, 14514, 13286, 14100, 15336, 14109, 14928, 14928, 12039, 12876, 12858, 16986, 12871, 13290, 12051, 14100, 12864, 13287, 12858, 14508, 13696, 13278, 14102, 14931, 12870, 15336, 10402, 13695, 13284, 11226, 16572, 12460, 12873, 14110, 13686, 11631, 14106, 13288, 14922, 13699, 11226, 13282, 12876, 14512, 16564, 11631, 14922, 16162, 11640, 14110, 13689, 13692, 15744, 14916, 12450, 14931, 13284, 16152, 12459, 12052, 13680, 15750, 12873, 16158, 13279, 12046, 11634, 15343, 17394, 15743, 14925, 11230, 12459, 13276, 11635, 12450, 11224, 15334, 14931, 14928, 15744, 16162, 12044, 11632, 13282, 15342, 14100, 14106, 12456, 13278, 17394, 12054, 15340, 12046, 14109, 15328, 13690, 13284, 11641, 13686, 14523, 13687, 12870, 14928, 13692, 13686, 14926, 16158, 14109, 13290, 16158, 11634, 12454, 13689, 14514, 14929, 13284, 14928, 12454, 14931, 13703, 15751, 12454, 12864, 13287, 13275, 14508, 12868, 14506, 15340, 14922, 14928, 15748, 12459, 15750, 13695, 15342, 13687, 13692, 12865, 12864, 14520, 13287, 14106, 12874, 12876, 15744, 13692, 13690, 15753, 13686, 13690, 14100, 10821, 12456, 12873, 12874, 12456, 12055, 13284, 15750, 12870, 14109, 14106, 13692, 13272, 14514, 10815, 16165, 11637, 14094, 14103, 14110, 14100, 14106, 12042, 15340, 15750, 13695, 12871, 14928, 14103, 12052, 13688, 13287, 12456, 10815, 13692, 12462, 14103, 13698, 15750, 13680, 15753, 12052, 13692, 12465, 14508, 10815, 15744, 12862, 16566, 15330, 13698, 13284, 14100, 13690, 14508, 12460, 14506, 13696, 12456, 13689, 14109, 12870, 12459, 12864, 12046, 11641, 14928, 13277, 12867, 14925, 10812, 13692, 12456, 14511, 12462, 13684, 12870, 9169, 15750, 14515, 12459, 13690, 14928, 14514, 15754, 15336, 13284, 14109, 14926, 14508, 12870, 14106, 12871, 11643, 14100, 16158, 11232, 11632, 13284, 12465, 15336, 14110, 14520, 14922, 14502, 13281, 14514, 12867, 10815, 15753, 15336, 12046, 14104, 12456, 14928, 16158, 13275, 14104, 14094, 12460, 14517, 11224, 12870, 14104, 12053, 14103, 15330, 14101, 13691, 14097, 13686, 12861, 16572, 12454, 13275, 15340, 16158, 16158, 12462, 14100, 15339, 13285, 14514, 14106, 12457, 14100, 12867, 14511, 12459, 12462, 14518, 17394, 13284, 14102, 14922, 13699, 14925, 14518, 12862, 11644, 14100, 10398, 14925, 14922, 14100, 12874, 14104, 12462, 14922, 13287, 14103, 14931, 9989, 13284, 14928, 13281, 14098, 12873, 13690, 15744, 15744, 12054, 12861, 10812, 12450, 14106, 12460, 14922, 13272, 15754, 15744, 12873, 15744, 14100, 12457, 14520, 14928, 12049, 12874, 13278, 14098, 14518, 15753, 9579, 18216, 13686, 16980, 14103, 13686, 14512, 14098, 11220, 12454, 11229, 14100, 12861, 13692, 10398, 12453, 16162, 11632, 15744, 13695, 15744, 14100, 10402, 14928, 12864, 12868, 11220, 15343, 13284, 14932, 16164, 12048, 14922, 12465, 14916, 13690, 16158, 15336, 13284, 15342, 13287, 14922, 15343, 10810, 12042, 16158, 12870, 14512, 13284, 15750, 15339, 14502, 14106, 13696, 16572, 12876, 13689, 14928, 13270, 13689, 13692, 12456, 12868, 14518, 13281, 14928, 13278, 14106, 13272, 14925, 13696, 11626, 14514, 13692, 12873, 15342, 14929, 12864, 14109, 12862, 14103, 10404, 16566, 14521, 12042, 14517, 17808, 10806, 15750, 14101, 12456, 12456, 12456, 14512, 13287, 16152, 13698, 14500, 12461, 14109, 12864, 11220, 13284, 13693, 14928, 14520, 14922, 15750, 14514, 14523, 12458, 13693, 14514, 13284, 16164, 13692, 13696, 13276, 14518, 14928, 14928, 17388, 11631, 13690, 12874, 14508, 12868, 16158, 14514, 12052, 13692, 15330, 14514, 16575, 13284, 14098, 14922, 12466, 16164, 13278, 15744, 15750, 14114, 12873, 14108, 12871, 13692, 13692, 12046, 14922, 13699, 13690, 12456, 14109, 13692, 12041, 14922, 14928, 12869, 14512, 14514, 15750, 13699, 14100, 15342, 15748, 12870, 15738, 14109, 14104, 14100, 14926, 14103, 14106, 16572, 11643, 14103, 15342, 12462, 15744, 13696, 12456, 13287, 14508, 13278, 13693, 13278, 14094, 14928, 12052, 14928, 12460, 13281, 11634, 13287, 12450, 14928, 14106, 13696, 14508, 12456, 14922, 15748, 10401, 10812, 12046, 14511, 9993, 16158, 12460, 13686, 12046, 15330, 16572, 11226, 14514, 12873, 16572, 12051, 12870, 10821, 16984, 13284, 15750, 14508, 11225, 13278, 12871, 13287, 15324, 14520, 14514, 14928, 15753, 13698, 16572, 14928, 10407, 13690, 12861, 15744, 12876, 15336, 14512, 13278, 13281, 14094, 11641, 13279, 16566, 13287, 12866, 14109, 10401, 12459, 11640, 15744, 12046, 15324, 15754, 15744, 14103, 13692, 15750, 14521, 13692, 12460, 12462, 12453, 14920, 14103, 12040, 15744, 12461, 12463, 13281, 14506, 11634, 14928, 12870, 14508, 15342, 10822, 14518, 10402, 14511, 12458, 15744, 11634, 16566, 9577, 16158, 15342, 13696, 12463, 16162, 16158, 13701, 14922, 14100, 12048, 14104, 13282, 15340, 13686, 14931, 13686, 12054, 14925, 10812, 14925, 14100, 14922, 12874, 14106, 15750, 12040, 13699, 15750, 10812, 14098, 13696, 12864, 13278, 16158, 16164, 12046, 14109, 13695, 14514, 13698, 13696, 13696, 15336, 14519, 11223, 13284, 14104, 12874, 14097, 12870, 11635, 12870, 15750, 14508, 11630, 11643, 10806, 14106, 9992, 13272, 15750, 15340, 14098, 11637, 14932, 14100, 10812, 15750, 13692, 13686, 11633, 12871, 15334, 14100, 14103, 14106, 12040, 15340, 14103, 13696, 13686, 14520, 13282, 14100, 14916, 14104, 17394, 12870, 15340, 13695, 14110, 15330, 13268, 12864, 10804, 12459, 14104, 14098, 14926, 12459, 14521, 12456, 12458, 12867, 14514, 12874, 15330, 14518, 14100, 13278, 14104, 14103, 12448, 17394, 11224, 14108, 15330, 15747, 13700, 12870, 14100, 15750, 11637, 14520, 12448, 14109, 15750, 12045, 11644, 14523, 13686, 14099, 15750, 12874, 15753, 14103, 11640, 11220, 13276, 13698, 13281, 12879, 15744, 12871, 14928, 12462, 16167, 12862, 14103, 11628, 11226, 14107, 14520, 12457, 11230, 16980, 10815, 15336, 14109, 12456, 15747, 12872, 14110, 13278, 14517, 14934, 13698, 13686, 14514, 10812, 13689, 13692, 14919, 9574, 14108, 15333, 13691, 15334, 15334, 13287, 14927, 15753, 12868, 15336, 14100, 12867, 15343, 14928, 13278, 14519, 13692, 9991, 14922, 15750, 13686, 16986, 12456, 15336, 15750, 14104, 13686, 12048, 11631, 13282, 14920, 10809, 13698, 12465, 14106, 14518, 10807, 15330, 14106, 13287, 13692, 12862, 16984, 14514, 13692, 15750, 12450, 14926, 14106, 15744, 12046, 12048, 16572, 10002, 16158, 14106, 13700, 15753, 16162, 13689, 16159, 12048, 14514, 15336, 16576, 14106, 14109, 14106, 11224, 14106, 12453, 14514, 14094, 13276, 11634, 15336, 11634, 14517, 13696, 12052, 14916, 15342, 11638, 13690, 12457, 13284, 13692, 13696, 15744, 14931, 14520, 13692, 14100, 13278, 15750, 12870, 13680, 12453, 15336, 13698, 14514, 12046, 13690, 12460, 14514, 14928, 11637, 10812, 15342, 11646, 12867, 13278, 12047, 12048, 14922, 16980, 11220, 11224, 12876, 11629, 14104, 12462, 14100, 15752, 11221, 15342, 13279, 14520, 15342, 14518, 17394, 12870, 13286, 12042, 14932, 14104, 14100, 12873, 10809, 14095, 16158, 12870, 12873, 12868, 12867, 16572, 16158, 12864, 12463, 12462, 13286, 14106, 16980, 11638, 14512, 12871, 14100, 12861, 12048, 13282, 13279, 16162, 14109, 12861, 11628, 14922, 12871, 12876, 12040, 12877, 12450, 12864, 14931, 16986, 15750, 14512, 15336, 13281, 12868, 14514, 12047, 15336, 12465, 14928, 14512, 12042, 12042, 13696, 13689, 15339, 15342, 12052, 15750, 16158, 16164, 15342, 11640, 15744, 12876, 14514, 13690, 14926, 15744, 14517, 15744, 13686, 11227, 15750, 13287, 9160, 15336, 14932, 10395, 13686, 12462, 14520, 12453, 12456, 14518, 13278, 13698, 13693, 12456, 14100, 14514, 11219, 11634, 16162, 14094, 11220, 12874, 16164, 12874, 14100, 14512, 12045, 14928, 13686, 14928, 15336, 14502, 15334, 11633, 15753, 15342, 10818, 16569, 14514, 12048, 12463, 14100, 13284, 11223, 15744, 14928, 14919, 12052, 17394, 13701, 14520, 14512, 14928, 15751, 13272, 16156, 14928, 14922, 13692, 14502, 11220, 15754, 13284, 9166, 15750, 13695, 13284, 13275, 11638, 16162, 12858, 14928, 14514, 13284, 14514, 12869}
Done logging to result_analysis/data_output/spy_results.txt.
Detaching from program: /Users/blenmac/Desktop/Research/CortexM_MPU_practice/Two_Cores/firmware.elf, Remote target
[Inferior 1 (Remote target) detached]
gdb -q firmware.elf \
	-ex "set pagination off" \
	-ex "set confirm off" \
	-ex "set logging file result_analysis/data_output/spy_results.txt" \
	-ex "set logging overwrite on" \
	-ex "set logging enabled on" \
	-ex "set print elements 0" \
	-ex "target extended-remote :3333" \
	-ex "p foo_time" \
	-ex "set logging enabled off" \
	-ex "dump binary memory result_analysis/data_output/spy_results.bin foo_time foo_time+10" \
	-ex "quit"
Reading symbols from firmware.elf...
Copying output to result_analysis/data_output/spy_results.txt.
Copying debug output to result_analysis/data_output/spy_results.txt.
Remote debugging using :3333
core0_main () at src/ex_6_flush_reload/cpu0.c:91
91	    while(1);
$1 = {7314, 6754, 10079, 8855, 8940, 6800, 6799, 9768, 7311, 7620, 7578, 8442, 7614, 7554, 9268, 6817, 8040, 9382, 6813, 9678, 8560, 10216, 6919, 7337, 7620, 11027, 9798, 7745, 8148, 6387, 5976, 9862, 5976, 6162, 4859, 5976, 4462, 6390, 6922, 5572, 5563, 6384, 6987, 6792, 7386, 8045, 10932, 9628, 10077, 7985, 9281, 8442, 9624, 10488, 11902, 10512, 11478, 9682, 9429, 10091, 8033, 8880, 9268, 8448, 9416, 12960, 14544, 8034, 7182, 8610, 10075, 8854, 9196, 10911, 12564, 11735, 10104, 7248, 13374, 9610, 10912, 9258, 8429, 8036, 10026, 8860, 8484, 10236, 8837, 8148, 9313, 11322, 9726, 9672, 10851, 8442, 7631, 10078, 10578, 11268, 10494, 8497, 8851, 10486, 11670, 9268, 9359, 10486, 9738, 8886, 8027, 9263, 10981, 11316, 9339, 8172, 10502, 8860, 7211, 7596, 5979, 8856, 8104, 6466, 12150, 13050, 8848, 7294, 9678, 6480, 6798, 8118, 9270, 8429, 10627, 9676, 9336, 8946, 10080, 8931, 10080, 9198, 8449, 9388, 8861, 7614, 8946, 8856, 8052, 10072, 6481, 9663, 8400, 7200, 8457, 8844, 9028, 8032, 8970, 8028, 8560, 11442, 6798, 10086, 7206, 8443, 8784, 7614, 7207, 5682, 5156, 6096, 4866, 6390, 5153, 7338, 5152, 5969, 7206, 9688, 9693, 9862, 7215, 8446, 7207, 8612, 9270, 10456, 8446, 10902, 11716, 7370, 9266, 9672, 7230, 11256, 10504, 9672, 9828, 9687, 9676, 10498, 9672, 7232, 9672, 10123, 10638, 9252, 10089, 12132, 10907, 8893, 11488, 10091, 11034, 7214, 9396, 9669, 8442, 10620, 8924, 8850, 9317, 8442, 10198, 8028, 11314, 10021, 8446, 9696, 7681, 8958, 8910, 9366, 9744, 9768, 8856, 9678, 9328, 8938, 8500, 9826, 12204, 10087, 10468, 10500, 9240, 10085, 10020, 8868, 9328, 10576, 9678, 7214, 7277, 6327, 9768, 9270, 8004, 7973, 8124, 7621, 9204, 7309, 8849, 9349, 8543, 5979, 9366, 5152, 8550, 7308, 8125, 7614, 7621, 11346, 7209, 9294, 8850, 10608, 8442, 10932, 10500, 7624, 8622, 7315, 10200, 7213, 8560, 7606, 6804, 10092, 10084, 5972, 6102, 5276, 5562, 5563, 6324, 5160, 5693, 6388, 5976, 6163, 6796, 6330, 6804, 8038, 10035, 10098, 7214, 10252, 12138, 6748, 8619, 10494, 10434, 12966, 10663, 12552, 8602, 8031, 10666, 10905, 9235, 12138, 7620, 8180, 9263, 7242, 9006, 8446, 11484, 10110, 9403, 9678, 9670, 9669, 8436, 8886, 8442, 12144, 10506, 11670, 9264, 11766, 10080, 9672, 12180, 10902, 10920, 9313, 8453, 8850, 11767, 9271, 10494, 6885, 10846, 11308, 10104, 10954, 10079, 8496, 8952, 8448, 8847, 9262, 12088, 7619, 10968, 7617, 9822, 8445, 10974, 9665, 10845, 8034, 9264, 10614, 7618, 9756, 8102, 10158, 6384, 8931, 8039, 10217, 8028, 6389, 9762, 6394, 10470, 8853, 7672, 10592, 9672, 6060, 9315, 5970, 6899, 7585, 8074, 8550, 6802, 9774, 8934, 9262, 8447, 7656, 9684, 8856, 9258, 8975, 8857, 10029, 10086, 9265, 10896, 9363, 9258, 9779, 9678, 7628, 8436, 8145, 7626, 9268, 10480, 5974, 8038, 8564, 5570, 10090, 8144, 8028, 6567, 5976, 4741, 5562, 4866, 5970, 4331, 7554, 5976, 5986, 6922, 5561, 5686, 5980, 7805, 12162, 7616, 10509, 8844, 10098, 10084, 10103, 8856, 9607, 10524, 13128, 7228, 9838, 11688, 10500, 8788, 8856, 9264, 9005, 9676, 12144, 10027, 13380, 10084, 9720, 9406, 9672, 8034, 10114, 8033, 9264, 10532, 9804, 8032, 10620, 9672, 8970, 9726, 8556, 8430, 8849, 9688, 10091, 10092, 10546, 10914, 7618, 11736, 11050, 9277, 8128, 8512, 7620, 7625, 9246, 8530, 9327, 12642, 8842, 11814, 9678, 11052, 9756, 9670, 9270, 10950, 7620, 10068, 8847, 9338, 10092, 8934, 9258, 12222, 10500, 7563, 8940, 9683, 9234, 11328, 9732, 7615, 7696, 8033, 8440, 7591, 8028, 7306, 8851, 8542, 8892, 7306, 8434, 6390, 10488, 9774, 8855, 8958, 9666, 9777, 8849, 6390, 8962, 10494, 7728, 10236, 16158, 13690, 14109, 13696, 14520, 16572, 12052, 10002, 14518, 12456, 12466, 15744, 11626, 12876, 12863, 11638, 12868, 13698, 11227, 14502, 12465, 14520, 13695, 13276, 14109, 13698, 15340, 13278, 13690, 15342, 15750, 13689, 13278, 14518, 14100, 12456, 13281, 12871, 13686, 13284, 14100, 14518, 12462, 14098, 14929, 13281, 13284, 16165, 14109, 10818, 15338, 12870, 14100, 12036, 16158, 14109, 13689, 16160, 10809, 14510, 16164, 12036, 12459, 14514, 11643, 14514, 12454, 10404, 12874, 14520, 14922, 13282, 12874, 12448, 13282, 12867, 12048, 14514, 12876, 14100, 12456, 12872, 12870, 12040, 14512, 15744, 13690, 13695, 16576, 15336, 15741, 14928, 14518, 14922, 15345, 12458, 12876, 16572, 15339, 14520, 14101, 13696, 14106, 13281, 12042, 12463, 13278, 14508, 13284, 12052, 14925, 14928, 14932, 12054, 16158, 13686, 14514, 14106, 13281, 13284, 11224, 14928, 12873, 14928, 13290, 16156, 12870, 12870, 11640, 14518, 14925, 14104, 16575, 12862, 13284, 13698, 15750, 11638, 14094, 13278, 12049, 12874, 14511, 10815, 12873, 15340, 7932, 15336, 15750, 16575, 13698, 14928, 14928, 12456, 11218, 13281, 11634, 13281, 15342, 14103, 14109, 15744, 14521, 14514, 12862, 16572, 13690, 16158, 13282, 15750, 10810, 14100, 14926, 13686, 13286, 12465, 17388, 12864, 11637, 12052, 12051, 14109, 12454, 12048, 15336, 12460, 14514, 13686, 12861, 15744, 13284, 12462, 13278, 14922, 12876, 12867, 13692, 17394, 14106, 10806, 14110, 12450, 13696, 14922, 14100, 12874, 14521, 17808, 15339, 14100, 12879, 16152, 11640, 12048, 16158, 13684, 12462, 13284, 14100, 14106, 14514, 11637, 12870, 16984, 14928, 11229, 14922, 12046, 13278, 14514, 14112, 13284, 14922, 15342, 14928, 12454, 14100, 16158, 12873, 14928, 12459, 13696, 15336, 9984, 15347, 15340, 13278, 15336, 15750, 12862, 12464, 14100, 16572, 16566, 12450, 12046, 14100, 14521, 11638, 11634, 11640, 13276, 12876, 10800, 15342, 14920, 11230, 14112, 13284, 12873, 9982, 12864, 15754, 10813, 11224, 11638, 13687, 15753, 16986, 13282, 14100, 17802, 12456, 10404, 14104, 13697, 14511, 15750, 15333, 12462, 11637, 14104, 14922, 13686, 14926, 13278, 13693, 14928, 12052, 14100, 13698, 14100, 14514, 10815, 13686, 16572, 9993, 13692, 14928, 12051, 13692, 12873, 13278, 13692, 14928, 16572, 12048, 14926, 15330, 15750, 15748, 12862, 12876, 16566, 13287, 12043, 9994, 15747, 13695, 13276, 14931, 16164, 12036, 14094, 16158, 12858, 15342, 13684, 16158, 15750, 16560, 12448, 15336, 15753, 13281, 12457, 13686, 12048, 17394, 12465, 12042, 13278, 14508, 15336, 12870, 14517, 16164, 16984, 12043, 12042, 14518, 12873, 15744, 13699, 12450, 12460, 12462, 15342, 11631, 17394, 12864, 14520, 12450, 8746, 12877, 11214, 14100, 13278, 12456, 14512, 14516, 15744, 14928, 14106, 14922, 16575, 14928, 13690, 12044, 14100, 16566, 10815, 15340, 13698, 15339, 12459, 15340, 12465, 14514, 15335, 10822, 13698, 12462, 14514, 14922, 13686, 15340, 14508, 14512, 16164, 13691, 14928, 10398, 13282, 13695, 15750, 13686, 14926, 15750, 13278, 12462, 14928, 15334, 11631, 14928, 12045, 16572, 12858, 14098, 14104, 12858, 13691, 12050, 13686, 11229, 14109, 13278, 14514, 11634, 14109, 12046, 12454, 13284, 12870, 14925, 13281, 15342, 11637, 13281, 14932, 11220, 15744, 11218, 13272, 16161, 12453, 14100, 14106, 12460, 12456, 14508, 10392, 14520, 16572, 13680, 12055, 14928, 11626, 10810, 10808, 14514, 16986, 13686, 13278, 14112, 9580, 16158, 15744, 13698, 16572, 12466, 13689, 12042, 15336, 13284, 13284, 14520, 13690, 12862, 16986, 13284, 15342, 13692, 14511, 11638, 12867, 8755, 16164, 12459, 14514, 13689, 16986, 14512, 12453, 14518, 12466, 14107, 14508, 14104, 12867, 15342, 12037, 14106, 14925, 16566, 11220, 10813, 13696, 15330, 14100, 10812, 12868, 12040, 12870, 14098, 14922, 13276, 12051, 12450, 12456, 15342, 14098, 12867, 12048, 13695, 14922, 13279, 14520, 12873, 14928, 11642, 14928, 14926, 14514, 12051, 13684, 11638, 13689, 14931, 14106, 14100, 14500, 11638, 14928, 12460, 12870, 13275, 15750, 10816, 13693, 12042, 14107, 14922, 15753, 15336, 11640, 15337, 12048, 14094, 14928, 14928, 15750, 14521, 10821, 11634, 13696, 14094, 16566, 13280, 14925, 14928, 14926, 12465, 15750, 14520, 12458, 13278, 14922, 11640, 15744, 14106, 12049, 14926, 15336, 14097, 14932, 14506, 13279, 15744, 14514, 13281, 16575, 15343, 14518, 13692, 14506, 14109, 11629, 14928, 14926, 13272, 9573, 16152, 14514, 13287, 13278, 14928, 10401, 14100, 14514, 14520, 13279, 16572, 16160, 12046, 14100, 14109, 14104, 14931, 12870, 13696, 14514, 13695, 14511, 14516, 16575, 9583, 13284, 14101, 16566, 14514, 12456, 12468, 15340, 9994, 13286, 15330, 14101, 11232, 12051, 14508, 14928, 14928, 14097, 12052, 12450, 12052, 15750, 12866, 12048, 11641, 14928, 12868, 13684, 12045, 14100, 15332, 11634, 13698, 14518, 12459, 10814, 16572, 11223, 14514, 15334, 15336, 11632, 12459, 14098, 12465, 13284, 13281, 12048, 14109, 12456, 12862, 14931, 15744, 15750, 12052, 15342, 12047, 11634, 12858, 12456, 11215, 14928, 12460, 12042, 14109, 14106, 13277, 12456, 12045, 14100, 12463, 16162, 15336, 14100, 10809, 14106, 16162, 12873, 12466, 14928, 12042, 13689, 14922, 13280, 13278, 12870, 14520, 15336, 14929, 15330, 14931, 12864, 14928, 12043, 14928, 14924, 14518, 13691, 13278, 12864, 15744, 14931, 8759, 16572, 14100, 12460, 11218, 11226, 14509, 14106, 16572, 12870, 17394, 10812, 15753, 10407, 14512, 12879, 15750, 12042, 12876, 10403, 13690, 12456, 12052, 13698, 17394, 10403, 16984, 13281, 13699, 15342, 14103, 12456, 12868, 12043, 14106, 13698, 14931, 14100, 10819, 14520, 13695, 13286, 14098, 12868, 12873, 15330, 12867, 13286, 12858, 11628, 14508, 12047, 12460, 12871, 10404, 12870, 15750, 15334, 12462, 14922, 12465, 15344, 9988, 11641, 14106, 14508, 12456, 12867, 11634, 12042, 15750, 13284, 12456, 13684, 14106, 12871, 11627, 13278, 14928, 11638, 14104, 13693, 12876, 13282, 14109, 12050, 14103, 12046, 12042, 15330, 11631, 12875, 10821, 14092, 17388, 14109, 14104, 12461, 13690, 13278, 14922, 13696, 14931, 14515, 14106, 14928, 12450, 13282, 11637, 14928, 12871, 12048, 11635, 14106, 14107, 14109, 14106, 12870, 13698, 10401, 12873, 12046, 13692, 15334, 12042, 12037, 14926, 14106, 14106, 13278, 14514, 12454, 15750, 14100, 14106, 13690, 14928, 15342, 13696, 15332, 16158, 13684, 13290, 13281, 13281, 10392, 15342, 11628, 15328, 13278, 14100, 14922, 14104, 15751, 14100, 16572, 15340, 13272, 14508, 12879, 16572, 12045, 12456, 12876, 15333, 15750, 11226, 12458, 12042, 13287, 14103, 12036, 10804, 14514, 13701, 13280, 12051, 13686, 12455, 14108, 16576, 8751, 14928, 12876, 12046, 14514, 16164, 14512, 14517, 13692, 12868, 16159, 10821, 14100, 16161, 11218, 14931, 13696, 15748, 15336, 14520, 12874, 13275, 14508, 13692, 11229, 13275, 12872, 14100, 14100, 15750, 12872, 14512, 10396, 13692, 15754, 12465, 12048, 12465, 14520, 13689, 15753, 10812, 15334, 10812, 14520, 12465, 14106, 15747, 10408, 14514, 13278, 14106, 12463, 13282, 13284, 15335, 16164, 16161, 14094, 11628, 14100, 14106, 13278, 13284, 10401, 13692, 15750, 12865, 14514, 12870, 12456, 13284, 13686, 14109, 13692, 12874, 12868, 10395, 14928, 16566, 15750, 15744, 15340, 14928, 12450, 11223, 14520, 14928, 15338, 10815, 13278, 11643, 13698, 15750, 11640, 14920, 12871, 12462, 13282, 12868, 12871, 12864, 15751, 13684, 14100, 11225, 14106, 15336, 12876, 9987, 15336, 11637, 16580, 14922, 15340, 14922, 14929, 14926, 16158, 10814, 12858, 11221, 14109, 14100, 14514, 16572, 16163, 12454, 16164, 16566, 14514, 13280, 14514, 10815, 14931, 13690, 14932, 14922, 15744, 14521, 15750, 11220, 16162, 12456, 13282, 14518, 15744, 15752, 14514, 15340, 12876, 15336, 14515, 11628, 13282, 12456, 9579, 15342, 14514, 12867, 13278, 14518, 15750, 14928, 10815, 11632, 11640, 14523, 12456, 12870, 14928, 12039, 12046, 11638, 14928, 14103, 14931, 12864, 14508, 12864, 15330, 14510, 12858, 16572, 12450, 11230, 14928, 13698, 12048, 11220, 14106, 13690, 13278, 10402, 12463, 12042, 16164, 14514, 9576, 15750, 14508, 13284, 16162, 9171, 13278, 15336, 11633, 14514, 13692, 13696, 14928, 14106, 12462, 13690, 13284, 15753, 15738, 14928, 15742, 9988, 12870, 14102, 17394, 11634, 11230, 12048, 11230, 13278, 14100, 12864, 12465, 14519, 11217, 12465, 13680, 14112, 14922, 14934, 13699, 13284, 12458, 14106, 12867, 16572, 14512, 11214, 12871, 14928, 14520, 10408, 14931, 15336, 14106, 10814, 16152, 10813, 14922, 14502, 11643, 13696, 12459, 14515, 14916, 12046, 14518, 16986, 13692, 14514, 12868, 13278, 14104, 14508, 14100, 14922, 13692, 15748, 14106, 15336, 14106, 13696, 14928, 16572, 12450, 14106, 13281, 14098, 16164, 13692, 12870, 17394, 13284, 12876, 14926, 14106, 13692, 17808, 12457, 15748, 13281, 12459, 12874, 12876, 15750, 12861, 14506, 14103, 14100, 16160, 16572, 11628, 17398, 12045, 12042, 15336, 10000, 11214, 11634, 14106, 12869, 14928, 14100, 12052, 14922, 10408, 14511, 14922, 14106, 14920, 14514, 11638, 12454, 13281, 15750, 11628, 12876, 14106, 11628, 14515, 12864, 12864, 14928, 12870, 14104, 13281, 13284, 15340, 10392, 15340, 13693, 14109, 13695, 13275, 14098, 11220, 13688, 12040, 13695, 14514, 15336, 14098, 12876, 15752, 15748, 16984, 13288, 12868, 12870, 12462, 14926, 16152, 12870, 14922, 12052, 15340, 12870, 15340, 12465, 11226, 13270, 14106, 13690, 16572, 14512, 15333, 16162, 12874, 12453, 15343, 12054, 15748, 12868, 13282, 13278, 14508, 12046, 13284, 15750, 12046, 17808, 13692, 15340, 14521, 16158, 10807, 14104, 13284, 13690, 13686, 14110, 14103, 11644, 10807, 12876, 14097, 13698, 14514, 13276, 8348, 14514, 15340, 13284, 9999, 14518, 12870, 14512, 16572, 12456, 14110, 13278, 14931, 15331, 12045, 13281, 12042, 12045, 14520, 13284, 14098, 12054, 12042, 17394, 14100, 13284, 15750, 14100, 15340, 12864, 15340, 11218, 12864, 15330, 13696, 12873, 14109, 13690, 14922, 12864, 11631, 14518, 14931, 11220, 12460, 12462, 14516, 10812, 14931, 14514, 14922, 11220, 14514, 14106, 12456, 11633, 15334, 12873, 12874, 11637, 13284, 16164, 12870, 14514, 12870, 14098, 14922, 13686, 14100, 11637, 12864, 13284, 13284, 12874, 15747, 14922, 13695, 15334, 11229, 12871, 11226, 13278, 16164, 11226, 15342, 14098, 14109, 11640, 12868, 13690, 14520, 13690, 12874, 15747, 12871, 12048, 13698, 14103, 14514, 12873, 12873, 15336, 13282, 12042, 14511, 14106, 15750, 15750, 12451, 12870, 13287, 13692, 14517, 12046, 11635, 14928, 16980, 14932, 10819, 16572, 11641, 14100, 15750, 13690, 14520, 13689, 11637, 13285, 14928, 10806, 13279, 14518, 12456, 9165, 15345, 13281, 16152, 11634, 12465, 14511, 8755, 13284, 13696, 13684, 13288, 14100, 14932, 15744, 15754, 12463, 15744, 12043, 12456, 14109, 13698, 12042, 15744, 14934, 12465, 14100, 14514, 13693, 14512, 15744, 13698, 12045, 15343, 12868, 14100, 12450, 12864, 15342, 13274, 16566, 14106, 16158, 13698, 17394, 14108, 13282, 15744, 11634, 15333, 12877, 13692, 12862, 12048, 12453, 11634, 12047, 14925, 13281, 10821, 16566, 12870, 14515, 13284, 13698, 15339, 12868, 13278, 15343, 9984, 15336, 13690, 14517, 11224, 14922, 15342, 14100, 13686, 14922, 14926, 13692, 11223, 12048, 14512, 13692, 12877, 14514, 13693, 12048, 13278, 13696, 16572, 14512, 11634, 14106, 15342, 11626, 14928, 10815, 14106, 14922, 12042, 12040, 13696, 13696, 14931, 13285, 14922, 14512, 14102, 14514, 14508, 12874, 14100, 12042, 13689, 9172, 14931, 12052, 14100, 14100, 14922, 12459, 14512, 13683, 16164, 15342, 14106, 14520, 16572, 14512, 13278, 13284, 14106, 13279, 13698, 11637, 15342, 14922, 12456, 12873, 13690, 14928, 13696, 14922, 12033, 14518, 13680, 15342, 15336, 10812, 12867, 14934, 14517, 12052, 12876, 12459, 12046, 16572, 15340, 11634, 12040, 14928, 14100, 14928, 12466, 13282, 13684, 14928, 12858, 13697, 12466, 14100, 11235, 15335, 14514, 12865, 15333, 12464, 12048, 15336, 13275, 12864, 15342, 13691, 14100, 14928, 14106, 13278, 12450, 14931, 16572, 13686, 15744, 12864, 14107, 10806, 13284, 13284, 15336, 12462, 14514, 14106, 15744, 16158, 15747, 14928, 10809, 14106, 11637, 11228, 12049, 15750, 12048, 12051, 17397, 11628, 14106, 16572, 14505, 15742, 11631, 16572, 12456, 13695, 12045, 12450, 11639, 14928, 16572, 12459, 9172, 15334, 15343, 13692, 14514, 15751, 16572, 12460, 12052, 12459, 14106, 12040, 15336, 12869, 15340, 13284, 14518, 12868, 15342, 16161, 12048, 12868, 13270, 11637, 15747, 15750, 12867, 11637, 14914, 15750, 12874, 17394, 13698, 12877, 16980, 10816, 14518, 13692, 14103, 12868, 11220, 12456, 11638, 12456, 12039, 13698, 14922, 14520, 13692, 12046, 15744, 13275, 12462, 14514, 12054, 15336, 12868, 14520, 14928, 13696, 12868, 14928, 12456, 12873, 15742, 11635, 12870, 13284, 14928, 13680, 14518, 12864, 14512, 13692, 16158, 12870, 12870, 14922, 13686, 14104, 13692, 12874, 13692, 16984, 13692, 12864, 14920, 14106, 13686, 15744, 14928, 13284, 13278, 14106, 14109, 12867, 12039, 15336, 12864, 16984, 15336, 12456, 14928, 15336, 13288, 13287, 13684, 15336, 12457, 15744, 14110, 14104, 11639, 13278, 14518, 13278, 14110, 15753, 15342, 14931, 12460, 15750, 12454, 12874, 12454, 12454, 11641, 15753, 14928, 12456, 12459, 15750, 12873, 13690, 13692, 14932, 13693, 15750, 15744, 12456, 12871, 12459, 16986, 14508, 13278, 16156, 15744, 13287, 12459, 12450, 12456, 14928, 12042, 15336, 13692, 13283, 13698, 13680, 14508, 11643, 12874, 12870, 14922, 12877, 14094, 14521, 12048, 14507, 13698, 14506, 12043, 14517, 12870, 11643, 12454, 13692, 11634, 16161, 12862, 15330, 15744, 9994, 15750, 15345, 12462, 14515, 16572, 14100, 14098, 16164, 12456, 14514, 13699, 12465, 11630, 13284, 13287, 14922, 14518, 14508, 12867, 15748, 12052, 15342, 12042, 14508, 13284, 14100, 14109, 15345, 11226, 13288, 14109, 13699, 16158, 14520, 13686, 12868, 12460, 12868, 15330, 14508, 13690, 13696, 14514, 11227, 15340, 14517, 10398, 16152, 13282, 15750, 16164, 13693, 12054, 13283, 12039, 14106, 12868, 13695, 14104, 12877, 15340, 12870, 14100, 14100, 12460, 13282, 14932, 12456, 13701, 14916, 12873, 12452, 14922, 9584, 13278, 12867, 11640, 11632, 15333, 12462, 11640, 11634, 12870, 15753, 14928, 11632, 12039, 11637, 13683, 16986, 12048, 14926, 14514, 15336, 14106, 11227, 14104, 11223, 15742, 12465, 12456, 12048, 12051, 15330, 11229, 14517, 14100, 13698, 11220, 12454, 15750, 14514, 13278, 16987, 13272, 14517, 13282, 14928, 15336, 15342, 12457, 12864, 14931, 12462, 14505, 14928, 12465, 14925, 15753, 13284, 12879, 14514, 12870, 15336, 13278, 14106, 14511, 13276, 14925, 14922, 13699, 11638, 12865, 13288, 13282, 15340, 12462, 14922, 13281, 13276, 16564, 14106, 14514, 12461, 15756, 14928, 13696, 16572, 14514, 14520, 12049, 15336, 14094, 12454, 14931, 13275, 13279, 12874, 11628, 15750, 15336, 13282, 16572, 14928, 12051, 11224, 14106, 11640, 14512, 13281, 12459, 11638, 12459, 12042, 14931, 10814, 13282, 9990, 12048, 10813, 15744, 8763, 13278, 15744, 14520, 14922, 14104, 12450, 10401, 11634, 13281, 10809, 14512, 14109, 14098, 13278, 14514, 14926, 12458, 14523, 14103, 10818, 13686, 15753, 12050, 14100, 14106, 11637, 13284, 12874, 13284, 14109, 14925, 12876, 12464, 13272, 13278, 13284, 13281, 15324, 14103, 13284, 14520, 11628, 12870, 15744, 14922, 9987, 13278, 13692, 13287, 13277, 14512, 13281, 13686, 14094, 13690, 14922, 13689, 14520, 14928, 12458, 14100, 14109, 14922, 14109, 15334, 14928, 14520, 15342, 12873, 13284, 13695, 14512, 12864, 14514, 16572, 10397, 15336, 16152, 12877, 11223, 14100, 15750, 12051, 14928, 16572, 11641, 12462, 14108, 15750, 15750, 13284, 15336, 12458, 10812, 15342, 12459, 12045, 13278, 14512, 15336, 10810, 14103, 14928, 14512, 14106, 9990, 15752, 13692, 14514, 13692, 9577, 14109, 13286, 14922, 13278, 11631, 15748, 14106, 13282, 15750, 13695, 12048, 14520, 15750, 12039, 13698, 12864, 11633, 14932, 13282, 15330, 14922, 12864, 13684, 13276, 13284, 16980, 14514, 14502, 14925, 12870, 12451, 14097, 12046, 13692, 12042, 12046, 14922, 12858, 12049, 14098, 15750, 12462, 13282, 16162, 9991, 16158, 12462, 12877, 12456, 13686, 14521, 15330, 15342, 12456, 16164, 12043, 14514, 14930, 14520, 11221, 17394, 15342, 13696, 15750, 14518, 13284, 13281, 14928, 12873, 11630, 15336, 16164, 14514, 15342, 12868, 14502, 14922, 11638, 14520, 13695, 12036, 13686, 14100, 14520, 14098, 12868, 13692, 15748, 13281, 13278, 12864, 14522, 12870, 10402, 12459, 13698, 12456, 13278, 12870, 11226, 11639, 12459, 15336, 13698, 15738, 13292, 13695, 14100, 12864, 14103, 14100, 14514, 11217, 13287, 14100, 18216, 12862, 13694, 14104, 11223, 16566, 14520, 13698, 13278, 13276, 15335, 11637, 15336, 12874, 11629, 16572, 14931, 13692, 12049, 11638, 11631, 13284, 11632, 12046, 14928, 13692, 13691, 13690, 14928, 12045, 12049, 13278, 12868, 12874, 14928, 11229, 13695, 14926, 12051, 12456, 13282, 13287, 14100, 12047, 12042, 11640, 11629, 13281, 12876, 14100, 11225, 11640, 15336, 14103, 14106, 15334, 14514, 13690, 14094, 14109, 10818, 14100, 12051, 15339, 15336, 14520, 12448, 13691, 11220, 15748, 14104, 11640, 14106, 10812, 14106, 14106, 10821, 14511, 14916, 16158, 14517, 12046, 13680, 14520, 12864, 12870, 14928, 16164, 13690, 11630, 14514, 13282, 12459, 12048, 13287, 13684, 16158, 14518, 12040, 16162, 12459, 12463, 12460, 12456, 15750, 13274, 9999, 16162, 15741, 13695, 17394, 13697, 11640, 15750, 12036, 14926, 12459, 14922, 13694, 12454, 11631, 16162, 12454, 13281, 12869, 14104, 12463, 13686, 13276, 14106, 13282, 13692, 11640, 12052, 17394, 13282, 16986, 15342, 11627, 13278, 11640, 14932, 15753, 13692, 14520, 16158, 13686, 11232, 14104, 12870, 14103, 9176, 14100, 13690, 12468, 13693, 13690, 12045, 12460, 13692, 12462, 13287, 16158, 14508, 16160, 16986, 13686, 14106, 16566, 15339, 13282, 10400, 13278, 14106, 13284, 12053, 13692, 12874, 14928, 14100, 14106, 13281, 13690, 16152, 14514, 10809, 12456, 14106, 12462, 14100, 14925, 12454, 13284, 14925, 10812, 14502, 14110, 14931, 16974, 16158, 13698, 12460, 11638, 12461, 14514, 9993, 14928, 14106, 10810, 14514, 16986, 12874, 15738, 14517, 14518, 12867, 14520, 16152, 12460, 14928, 13278, 14925, 15340, 15337, 16162, 13284, 15340, 13692, 14518, 13272, 11224, 14922, 10821, 12864, 13284, 14922, 14106, 14106, 15750, 14100, 15342, 10396, 11230, 13275, 12870, 14100, 12874, 14928, 15744, 15753, 16162, 9988, 14928, 13284, 12466, 13686, 14928, 12042, 13284, 17394, 10815, 12870, 13692, 13285, 12870, 14520, 13686, 14520, 12456, 16158, 10810, 12870, 13696, 14922, 14928, 14932, 12454, 12868, 16978, 14931, 14109, 13685, 12868, 17388, 12051, 14104, 13686, 12868, 14518, 14100, 8760, 12466, 14098, 12462, 11632, 11220, 15750, 10823, 14508, 12052, 13686, 14109, 11232, 13281, 13278, 14109, 10814, 13288, 14106, 12462, 14109, 11634, 12455, 11221, 14928, 14514, 15340, 11626, 14925, 13287, 13278, 13686, 13284, 14100, 11226, 16162, 12456, 14928, 12876, 11226, 14508, 12453, 15336, 12044, 14514, 14931, 15340, 14522, 15748, 12054, 11227, 15330, 11640, 11643, 14103, 14514, 12874, 15747, 13272, 14098, 15340, 15744, 14104, 14514, 12048, 13278, 15330, 12876, 14920, 11634, 14922, 12450, 9577, 15336, 13692, 14517, 13690, 14104, 9166, 12046, 15750, 14104, 11646, 12046, 14517, 13287, 13692, 11640, 12874, 13284, 14100, 13287, 16167, 12456, 13695, 12455, 14928, 15336, 11626, 14098, 14110, 11223, 14520, 14107, 13698, 10815, 14506, 14518, 16158, 14514, 15750, 11640, 15333, 13281, 13288, 12054, 13275, 12046, 12465, 15336, 15330, 15750, 14511, 16164, 14100, 13281, 12864, 16572, 12870, 12865, 12456, 13692, 15753, 14929, 15342, 14097, 13695, 12864, 15744, 13692, 12464, 14107, 13278, 12046, 13683, 13698, 14101, 10816, 14512, 13686, 11637, 12055, 14922, 12460, 14514, 13272, 14928, 12450, 14924, 13287, 11222, 14520, 15750, 12858, 13692, 15748, 12054, 12046, 14100, 10810, 12456, 15342, 14928, 14502, 15336, 14520, 14100, 14100, 10812, 16158, 13690, 12462, 12459, 16158, 15744, 15750, 15342, 14104, 13281, 13287, 11639, 14514, 14104, 13692, 13284, 13278, 11225, 13689, 14932, 14928, 12864, 14100, 12865, 13692, 16158, 14109, 14514, 12870, 13690, 10405, 14925, 16158, 13701, 14106, 15744, 12049, 11217, 14521, 14103, 12874, 12459, 10816, 13690, 15336, 14103, 14920, 14931, 12863, 15750, 12873, 14107, 16156, 11640, 13692, 15342, 11643, 13686, 14521, 10400, 14934, 14106, 14512, 14520, 13280, 15342, 12462, 12459, 12046, 14926, 12459, 14110, 14100, 12458, 14109, 15744, 13284, 14508, 14926, 15744, 13278, 16159, 14106, 11628, 15750, 12456, 12868, 13275, 14106, 14513, 16572, 14514, 10816, 11223, 14514, 12873, 12862, 14513, 15750, 11233, 14514, 13281, 12450, 14508, 10810, 15336, 13282, 12459, 15336, 13696, 14520, 15338, 14922, 13278, 13688, 14928, 14508, 13686, 14928, 12874, 11224, 13692, 15744, 10401, 14925, 12454, 14094, 13698, 17802, 13284, 13278, 15337, 16156, 13686, 11223, 12448, 12459, 14514, 12874, 12870, 11632, 12464, 15343, 12870, 14104, 11224, 13692, 13278, 12048, 14509, 13690, 14106, 13698, 13686, 14106, 15330, 13686, 15340, 11637, 14922, 11228, 14094, 14106, 12879, 14514, 14109, 14106, 15750, 13287, 12863, 11640, 15750, 13282, 15750, 16572, 12462, 13281, 13284, 13690, 14104, 17394, 14520, 13692, 12868, 15750, 12047, 11218, 12051, 14922, 15753, 13282, 15340, 16572, 10812, 15744, 14520, 14520, 16984, 14922, 14922, 13689, 15342, 14514, 13692, 16572, 14103, 12048, 13692, 16572, 13287, 14932, 12456, 10810, 11637, 15340, 12046, 12868, 14506, 13272, 14508, 15747, 14098, 14931, 11224, 15750, 14928, 13278, 15744, 11628, 11230, 12048, 12053, 11219, 14106, 14928, 12046, 14109, 14920, 13686, 10410, 13287, 14520, 12872, 13272, 13689, 14514, 14521, 11226, 14514, 12049, 14514, 14514, 15756, 14106, 14098, 14106, 13687, 9576, 14934, 15744, 13285, 15345, 14508, 12048, 15342, 12865, 12456, 12045, 14100, 13281, 15750, 14506, 13698, 14100, 14514, 16578, 10402, 14109, 14926, 10815, 12873, 16158, 14098, 14931, 14520, 11227, 12051, 13690, 12870, 16152, 13690, 12874, 12862, 12876, 13690, 12460, 14103, 13689, 13692, 10396, 14931, 14512, 14928, 15342, 14922, 12458, 14103, 12456, 11223, 14925, 14920, 12868, 13684, 12862, 10818, 14512, 17394, 14922, 14516, 13278, 15748, 12450, 11225, 15330, 14104, 14098, 15336, 14521, 13695, 13284, 14098, 10812, 16162, 13686, 15750, 15342, 15340, 13276, 12465, 14508, 12876, 12048, 16978, 10403, 15340, 13278, 12046, 15750, 9580, 12459, 12046, 12868, 11228, 14922, 12858, 15744, 14922, 17394, 11225, 14100, 12055, 11223, 14920, 14109, 12042, 13284, 14106, 14925, 14928, 13279, 12870, 14928, 17394, 12052, 14100, 12454, 12873, 12454, 12870, 15335, 9990, 14926, 14106, 12874, 13698, 13692, 14928, 13284, 13278, 14515, 14928, 13284, 11220, 14106, 11640, 13692, 14514, 10811, 11637, 13281, 14514, 14508, 12460, 12877, 13271, 14517, 14097, 16566, 12867, 11628, 14109, 12042, 15342, 14109, 12870, 12870, 12465, 15744, 14094, 13282, 14100, 14514, 12460, 14520, 12864, 11634, 14925, 13696, 11220, 15336, 11629, 14100, 13281, 15336, 13696, 12870, 12042, 12046, 14094, 14925, 11628, 12052, 16572, 12465, 12048, 15753, 14920, 12047, 12866, 14931, 14109, 10810, 14931, 14514, 9162, 12873, 13278, 13281, 13282, 13692, 12867, 9988, 14104, 12448, 14931, 15750, 14102, 11634, 14107, 14514, 10819, 12454, 14928, 12457, 12450, 14931, 9579, 13686, 12870, 14514, 14520, 12871, 14110, 14517, 13284, 11630, 13278, 13698, 13691, 14512, 11637, 15336, 14919, 14928, 14100, 12036, 15750, 15753, 13278, 15750, 10395, 13698, 13695, 10818, 10398, 14931, 12042, 14520, 14931, 14502, 14106, 15330, 13286, 13696, 11632, 12453, 14094, 13282, 14514, 14106, 14928, 9987, 13692, 12046, 15747, 14100, 12462, 13281, 16164, 16162, 11224, 16575, 11637, 16156, 14928, 14514, 14100, 12045, 15738, 15336, 11225, 11628, 15342, 13696, 13287, 13690, 14514, 13270, 16162, 14514, 13684, 15754, 14928, 14514, 11626, 11643, 14104, 13699, 12465, 12450, 13691, 13284, 13280, 15342, 14511, 16164, 13686, 14106, 12867, 14100, 9993, 15342, 13692, 15340, 14514, 9579, 13696, 12872, 14928, 12043, 14928, 14103, 13272, 14107, 12870, 12863, 11634, 15339, 14520, 15333, 14520, 13686, 14922, 14520, 14112, 10816, 15334, 12868, 14106, 13694, 11631, 13690, 12045, 10399, 13278, 14100, 15753, 14502, 13286, 10824, 13285, 14520, 15340, 14106, 15336, 14106, 12044, 14922, 10407, 13686, 11638, 14104, 14511, 12042, 14931, 12456, 15328, 14514, 11634, 12450, 13287, 14506, 15334, 11632, 12036, 11638, 13277, 13690, 12864, 14103, 11631, 14508, 12048, 11637, 14106, 13689, 14936, 12459, 13276, 12864, 14928, 14106, 14092, 14520, 9576, 15342, 13686, 15750, 15340, 14100, 12454, 13278, 10410, 13686, 12459, 14922, 12050, 12464, 14928, 14518, 16158, 14928, 13282, 14100, 15738, 12462, 13695, 15336, 12874, 8758, 12876, 14094, 12054, 16158, 14106, 11628, 12876, 14922, 13680, 12462, 14515, 10810, 10408, 13281, 12458, 15750, 15747, 14106, 13696, 13276, 15754, 13690, 14110, 12456, 12462, 15744, 14518, 11634, 16164, 11628, 13284, 14104, 14916, 15342, 14106, 16575, 12462, 13699, 14514, 14100, 14508, 13282, 14100, 12459, 13698, 14922, 11230, 9993, 12040, 11217, 17394, 15340, 14928, 12459, 13699, 11214, 14926, 14518, 14922, 12877, 16566, 14106, 14928, 14514, 15750, 11223, 12042, 12873, 15342, 12876, 14514, 13689, 14106, 12459, 12462, 14518, 14106, 12462, 14931, 14926, 14928, 14929, 14926, 15753, 12456, 12462, 10807, 13284, 10396, 16980, 14097, 16164, 10809, 16164, 12861, 12862, 13692, 11225, 13281, 13699, 14514, 15328, 12466, 15330, 15336, 12876, 15748, 13686, 14100, 14109, 12876, 16158, 12048, 12448, 14106, 11632, 11634, 12045, 12867, 14508, 14103, 15330, 13281, 14514, 11637, 15342, 14916, 14508, 12046, 13281, 13283, 14103, 14518, 12874, 14512, 14508, 11228, 12456, 15333, 15336, 15336, 14932, 13692, 16566, 13275, 16986, 12456, 14109, 16156, 13278, 14099, 13684, 13698, 17394, 14517, 14920, 12460, 12048, 12864, 14108, 14922, 11221, 16156, 12048, 16156, 13698, 15339, 10800, 12867, 14514, 11634, 16161, 15340, 16572, 14103, 11223, 14502, 13282, 13695, 14110, 11223, 14514, 13284, 14103, 13284, 12054, 15324, 14518, 14931, 14514, 12870, 13282, 14925, 15328, 13281, 14508, 14100, 12465, 12864, 11631, 13692, 14098, 12876, 12870, 12873, 12039, 14106, 14098, 11640, 13689, 14931, 11226, 13697, 16158, 13286, 12870, 13699, 13686, 14098, 13696, 11638, 13686, 16164, 11637, 13693, 14106, 14928, 15750, 14106, 14523, 13689, 14513, 8752, 13697, 12858, 14932, 14106, 14520, 12450, 14103, 14920, 14106, 14920, 14103, 12456, 15340, 13692, 15747, 14926, 14100, 13284, 13285, 13690, 12868, 13692, 14932, 13689, 13696, 12052, 14514, 13692, 10808, 15738, 14103, 16164, 12456, 12456, 16572, 13690, 12864, 12040, 12046, 13284, 13695, 13686, 15330, 15750, 9983, 15750, 10408, 16572, 14100, 14103, 15342, 15336, 15336, 12048, 14936, 13689, 12048, 14922, 12051, 13692, 13284, 13695, 15334, 13284, 12456, 13284, 14518, 15744, 11631, 15330, 12044, 14519, 13272, 11217, 14928, 12870, 12862, 12868, 13692, 16984, 12459, 14520, 14109, 15756, 12873, 15333, 13282, 14520, 11223, 14926, 14520, 10814, 14508, 14928, 14926, 11628, 15336, 14518, 13690, 14928, 14922, 12870, 12052, 14928, 14932, 13278, 9994, 12869, 14098, 9168, 15753, 13278, 13695, 15336, 12867, 12048, 13282, 15750, 13692, 15738, 12040, 14928, 14107, 10395, 14921, 15750, 14103, 14110, 12873, 15750, 14508, 16158, 14517, 15336, 14520, 15340, 11218, 14928, 14514, 12453, 14100, 11230, 14931, 12450, 14928, 15339, 13686, 11215, 14518, 14922, 14514, 11638, 12868, 14514, 13287, 14914, 10818, 13278, 13692, 12040, 13686, 12874, 13284, 13686, 12046, 14514, 15753, 8754, 11643, 12045, 14106, 14514, 11218, 11220, 15750, 9993, 12871, 12868, 16158, 10816, 15753, 14506, 14927, 14520, 13284, 14094, 14100, 16156, 13695, 14097, 14106, 15744, 11634, 15750, 13278, 14106, 14515, 14516, 14520, 12871, 14931, 16152, 14520, 14514, 13281, 15340, 17394, 8756, 15330, 11637, 15750, 16152, 14106, 12046, 12870, 12465, 14108, 12863, 12042, 15342, 13284, 12039, 11224, 11633, 11225, 13287, 14517, 15750, 15333, 10398, 13285, 14928, 12048, 12864, 12868, 13692, 12459, 13686, 11632, 11220, 13284, 14514, 13284, 17394, 14106, 14094, 15339, 12870, 12042, 13689, 10402, 13278, 14100, 16164, 11225, 14100, 14103, 14928, 13684, 14107, 13691, 15340, 13686, 12462, 14097, 12864, 13695, 12464, 12456, 14520, 14106, 14520, 13284, 13287, 15342, 12873, 13696, 14928, 15336, 15336, 15738, 12456, 14928, 14100, 15750, 14928, 9579, 15334, 11644, 14518, 13690, 14104, 14523, 15744, 13286, 11640, 14523, 12862, 14103, 15750, 11634, 15744, 12864, 15340, 13284, 12876, 10813, 12864, 13692, 13286, 12867, 14922, 13284, 12462, 11224, 14520, 12459, 16164, 12870, 14931, 12868, 12870, 12454, 15750, 13282, 12042, 14104, 14928, 12461, 14109, 13686, 12456, 11224, 14518, 10405, 14506, 12459, 12868, 12874, 11218, 11226, 16158, 14100, 14521, 14512, 12456, 13690, 14106, 14514, 12859, 13691, 16158, 13272, 14508, 14929, 16158, 14931, 12040, 13282, 12868, 14514, 13278, 13287, 14100, 18216, 12453, 14922, 12460, 10806, 15747, 14092, 14100, 15336, 14514, 12036, 13692, 14109, 15753, 14922, 16158, 16572, 14097, 13278, 12460, 12872, 10818, 14100, 13684, 12868, 13282, 13278, 15748, 14099, 12877, 13282, 14511, 14106, 15330, 13278, 15337, 11634, 12048, 13290, 14100, 13696, 12870, 12453, 7936, 14512, 14928, 14106, 14110, 12868, 15750, 13278, 12460, 15750, 14922, 10821, 15333, 12465, 14922, 9168, 14106, 11220, 12873, 13278, 14104, 14922, 15750, 12876, 12456, 14100, 15753, 14100, 12459, 14106, 15343, 13278, 12454, 14928, 14925, 15753, 12870, 11233, 13698, 15340, 12867, 11224, 14508, 14923, 12460, 13692, 12870, 13282, 10812, 12868, 14100, 16986, 12046, 12874, 15750, 14109, 13284, 13281, 13692, 15756, 12459, 12456, 15336, 14512, 13698, 13278, 10812, 14517, 13284, 12871, 14916, 12456, 15336, 12052, 12456, 11220, 13690, 16980, 12877, 12864, 14521, 14110, 13281, 14512, 14922, 12861, 13282, 15750, 11642, 14100, 15750, 14108, 14094, 11636, 12456, 12861, 17394, 13284, 13284, 12455, 14104, 14514, 13692, 13278, 14103, 11226, 13696, 14922, 10804, 16575, 12459, 17394, 12456, 14922, 13278, 14512, 13698, 14520, 15336, 11634, 14922, 11224, 12464, 12049, 14922, 14106, 10401, 14106, 9580, 14926, 12450, 14919, 12042, 15756, 14928, 14916, 12874, 14103, 14110, 14920, 10395, 15336, 14932, 11640, 11220, 14922, 12868, 11640, 16575, 12048, 13286, 12456, 13276, 16158, 11632, 15336, 14515, 14100, 10407, 13272, 13282, 11637, 15744, 13696, 14100, 14514, 12036, 14106, 14100, 12456, 15334, 15750, 15748, 14099, 12460, 14103, 13284, 11636, 14109, 14100, 11634, 16572, 13278, 16162, 12449, 15342, 10810, 13692, 13698, 14928, 15744, 12466, 15750, 13275, 12462, 15336, 12454, 11644, 17394, 14514, 14110, 14508, 14100, 12873, 14925, 14928, 13692, 15744, 15750, 15343, 11641, 12865, 13692, 15340, 14922, 11223, 13280, 10402, 13690, 11638, 14928, 13686, 12052, 14109, 9991, 16566, 14925, 13279, 11230, 14520, 14928, 12459, 12048, 13282, 16575, 12462, 13281, 16572, 12453, 11640, 15333, 13692, 13278, 12045, 14508, 14508, 9583, 14928, 13686, 15336, 12864, 13284, 13698, 11637, 14514, 13278, 12051, 14508, 15750, 13272, 14512, 12867, 14520, 13281, 15334, 13696, 15330, 12046, 14920, 13692, 12055, 14928, 10812, 13278, 16572, 13284, 12876, 17802, 11643, 14106, 16987, 9579, 15753, 15748, 14518, 13278, 16162, 12048, 14514, 15342, 12876, 13279, 14928, 14931, 14514, 12868, 13698, 16566, 13698, 14922, 14514, 11638, 12870, 15342, 16164, 12042, 13696, 15750, 14922, 14926, 12873, 16164, 13284, 13690}
Done logging to result_analysis/data_output/spy_results.txt.
Detaching from program: /Users/blenmac/Desktop/Research/CortexM_MPU_practice/Two_Cores/firmware.elf, Remote target
[Inferior 1 (Remote target) detached]
gdb -q firmware.elf \
	-ex "set pagination off" \
	-ex "set confirm off" \
	-ex "set logging file result_analysis/data_output/spy_results.txt" \
	-ex "set logging overwrite on" \
	-ex "set logging enabled on" \
	-ex "set print elements 0" \
	-ex "target extended-remote :3333" \
	-ex "p foo_time" \
	-ex "set logging enabled off" \
	-ex "dump binary memory result_analysis/data_output/spy_results.bin foo_time foo_time+10" \
	-ex "quit"
Reading symbols from firmware.elf...
Copying output to result_analysis/data_output/spy_results.txt.
Copying debug output to result_analysis/data_output/spy_results.txt.
Remote debugging using :3333
core0_main () at src/ex_6_flush_reload/cpu0.c:91
91	    while(1);
$1 = {8428, 8404, 8107, 7278, 9664, 8929, 7715, 8116, 9360, 9766, 7611, 8854, 9004, 8442, 8549, 12132, 8968, 9777, 10495, 8552, 10518, 6910, 7642, 8154, 6976, 6916, 8027, 10200, 9684, 8556, 9270, 10272, 8446, 7962, 8148, 7204, 5976, 6096, 5976, 6096, 5566, 5694, 5687, 5559, 6105, 5976, 5282, 6392, 5984, 6732, 6810, 8452, 10498, 9270, 8042, 8442, 7163, 11334, 10452, 8463, 11724, 8854, 11250, 12545, 10085, 10492, 10086, 10506, 11256, 8850, 10878, 8032, 8854, 8416, 11761, 9264, 9268, 7351, 9678, 10845, 9676, 9672, 10120, 8046, 6845, 8506, 12948, 8032, 8485, 11844, 7666, 9684, 9274, 8034, 8866, 7614, 12132, 10549, 10496, 9774, 10086, 12148, 10920, 9618, 12540, 12618, 10086, 9739, 10901, 9372, 8436, 8926, 8524, 8857, 9342, 8526, 9747, 9675, 10141, 8112, 11727, 9726, 10086, 9678, 6035, 10174, 11322, 10086, 8098, 7618, 9360, 7254, 10590, 10905, 9820, 8788, 10918, 8125, 8544, 10488, 6481, 10500, 10500, 9673, 6065, 7620, 7316, 8850, 10621, 7200, 8850, 7742, 7740, 10620, 11442, 9262, 7331, 5569, 5154, 5925, 5562, 8976, 5976, 4453, 5155, 5976, 5151, 6108, 5980, 6924, 6804, 6921, 6504, 6388, 7218, 5745, 10918, 10268, 9676, 7632, 9666, 9676, 12960, 7164, 9264, 10050, 8026, 11340, 8604, 9666, 10664, 7614, 9708, 10090, 10015, 8029, 7185, 10086, 11056, 8440, 9238, 7650, 11722, 11318, 11454, 10506, 8447, 11372, 10086, 7745, 7247, 8025, 8568, 10122, 10078, 8862, 8856, 9826, 9318, 8025, 10438, 10092, 10494, 8916, 8010, 11322, 9264, 8904, 7213, 11298, 8436, 9348, 9684, 8022, 10578, 10086, 9334, 8440, 10162, 8436, 10480, 9261, 12960, 9658, 9756, 11461, 10091, 8034, 8494, 8860, 6383, 8530, 7210, 11676, 11313, 9318, 8952, 8441, 10494, 11676, 9672, 7710, 10486, 9348, 8142, 9666, 7170, 9270, 5725, 8185, 6796, 11482, 9258, 8808, 10492, 8400, 7209, 8550, 9678, 6799, 8556, 10217, 10194, 5969, 7733, 9684, 5569, 8034, 7615, 6794, 8212, 6803, 7614, 7205, 5748, 6096, 5150, 5694, 6574, 6390, 5279, 7332, 5975, 6808, 6157, 10104, 11334, 8854, 8856, 10256, 8436, 8386, 8848, 10020, 11316, 7979, 9670, 10668, 9273, 10086, 10090, 6817, 9420, 10926, 10659, 8886, 11322, 8419, 9299, 11374, 10488, 8038, 11724, 12546, 10080, 8182, 10914, 8077, 9017, 8442, 8850, 10122, 7627, 8988, 7617, 9665, 8448, 8846, 11670, 10500, 8034, 8442, 9682, 8443, 7612, 9702, 9270, 8796, 8553, 6446, 10530, 8088, 9363, 9774, 12144, 7961, 10908, 8938, 9273, 9300, 8844, 8835, 7293, 11728, 8826, 10494, 7596, 9816, 10164, 9336, 11320, 7182, 8028, 11326, 12624, 10986, 10081, 9330, 8986, 10074, 8506, 8530, 8444, 7183, 7257, 10175, 9204, 9264, 6382, 6940, 9670, 6897, 8406, 9396, 10494, 10534, 9776, 6802, 11670, 9270, 8541, 10902, 9268, 10500, 8436, 10498, 8031, 7315, 9682, 8972, 9255, 9378, 7319, 9678, 7217, 9612, 8441, 9614, 9792, 5688, 5562, 4741, 5682, 5985, 6102, 7212, 6100, 6798, 7206, 5916, 7806, 8855, 7206, 11730, 12142, 12564, 10507, 11304, 7620, 11256, 10089, 10044, 7626, 9625, 10902, 8071, 9260, 9828, 10518, 8448, 8484, 9262, 10914, 8445, 11256, 12132, 6795, 8024, 10072, 9702, 10257, 9294, 10081, 7615, 9258, 7623, 7662, 7607, 10962, 9792, 8892, 7618, 10079, 10206, 10894, 7200, 9730, 9676, 10147, 8022, 8908, 9264, 11664, 9670, 8028, 9244, 9666, 8890, 8922, 10126, 6792, 10066, 8995, 10082, 9784, 8449, 8961, 8850, 8853, 9678, 8446, 8444, 9262, 9756, 8028, 10630, 10914, 8442, 5627, 9774, 8859, 9312, 5655, 8034, 6876, 7662, 8847, 7696, 10494, 8541, 8446, 6480, 8028, 9204, 8856, 8153, 8028, 10435, 7714, 9684, 9684, 10914, 9370, 9678, 5575, 7799, 8454, 9384, 8844, 10205, 8850, 7624, 8141, 6789, 8568, 5272, 5564, 11638, 14931, 13278, 14502, 14928, 14928, 12466, 12456, 16164, 12870, 15336, 14931, 12460, 11634, 12870, 16164, 15744, 14928, 14106, 14516, 14520, 13276, 12046, 13687, 12876, 11628, 14512, 13698, 11641, 13701, 12048, 12050, 12874, 15333, 14100, 13272, 15342, 9577, 14928, 15336, 11638, 13698, 13278, 15750, 11631, 13284, 15330, 13695, 14106, 14514, 14517, 10822, 15336, 14508, 12868, 13275, 14520, 13686, 12456, 12040, 13284, 11232, 13282, 14518, 13278, 14928, 12874, 14922, 15336, 14518, 12034, 14518, 12052, 13692, 14103, 13284, 14106, 15750, 14926, 15750, 13282, 13696, 15756, 13701, 13284, 12450, 14928, 13692, 10806, 15748, 14514, 14514, 14928, 13284, 16980, 11636, 11634, 14512, 14512, 12454, 14094, 15334, 14930, 14103, 14520, 14508, 12466, 14100, 14108, 15744, 10398, 13695, 16158, 12042, 14103, 12868, 17394, 12466, 14514, 15748, 14520, 13686, 15744, 14512, 13692, 16150, 13692, 12048, 14106, 12049, 14103, 12040, 15335, 16158, 12456, 15750, 10400, 16158, 14106, 14100, 14520, 14932, 12459, 14106, 9990, 13281, 14100, 12454, 14928, 10405, 15336, 14520, 16158, 12459, 11220, 12049, 14100, 12052, 17394, 12041, 14104, 13689, 11637, 14098, 14514, 15750, 14100, 11638, 16164, 13281, 12873, 13686, 12864, 10811, 11643, 14104, 14106, 12874, 14511, 10815, 12460, 13697, 11224, 14517, 13698, 14922, 15335, 14106, 10806, 15744, 14101, 11635, 13698, 11637, 11638, 12871, 12456, 15744, 14106, 17394, 13276, 13281, 12053, 11628, 12043, 16572, 12462, 9575, 12868, 15343, 10812, 11634, 15750, 11637, 12874, 14106, 11634, 14517, 14922, 13278, 13278, 13278, 15750, 12873, 15744, 11634, 12868, 14928, 9996, 16572, 12456, 14926, 14100, 15753, 13687, 13284, 14928, 12045, 14920, 15342, 13686, 14931, 11220, 13278, 14512, 13281, 12457, 12052, 14103, 10815, 11635, 12864, 13695, 14508, 13280, 14100, 14103, 11224, 12459, 12048, 12457, 11224, 13687, 14520, 14926, 12456, 12045, 14928, 13698, 14514, 15342, 15750, 12450, 14514, 14508, 9993, 11224, 12456, 15748, 16164, 9162, 14520, 14109, 14931, 11628, 12874, 14514, 15333, 14922, 14109, 12460, 13284, 12460, 13275, 14928, 12459, 12465, 13680, 12044, 15336, 15340, 12042, 16566, 12873, 15753, 14518, 14919, 13278, 15342, 15742, 15750, 13695, 14922, 11223, 15342, 14922, 12870, 14106, 13272, 11221, 12870, 14104, 11640, 14926, 14925, 11218, 14518, 13272, 13690, 15744, 11637, 14922, 13276, 14922, 10402, 15340, 14100, 14514, 12042, 14514, 14513, 12862, 13696, 12871, 13686, 16158, 14514, 13281, 12450, 15339, 14100, 15334, 12874, 12864, 13282, 12461, 16566, 15334, 13695, 13272, 14922, 11625, 15336, 10803, 14928, 16158, 14516, 12048, 14520, 12465, 12456, 14516, 12870, 13690, 12456, 13693, 15744, 12876, 12459, 10812, 11634, 12870, 14518, 13692, 14926, 14926, 12459, 14514, 14106, 12861, 16986, 14931, 13680, 14104, 13278, 14520, 12873, 14928, 12052, 13281, 14100, 16570, 11220, 14514, 12858, 14928, 12054, 12867, 15336, 13684, 12858, 13282, 14512, 13277, 13684, 12867, 13287, 12042, 14521, 11226, 11227, 13278, 14922, 14926, 13698, 14502, 15338, 14931, 10400, 16986, 10806, 14517, 16156, 15750, 14110, 14928, 13693, 13284, 16572, 15340, 16575, 13692, 13278, 12048, 12454, 13691, 13692, 15334, 14514, 12864, 10398, 14520, 13281, 12876, 12045, 12870, 14925, 13282, 13278, 14928, 15747, 15328, 15333, 11232, 13278, 11224, 14931, 12459, 12040, 15747, 12048, 9172, 16569, 10404, 15753, 14928, 12873, 11628, 14520, 13698, 9573, 13698, 15751, 11229, 13287, 12862, 12868, 16162, 11634, 13685, 14922, 11627, 14931, 14928, 12462, 15336, 11633, 13693, 13278, 14926, 13696, 14514, 9994, 13695, 15328, 12874, 14094, 12870, 13686, 13276, 13272, 9985, 11227, 15744, 11644, 11223, 14106, 12870, 14514, 12052, 13277, 12459, 14521, 15750, 14508, 13278, 14925, 14108, 13272, 13287, 14104, 12454, 14925, 15340, 16574, 9999, 15340, 12042, 13281, 16164, 13692, 11229, 10398, 13278, 13692, 14520, 16566, 12452, 14520, 13692, 11224, 14928, 12876, 12051, 14521, 12042, 13686, 14098, 16570, 13272, 11220, 13272, 13693, 14105, 14520, 10812, 14108, 14928, 14514, 13285, 14106, 14922, 14922, 13696, 15750, 12868, 15756, 14925, 13690, 9987, 14926, 14104, 12049, 12870, 14109, 14518, 11220, 13686, 14109, 12862, 11642, 13692, 12047, 14112, 14104, 12456, 14100, 14928, 10401, 14512, 9168, 13692, 13278, 15345, 11644, 12045, 14106, 12466, 10397, 16570, 9993, 12864, 12052, 13287, 12869, 15744, 14515, 13696, 11635, 13272, 14098, 13690, 14916, 12871, 13278, 15342, 16566, 14518, 11224, 14110, 12867, 13698, 12864, 12450, 13698, 9575, 11628, 10815, 13287, 12868, 14109, 12462, 14508, 14514, 16980, 14521, 12460, 12459, 12460, 16161, 12867, 16572, 13692, 13696, 15744, 12870, 16566, 15340, 13686, 14512, 12867, 14521, 12459, 14100, 13278, 14109, 13277, 13278, 15744, 11234, 12456, 12873, 12879, 14107, 14928, 10810, 14520, 12456, 11638, 14922, 13692, 13287, 15750, 13278, 13285, 13276, 17394, 13288, 13287, 12462, 12858, 14928, 15744, 13698, 12043, 11634, 13696, 13690, 14514, 17394, 12052, 15744, 11640, 14922, 16986, 14520, 14109, 15750, 15336, 15343, 11632, 16974, 15753, 14109, 15336, 14931, 13278, 14520, 14109, 16572, 13687, 11223, 13276, 14920, 14928, 10812, 12042, 12057, 14922, 14523, 11632, 14520, 14106, 14508, 15750, 11633, 12047, 16164, 14109, 13692, 14928, 14520, 9570, 13284, 14521, 12868, 15339, 12450, 13282, 13278, 14508, 13695, 14100, 13691, 12858, 10816, 14932, 12054, 13692, 14928, 14514, 12051, 12876, 15334, 11632, 12052, 12044, 12874, 15334, 11230, 13284, 13696, 12463, 14094, 14100, 12873, 14106, 12462, 11630, 13284, 13281, 15336, 12464, 14520, 12455, 12864, 12870, 14925, 15340, 12462, 12046, 15336, 12874, 14922, 14100, 14514, 15744, 13692, 13695, 16152, 14928, 12456, 12045, 12041, 15750, 14107, 14928, 13278, 16566, 14922, 12048, 14108, 14518, 15750, 15748, 13686, 13282, 15343, 12036, 13287, 16572, 15336, 13692, 10809, 14925, 14518, 13284, 14518, 13272, 13284, 14928, 12868, 13690, 13285, 12046, 14100, 13282, 16984, 12459, 14518, 12450, 11226, 14931, 11635, 15340, 13692, 12868, 12876, 13692, 14100, 14103, 13281, 13281, 12046, 12864, 15339, 13278, 13692, 13281, 11224, 16164, 12453, 12454, 14929, 11218, 15744, 15336, 15340, 12876, 14109, 17806, 14100, 12456, 11634, 16572, 14103, 14928, 14098, 13287, 13288, 14931, 12042, 16984, 14512, 13284, 14520, 9991, 12456, 14926, 14520, 12454, 12459, 14106, 13282, 12873, 12863, 13690, 12450, 14515, 13686, 13278, 14931, 13685, 14514, 16980, 13691, 12040, 13275, 15750, 12870, 12463, 13689, 12052, 16572, 13284, 9989, 14922, 14931, 14097, 12456, 12875, 9573, 15750, 11226, 13278, 12039, 14931, 13698, 13275, 13284, 15753, 11632, 12870, 16572, 14514, 13696, 14103, 12864, 13693, 11637, 16158, 12458, 12040, 16566, 12862, 10809, 13272, 12870, 14107, 14928, 15334, 14106, 13696, 15750, 12462, 15750, 12864, 14514, 13281, 15336, 11634, 16152, 12459, 15744, 14928, 12862, 14110, 14928, 13692, 14103, 14922, 16164, 14508, 16164, 13284, 13278, 11222, 15750, 9582, 13694, 12462, 14100, 12870, 14512, 12867, 15753, 16164, 10816, 14106, 16980, 11638, 14926, 13281, 12870, 13692, 10390, 14104, 14928, 14104, 14931, 13282, 14107, 11221, 14518, 14928, 14931, 13692, 14518, 16164, 14109, 12046, 14514, 12874, 16164, 12465, 14109, 13272, 13281, 14109, 12870, 13284, 12042, 12876, 14514, 12465, 12042, 12454, 15342, 15750, 16164, 13689, 14512, 14106, 14926, 14929, 13278, 13277, 12871, 11632, 13692, 14112, 14928, 14100, 13692, 16158, 14926, 15336, 12464, 11628, 12043, 16572, 15750, 14508, 14520, 12454, 15750, 12864, 11232, 12864, 12456, 14106, 15753, 13686, 12460, 10810, 13689, 14922, 10403, 14514, 14098, 11634, 12873, 14100, 14106, 13698, 12868, 13286, 14100, 15328, 14928, 10407, 14104, 9577, 14926, 12454, 15339, 12870, 13698, 14520, 13279, 13278, 12458, 12460, 14514, 15750, 12868, 11223, 12877, 11634, 16575, 14928, 12870, 11634, 12460, 16986, 13692, 15744, 14100, 14097, 16161, 9984, 15742, 10404, 14928, 13278, 12461, 14931, 12462, 14922, 12870, 14514, 12048, 12049, 13686, 14922, 14109, 11638, 10809, 12054, 12453, 11220, 14521, 14517, 12870, 15750, 10822, 11635, 14112, 11220, 12868, 14518, 11628, 11220, 13698, 13690, 14106, 11643, 13278, 16572, 14922, 14112, 12051, 12042, 11217, 14928, 14521, 14100, 11221, 15342, 12454, 13690, 14922, 14925, 14928, 17806, 12876, 14106, 12454, 14098, 13278, 12871, 13276, 16164, 15744, 13272, 14106, 14109, 14100, 15340, 13275, 11628, 13278, 12465, 13692, 12865, 16572, 13692, 13280, 15750, 13278, 12453, 11632, 9582, 15750, 14110, 13281, 13284, 11224, 14109, 14518, 10812, 15342, 13692, 15747, 14922, 11635, 12453, 13284, 14926, 14106, 15754, 14514, 13690, 14514, 9159, 12858, 15334, 15336, 12048, 15750, 14104, 13281, 12465, 11220, 13692, 12046, 14931, 13686, 13683, 13691, 12866, 14508, 15748, 12864, 13281, 15756, 14106, 14518, 13686, 11641, 13287, 11632, 16164, 12455, 12056, 13693, 13698, 13287, 14514, 11635, 15744, 16572, 14928, 10821, 14925, 14932, 12454, 14094, 17394, 13696, 12057, 14106, 14104, 14931, 10815, 15750, 10818, 14521, 12462, 13278, 15750, 6293, 15748, 15336, 14922, 15340, 12049, 13272, 13686, 16164, 14106, 13699, 13279, 12876, 14514, 13698, 13698, 12052, 13696, 12055, 11227, 14104, 12861, 14928, 14518, 14100, 13692, 11634, 13696, 11226, 15753, 11223, 14098, 16164, 14922, 16158, 14100, 15334, 14103, 16572, 13284, 12870, 11634, 14518, 12048, 15744, 12459, 15744, 10812, 14931, 13690, 12462, 12459, 12457, 12450, 15342, 12462, 15336, 12870, 14519, 14109, 12871, 14928, 11634, 12049, 12458, 12868, 17394, 15343, 14928, 12453, 14106, 13698, 15750, 13696, 12456, 14928, 15334, 14106, 13686, 12864, 12460, 13278, 16576, 13680, 13286, 10806, 11232, 14512, 14931, 13276, 12042, 11634, 11214, 15340, 12868, 13284, 14928, 13275, 13282, 11226, 13689, 13696, 12042, 14100, 12868, 12460, 14928, 13278, 14922, 12868, 13690, 14508, 14516, 14514, 14926, 14110, 15336, 14103, 13694, 13278, 16158, 13696, 13278, 12454, 14100, 14518, 10814, 16152, 16572, 14110, 13272, 11230, 14106, 12052, 17394, 15333, 13278, 14931, 12867, 14523, 13282, 12052, 13287, 15748, 15339, 14520, 14100, 14098, 13282, 11232, 14929, 12462, 11640, 13278, 12870, 12864, 14514, 12868, 15340, 12042, 14520, 14514, 11223, 17394, 12460, 14514, 10816, 15336, 16162, 14094, 12048, 13272, 16161, 11212, 13287, 12867, 15324, 12462, 14931, 14106, 15336, 13692, 13695, 14106, 13289, 13696, 12864, 13692, 11643, 14922, 12874, 15330, 11221, 12874, 12456, 14109, 14106, 16566, 15336, 14520, 12874, 13696, 10408, 12864, 13696, 12456, 15336, 13282, 12450, 10398, 12870, 12048, 14928, 13276, 13698, 17802, 14931, 14512, 10399, 14928, 14928, 11638, 14512, 14100, 14112, 9991, 15750, 15336, 11628, 13696, 14514, 11630, 13692, 15339, 12868, 14512, 13684, 14925, 12051, 12864, 11638, 13692, 14518, 15750, 11634, 15750, 12460, 12870, 14514, 14107, 13272, 12465, 13284, 14095, 13686, 12870, 16158, 12459, 14520, 14517, 14509, 12054, 15744, 12452, 14093, 13290, 9983, 13687, 15750, 14514, 10396, 13277, 12867, 14100, 15334, 14925, 12868, 12864, 15330, 15750, 14107, 11224, 13272, 14930, 14104, 15750, 12450, 13284, 15336, 11226, 14517, 12056, 14109, 14520, 14100, 16162, 13698, 14926, 12873, 12459, 13692, 12459, 11638, 15342, 14103, 14106, 12864, 14518, 13680, 14928, 12052, 13692, 11632, 13694, 16576, 12036, 15744, 14930, 16572, 12864, 12868, 13287, 12050, 14520, 14922, 13275, 13287, 11634, 14514, 13690, 16158, 12052, 13272, 11230, 13278, 14092, 15339, 12456, 14106, 13686, 13284, 12870, 12454, 14103, 15753, 11218, 15750, 15342, 12873, 14100, 13692, 12868, 9989, 15750, 15750, 15336, 16572, 14514, 14922, 9983, 14928, 12867, 12870, 15339, 14518, 15747, 15343, 14514, 13275, 9586, 18216, 14100, 14508, 13686, 7521, 12874, 15333, 14516, 14514, 14523, 14094, 14520, 16572, 16974, 15336, 13288, 15750, 12868, 11230, 15338, 13692, 12870, 15750, 14520, 15340, 14109, 11224, 13695, 14928, 15750, 14512, 15336, 14928, 13692, 13694, 14514, 13696, 13278, 12465, 12462, 14929, 13276, 16986, 11640, 14512, 10813, 12456, 12456, 16572, 14096, 11218, 14103, 9998, 13281, 14929, 12459, 16572, 14109, 12055, 13686, 12454, 10402, 13692, 15330, 12464, 14103, 13282, 12040, 14514, 11637, 14100, 10401, 14922, 15333, 11218, 15750, 16566, 11628, 12462, 14103, 12456, 14517, 13287, 14514, 12460, 9571, 12048, 12873, 12456, 14112, 15753, 14931, 12873, 12462, 16566, 11634, 15336, 11631, 13698, 13279, 14514, 14512, 12871, 13284, 14103, 12462, 14511, 13684, 12460, 12864, 12454, 13281, 14112, 11632, 13288, 15340, 14106, 12036, 14094, 14518, 10396, 14104, 14100, 12459, 15747, 10810, 15753, 13286, 13692, 13281, 13286, 12046, 16572, 9991, 12046, 13281, 14104, 16161, 15336, 16158, 12046, 14928, 14106, 12048, 12873, 16980, 12462, 17397, 13692, 12865, 13696, 13686, 13696, 13686, 18216, 15339, 16572, 14928, 13695, 14926, 13287, 14929, 13284, 12868, 15750, 12871, 13278, 15750, 12864, 14931, 14109, 12454, 13696, 14925, 16984, 15750, 13282, 12459, 12876, 15750, 14103, 14514, 15340, 12868, 12450, 14928, 15744, 13272, 14512, 16162, 12864, 12870, 15340, 16572, 13282, 14106, 16158, 12873, 12450, 14104, 11220, 13701, 14106, 12460, 13287, 12867, 12048, 12456, 14515, 13278, 12864, 15744, 10808, 16572, 12046, 14922, 14518, 14514, 14100, 12870, 14928, 13278, 13288, 13680, 11635, 14520, 15744, 13692, 13285, 13698, 13280, 14922, 14928, 14931, 14100, 16158, 14514, 12871, 13288, 13281, 14094, 13284, 14502, 13287, 12870, 10813, 12867, 9984, 12049, 15342, 10398, 13696, 15753, 12874, 15334, 11628, 14520, 15330, 14104, 13690, 13284, 14928, 14928, 14110, 13686, 14521, 14103, 13273, 11643, 14514, 10814, 16576, 16164, 15750, 14109, 14512, 13692, 17394, 11634, 11223, 12862, 12873, 12046, 12868, 14930, 14100, 14109, 12448, 12465, 16164, 11637, 14100, 14106, 11641, 14922, 14519, 14920, 12054, 14931, 12456, 14922, 15342, 15753, 13686, 14928, 14508, 14928, 10397, 15750, 12048, 14931, 11221, 14108, 13698, 11225, 17394, 14518, 14106, 12465, 14100, 13692, 14506, 10404, 12873, 14514, 14514, 14928, 14922, 14107, 13272, 12867, 12865, 10810, 15750, 14506, 13286, 14514, 16158, 15750, 12858, 13689, 14934, 13278, 16572, 12867, 13284, 14928, 14101, 9580, 15336, 12874, 14103, 9991, 15336, 14931, 13698, 13695, 10806, 15754, 14106, 16158, 14520, 14100, 13686, 14922, 16572, 13692, 13282, 14508, 13278, 14928, 14100, 12462, 11645, 11634, 14106, 13690, 15750, 12459, 16980, 13693, 14100, 12867, 12454, 15336, 11217, 14922, 12462, 14928, 14520, 13281, 11635, 16986, 14106, 14104, 15339, 13695, 13695, 14928, 10813, 14928, 15336, 12456, 11630, 10398, 15744, 11643, 12876, 14514, 13287, 12040, 13695, 14922, 13281, 15344, 10810, 14928, 15744, 14514, 14508, 15342, 14098, 13272, 12867, 15336, 16158, 11640, 15336, 12039, 16162, 14109, 11221, 12458, 14931, 12456, 12865, 14927, 12456, 15334, 11637, 16986, 12867, 14103, 16158, 12465, 15333, 14931, 13278, 17808, 15744, 13278, 12864, 14928, 14925, 12040, 16165, 14514, 12044, 10812, 16986, 12042, 12459, 14922, 12047, 13696, 15343, 14094, 14106, 13278, 14928, 11643, 14514, 12868, 14513, 14106, 11638, 14514, 13684, 10813, 17394, 11218, 15742, 12462, 15336, 13686, 12874, 14103, 14514, 12465, 12048, 14103, 12456, 11634, 14925, 14514, 15336, 8748, 15336, 14109, 12048, 14514, 15342, 15336, 16156, 11226, 12870, 11631, 13278, 15336, 15336, 14514, 14514, 14508, 14103, 13696, 9989, 14108, 12054, 13696, 14106, 16572, 12462, 16572, 12873, 11634, 15342, 9990, 14934, 13284, 16560, 12452, 14100, 12868, 11633, 12873, 13278, 12867, 15750, 12460, 15744, 14520, 13695, 14926, 15750, 14928, 14094, 16164, 11628, 15750, 12470, 12862, 14523, 14508, 12044, 12458, 13287, 13278, 12040, 14104, 13278, 14928, 12049, 15750, 14922, 15342, 14104, 16572, 11232, 13690, 14510, 15750, 15330, 12049, 14931, 14916, 15342, 15336, 12873, 14106, 13281, 12040, 16162, 14925, 11218, 12042, 16164, 13695, 13287, 14523, 12876, 13696, 13278, 13693, 13278, 13686, 12052, 12052, 14928, 11628, 14508, 13278, 14110, 14100, 14514, 14100, 15748, 13698, 14512, 12036, 14514, 13282, 14100, 15343, 15330, 14922, 10398, 15750, 14920, 12462, 14109, 13692, 14514, 13690, 12046, 12042, 11634, 16158, 12867, 13278, 13686, 14922, 11643, 14520, 12048, 14514, 14515, 14109, 12876, 13698, 10812, 14100, 14502, 12052, 15744, 13278, 13692, 14922, 11628, 13276, 16984, 14922, 14521, 10818, 14514, 12047, 12874, 11228, 15742, 13696, 14100, 13280, 12457, 12449, 11643, 14107, 12462, 13278, 14104, 12456, 14104, 13277, 9990, 11220, 14928, 15330, 13278, 14106, 12870, 13281, 16158, 14517, 12458, 12870, 14521, 8754, 15753, 12464, 14514, 14928, 13272, 14110, 12049, 12462, 12459, 13690, 13686, 14928, 12462, 16157, 14518, 12040, 13290, 11634, 12868, 11641, 14521, 14099, 12870, 12043, 14106, 13272, 13284, 12462, 12051, 13692, 16158, 14931, 12870, 15345, 12870, 17394, 10806, 13686, 12867, 14106, 10396, 13284, 11214, 13690, 13278, 16156, 13278, 11638, 12049, 14106, 14914, 14505, 13692, 13693, 13692, 12042, 13282, 13689, 12051, 14104, 13695, 14932, 16152, 14109, 16575, 14521, 13276, 16158, 12054, 15343, 12874, 13691, 12460, 12452, 12868, 13690, 14514, 12049, 12872, 17394, 12466, 11628, 15750, 11638, 12048, 15744, 14100, 14512, 12466, 12460, 15742, 13686, 15340, 12872, 13284, 14931, 14112, 13278, 12870, 13686, 13281, 13278, 12456, 12462, 16572, 13690, 14932, 14520, 14514, 14932, 13686, 10812, 15340, 15744, 13284, 14922, 14517, 14520, 10810, 14928, 13278, 14517, 12456, 14106, 13686, 11230, 14106, 12047, 14922, 12462, 13690, 14106, 12459, 13692, 14922, 13287, 12456, 12046, 13692, 10800, 14523, 11632, 13281, 13272, 12462, 16984, 14922, 13276, 9991, 12864, 12454, 15336, 14506, 15753, 12861, 12874, 14926, 13275, 15744, 12465, 16158, 12046, 14922, 15750, 14926, 13281, 11632, 16162, 12039, 13690, 17394, 12044, 15342, 13698, 15336, 12462, 15748, 12864, 13278, 14106, 12466, 15330, 13288, 12459, 14514, 14106, 13282, 15744, 16569, 12462, 13692, 14916, 13692, 13282, 13278, 12858, 13690, 13692, 14925, 10410, 14518, 10397, 16564, 13276, 13284, 12453, 16572, 12054, 14106, 14106, 13278, 12873, 14100, 11637, 14512, 10819, 16566, 9993, 13686, 13287, 12870, 15336, 13695, 14924, 14517, 14502, 15345, 9992, 13287, 10810, 12861, 12864, 12873, 12048, 15753, 14520, 12042, 14514, 10402, 13284, 13686, 16164, 10821, 11628, 10402, 14928, 12468, 13696, 12455, 16566, 13698, 16164, 12042, 15750, 10815, 13278, 15744, 12448, 12054, 14923, 14110, 12456, 13278, 14514, 12456, 14100, 14512, 15333, 11634, 12049, 15336, 12876, 16152, 13686, 14102, 14922, 14512, 12052, 13278, 10404, 14925, 14520, 9990, 15336, 12873, 12048, 14517, 15754, 12462, 12460, 17394, 12454, 13690, 12869, 11640, 14508, 12868, 16980, 11626, 16984, 12054, 13281, 13282, 12045, 12460, 14922, 15342, 13692, 13690, 13686, 11638, 14107, 14508, 11226, 13678, 14926, 11226, 16572, 14521, 12870, 15340, 12874, 14100, 15335, 14108, 13695, 16573, 14106, 14928, 14928, 14098, 12054, 9993, 15340, 12036, 14928, 12456, 14512, 12460, 14109, 14508, 9574, 15328, 13690, 13698, 16156, 12868, 14508, 14514, 14100, 13690, 12048, 14110, 12876, 14926, 13696, 13692, 9994, 16572, 13279, 15330, 14920, 12870, 13696, 16572, 15748, 12042, 14922, 11637, 12450, 14924, 14514, 12452, 14922, 15744, 13287, 14103, 11626, 12046, 14100, 14520, 14928, 12869, 13678, 12868, 12867, 16158, 12465, 14928, 11215, 14098, 14104, 13282, 14520, 14514, 12048, 12858, 15750, 12874, 13281, 12042, 11230, 14103, 15744, 13278, 14517, 13686, 13692, 11640, 13278, 14928, 12042, 14106, 11224, 13272, 14520, 15738, 14925, 12054, 11638, 12873, 12045, 14106, 11229, 12042, 15330, 13698, 14514, 13278, 10805, 14514, 14100, 14098, 14934, 14931, 14518, 11626, 13692, 11634, 16572, 16572, 13278, 12876, 14515, 12870, 14107, 12870, 13284, 14514, 14109, 15336, 11223, 14106, 13684, 12041, 15754, 10806, 12462, 14926, 12870, 10396, 15342, 12052, 10815, 15336, 14922, 12040, 16573, 13287, 12465, 16570, 14920, 12868, 14928, 13698, 12046, 13692, 14511, 12462, 12460, 16980, 13696, 15742, 14106, 13686, 12462, 12873, 14919, 14508, 14100, 12459, 14931, 12045, 9996, 14928, 12456, 12462, 13275, 14098, 13282, 12866, 12053, 14100, 15336, 14514, 13287, 12459, 15756, 12463, 12870, 11232, 12874, 12877, 14928, 13288, 12868, 12049, 15750, 16570, 14508, 12870, 15328, 14106, 14922, 15336, 12048, 14514, 14928, 14931, 12045, 14100, 15750, 13282, 15744, 12871, 14508, 13700, 13272, 14109, 12870, 11632, 14512, 14926, 15750, 11643, 12874, 14109, 12456, 13281, 12870, 12047, 14104, 14931, 12048, 14921, 12048, 14926, 12460, 14514, 14506, 14104, 13698, 16566, 12454, 16572, 15336, 14103, 12462, 12456, 14518, 12864, 10403, 14101, 13282, 14517, 14928, 14102, 14514, 12456, 13698, 12867, 12864, 14101, 11632, 15744, 12045, 14520, 15330, 12453, 14932, 14513, 12456, 14931, 12457, 15336, 11223, 14514, 15750, 12460, 15340, 14928, 12042, 12459, 12872, 15750, 14520, 13692, 13690, 14109, 14514, 15336, 13272, 12456, 15742, 12051, 13698, 11219, 14512, 15750, 13278, 13281, 14520, 13285, 13284, 12048, 14520, 13282, 13692, 14928, 15754, 12456, 14518, 12864, 9990, 12868, 14508, 14931, 11226, 13284, 12457, 13699, 14512, 14922, 12037, 14094, 13687, 11225, 13696, 12039, 13698, 12867, 14514, 14514, 15334, 12459, 12462, 14103, 11631, 14100, 12454, 12450, 15340, 13278, 13684, 13275, 12864, 16566, 11634, 12460, 12465, 12873, 14109, 14920, 12462, 14109, 14106, 16572, 13288, 13690, 13282, 13696, 12868, 15335, 12462, 15336, 13287, 14928, 14514, 15750, 15336, 14106, 12873, 14922, 13696, 15750, 11637, 10812, 13692, 12462, 14920, 12462, 14920, 11226, 13699, 12864, 14100, 14518, 14518, 14100, 11224, 14100, 14926, 13284, 13284, 15340, 12879, 14098, 14518, 12455, 14109, 12865, 15337, 12462, 15750, 13282, 11632, 12049, 12869, 14100, 15340, 14514, 13272, 12456, 13699, 14104, 11634, 11219, 14100, 15343, 11230, 16156, 11637, 14104, 14932, 12043, 14106, 16572, 12465, 14922, 15744, 11217, 13696, 14928, 15750, 12040, 12870, 13278, 16978, 13698, 14514, 11226, 14103, 14926, 14512, 15750, 11637, 14100, 13695, 14512, 10398, 13287, 15336, 12874, 13278, 14916, 13278, 11637, 12877, 12870, 12457, 14518, 15337, 11634, 14922, 13686, 12876, 14100, 11641, 14922, 12870, 14926, 14520, 13692, 14100, 13686, 15340, 14100, 15330, 13284, 14928, 12464, 12460, 13692, 13279, 11626, 14922, 14104, 13695, 12042, 12450, 14520, 14098, 13272, 14100, 12052, 14517, 11644, 16570, 14922, 14101, 12876, 16984, 11631, 15748, 12051, 13284, 13281, 12462, 10392, 12876, 12454, 13683, 12456, 11224, 10807, 14928, 15336, 12871, 14514, 16572, 12042, 12874, 13695, 13272, 14518, 11632, 13287, 12865, 15750, 9579, 13695, 13698, 11232, 13694, 13692, 13278, 14928, 14094, 14520, 12045, 13284, 11224, 13284, 12868, 12459, 14100, 14520, 13287, 14104, 16164, 14926, 15336, 15750, 16162, 14094, 12867, 17394, 14097, 12874, 14102, 13690, 11638, 14106, 16158, 10813, 15334, 14512, 14110, 12048, 15336, 14931, 11218, 13284, 12864, 16152, 12867, 12462, 12051, 12042, 14098, 12864, 13287, 12460, 14100, 12876, 15343, 11223, 15754, 17388, 11224, 14932, 15336, 13281, 12450, 13692, 16167, 12870, 13699, 13287, 12858, 16980, 12458, 14520, 14520, 12459, 14920, 15750, 13686, 12052, 14925, 12872, 14106, 14518, 12456, 14520, 14928, 13683, 12040, 14920, 12460, 12864, 12877, 13692, 13692, 14109, 12036, 14922, 10395, 16167, 14928, 12456, 14102, 13278, 17394, 14100, 13287, 15342, 15744, 16162, 10405, 13692, 14928, 11220, 13282, 12867, 16984, 11639, 12465, 13680, 12862, 12049, 14513, 13692, 14922, 14931, 10401, 15744, 15340, 13282, 13698, 14094, 14931, 14512, 11631, 14928, 15342, 12874, 14926, 12870, 14920, 12874, 14106, 14517, 15324, 13281, 16158, 14928, 13692, 15336, 16164, 12042, 12043, 14109, 14508, 12042, 14514, 14104, 14930, 11634, 12870, 13686, 13698, 11633, 12870, 15339, 14922, 14512, 14100, 12049, 12456, 12456, 15333, 12868, 15339, 12864, 14928, 13287, 12870, 14514, 11628, 15750, 12463, 14106, 13287, 13278, 12045, 15336, 9583, 14512, 15748, 12454, 14930, 15744, 13686, 12057, 14928, 12873, 14922, 12045, 14106, 14922, 12870, 15744, 13278, 17808, 11634, 15334, 15744, 10401, 13284, 13696, 13275, 16159, 12450, 13278, 10809, 12456, 12042, 14100, 12868, 14514, 14100, 16158, 12450, 13278, 12456, 12864, 14100, 12874, 12864, 9992, 15330, 12858, 15335, 14922, 12456, 14520, 12039, 10818, 11637, 14112, 13278, 13692, 14931, 12458, 12036, 13693, 11628, 14928, 12862, 12873, 13692, 12046, 15753, 15330, 12870, 13689, 12456, 14103, 11637, 12462, 13695, 13278, 13277, 14928, 13690, 13282, 11640, 12460, 14103, 13696, 13287, 11226, 14097, 11230, 15744, 13696, 13687, 12045, 11640, 12868, 12864, 15334, 14518, 13692, 14922, 14512, 10812, 16572, 12040, 15334, 14925, 12864, 15336, 14514, 12046, 14928, 12460, 12456, 13695, 14514, 11637, 13684, 12871, 12042, 14106, 11230, 15334, 13686, 15750, 16566, 13695, 14519, 13282, 11637, 13692, 15330, 14922, 16161, 14916, 15336, 16164, 12459, 14514, 12048, 16167, 8338, 14104, 11634, 15750, 11636, 12860, 14926, 15340, 14928, 12450, 16572, 12867, 11220, 11640, 13680, 16158, 12047, 11632, 16572, 14098, 13287, 15748, 13272, 14928, 13281, 14100, 13287, 14520, 14931, 13686, 14512, 16164, 11630, 16158, 10404, 15744, 9168, 14512, 11632, 12869, 14508, 13278, 13284, 14104, 14928, 12048, 15750, 11634, 13692, 15342, 13276, 12464, 10809, 14517, 9993, 14106, 15334, 10818, 16164, 12874, 11632, 14928, 11220, 12460, 10805, 13695, 13282, 14100, 14101, 17397, 12864, 12868, 16161, 11637, 14928, 12452, 12450, 15343, 14926, 14098, 12870, 13284, 12876, 12862, 14929, 13692, 12454, 13698, 14928, 16572, 14103, 13700, 16572, 12456, 13695, 13690, 11220, 14106, 13698, 14922, 13698, 13278, 14520, 9984, 13689, 14102, 10812, 14101, 16164, 11637, 12871, 14514, 11218, 13280, 14100, 14928, 16980, 13686, 14106, 13700, 16980, 12870, 12468, 15330, 13282, 16156, 12464, 12042, 14928, 14110, 14928, 12870, 11635, 14106, 12462, 11631, 15334, 10810, 14514, 15336, 13284, 10812, 14100, 13276, 14109, 13692, 14931, 13277, 12052, 16986, 14517, 11631, 16576, 9993, 13284, 12867, 13278, 15753, 12450, 16572, 10815, 11634, 15336, 13286, 13698, 12052, 14106, 14517, 14514, 13284, 13696, 14520, 12456, 13694, 13686, 12456, 12054, 14104, 16158, 10399, 12868, 15340, 12462, 14508, 12046, 13695, 14514, 15336, 13692, 15328, 14098, 13698, 13686, 13698, 16572, 15336, 14512, 15342, 11227, 12459, 13279, 14100, 13694, 12874, 11628, 14928, 14931, 14100, 13287, 11636, 14114, 14106, 14510, 17394, 14106, 16566, 13278, 16162, 13284, 14100, 14926, 12879, 14514, 12862, 13686, 14931, 13695, 12052, 15748, 14919, 11632, 16572, 12870, 12459, 11224, 14100, 12049, 12874, 16158, 16164, 12040, 13692, 13695, 12048, 13284, 14104, 14922, 14926, 13695, 15750, 12046, 14508, 13696, 14514, 9586, 14101, 15336, 12051, 12456, 14508, 10407, 14934, 13680, 13686, 13699, 14518, 13284, 14931, 12864, 16978, 12462, 13696, 14521, 12042, 12055, 15342, 13278, 13698, 12861, 14922, 13284, 12456, 15750, 16572, 12049, 14922, 13275, 12463, 16156, 15750, 12873, 14106, 14926, 12864, 12861, 13287, 14508, 14925, 11632, 12453, 13698, 13284, 14922, 12456, 11640, 14514, 13692, 11643, 13692, 11632, 16570, 12048, 14922, 14106, 15342, 14107, 15750, 12862, 14104, 15342, 11220, 14922, 15753, 12456, 13281, 13284, 12459, 15336, 16158, 10815, 13690, 14106, 13686, 15334, 14104, 15744, 14109, 12858, 13282, 14520, 11628, 15752, 10406, 13695, 13284, 16986, 12048, 15337, 13686, 13285, 15744, 15336, 12045, 16156, 16572, 9982, 12052, 14094, 11637, 12858, 13690, 14514, 11221, 15750, 10810, 14926, 13272, 12046, 15744, 13282, 14100, 11224, 13281, 14928, 14931, 12052, 12867, 13686, 14506, 16164, 10399, 13695, 12456, 9993, 13690, 14514, 12460, 14109, 14928, 14104, 12051, 13284, 14104, 11643, 16164, 14922, 9577, 12454, 13287, 16575, 12874, 14098, 14925, 16572, 14109, 14514, 13701, 13281, 12051, 14100, 16578, 14928, 12051, 14106, 12462, 12864, 13695, 14100, 16158, 12879, 14928, 13692, 8350, 15334, 14109, 13276, 14101, 16572, 12042, 13282, 13686, 12459, 13698, 10816, 14106, 16566, 11226, 13284, 14102, 14922, 12454, 14100, 13272, 14518, 12459, 13278, 14926, 14106, 14106, 14094, 14931, 13692, 14506, 12864, 13278, 12462, 14926, 13692, 13698, 13692, 13696, 15336, 11628, 14517, 13278, 14518, 12868, 11220, 13278, 16566, 14922, 13287, 13281, 14508, 10399, 15742, 12462, 12465, 14106, 15750, 12052, 15340, 13695, 13690, 13287, 11632, 13286, 14928, 14106, 11637, 15738, 14928, 12864, 16572, 13284, 13278, 13692, 15338, 13281, 13278, 14922, 13686, 12874, 12046, 14922, 12454, 15336, 13692, 12864, 14931, 14931, 16161, 10809, 15744, 13278, 11644, 13283, 17388, 12052, 13272, 14517, 15750, 15750, 14100, 14100, 14518, 15756, 12048, 12872, 13692, 13692, 11632, 15750, 12870, 11622, 13696, 15336, 12456, 12460, 15339, 11640, 12867, 11226, 14517, 11629, 13278, 12868, 14103, 14514, 14928, 14104, 14109, 16164, 11223, 12461, 13278, 15339, 14931, 12876, 12873, 13278, 14928, 14922, 13282, 11646, 12036, 11634, 11637, 12874, 12460, 14518, 15342, 14928, 15342, 13287, 15340, 12870, 14922, 14508, 13287, 14514, 14928, 14104, 11637, 13690, 14106, 13688, 14103, 14106, 13684, 12877, 12048, 12456, 14100, 10402, 14106, 14923, 14103, 12047, 14100, 9165, 16566, 14922, 16987, 14094, 13696, 13282, 13278, 9984, 14922, 12870, 13278, 13689, 16572, 12039, 11640, 15334, 9166, 15753, 14097, 15342, 13290, 14109, 15339, 16572, 11223, 13278, 15336, 11637, 14514, 16575, 12864, 11635, 13276, 14508, 14100, 14514, 12871, 14931, 12458, 13272, 13278, 14506, 14916, 15336, 11224, 12864, 14926, 14103, 12040, 14100, 16572, 17394, 12870, 12048, 14106, 14110, 14518, 14100, 15744, 14926, 12462, 12041, 14520, 12450, 16158, 14514, 14520, 12465, 13691, 13276, 16152, 14109, 13692, 14098, 14931, 13698, 12463, 13284, 13282, 13278, 15750, 12868, 14100, 14098, 13278, 14932, 12462, 15330, 12869, 11638, 13686, 15342, 14516, 12862, 10809, 11640, 12054, 15750, 12046, 16974, 13690, 13287, 11637, 12448, 12456, 13692, 12876, 14928, 11631, 12048, 15753, 13273, 13696, 14100, 15342, 14931, 12055, 11640, 14100, 11630, 13692, 16575, 12454, 13692, 12452, 13696, 13281, 13284, 12856, 12462, 16560, 11223, 13288, 17802, 11221, 12465, 12450, 14098, 13278, 13684, 13690, 14520, 13272, 15744, 14928, 13279, 14922, 12862, 13286, 12876, 11637, 14106, 13287, 14520, 17394, 14109, 14922, 14106, 12042, 14109, 14508, 14928, 11631, 14922, 13276, 13284, 16572, 11633, 13284, 9999, 12048, 14922, 16572, 13284, 13272, 14520, 15340, 12869, 13698, 14103, 12876, 12042, 14108, 14094, 10815, 14514, 12873, 12856, 12042, 14512, 14922, 11230, 13284, 12868, 12874, 13284, 14098, 15328, 14108, 13276, 16980, 14100, 12045, 13686, 14926, 14106, 12054, 12462, 13685, 15747, 14094, 15750, 15340, 12868, 12864, 16572, 14098, 14100, 14512, 10812, 11230, 13278, 12864, 12459, 12456, 12450, 13288, 13684, 16575, 13692, 12046, 14926, 11231, 12460, 11628, 12459, 11226, 15744, 9580, 13287, 12460, 14103, 10812, 14922, 14104, 13284, 13696, 14923, 14100, 14103, 10810, 12868, 12453, 14518, 14934, 9993, 12868, 13278, 11629, 14106, 12462, 16158, 12870, 14514, 13692, 11226, 14515, 12468, 12870, 13278, 14922, 12465, 14109, 13689, 13282, 13696, 9578, 16158, 14109, 13278, 14106, 13690, 13278, 15754, 12036, 13288, 13278, 12873, 12460, 15342, 13696, 12462, 14517, 15754, 14508, 14928, 12453, 16164, 12450, 14514}
Done logging to result_analysis/data_output/spy_results.txt.
Detaching from program: /Users/blenmac/Desktop/Research/CortexM_MPU_practice/Two_Cores/firmware.elf, Remote target
[Inferior 1 (Remote target) detached]
gdb -q firmware.elf \
	-ex "set pagination off" \
	-ex "set confirm off" \
	-ex "set logging file result_analysis/data_output/spy_results.txt" \
	-ex "set logging overwrite on" \
	-ex "set logging enabled on" \
	-ex "set print elements 0" \
	-ex "target extended-remote :3333" \
	-ex "p foo_time" \
	-ex "set logging enabled off" \
	-ex "dump binary memory result_analysis/data_output/spy_results.bin foo_time foo_time+10" \
	-ex "quit"
Reading symbols from firmware.elf...
Copying output to result_analysis/data_output/spy_results.txt.
Copying debug output to result_analysis/data_output/spy_results.txt.
Remote debugging using :3333
core0_main () at src/ex_6_flush_reload/cpu0.c:91
91	    while(1);
$1 = {10487, 8136, 9803, 10500, 5936, 7295, 7624, 8524, 10080, 9262, 6348, 9373, 8032, 9264, 9258, 7340, 7620, 8961, 10908, 8546, 9264, 8566, 5684, 10204, 8440, 8559, 8028, 10086, 8150, 7744, 7620, 5272, 4518, 5562, 5569, 6517, 6384, 6102, 5561, 4868, 5560, 5914, 7218, 7626, 9269, 9438, 10913, 9634, 8868, 8437, 10429, 10906, 7620, 8785, 10090, 9672, 10908, 9282, 11724, 9706, 10914, 9671, 11322, 11758, 12132, 10435, 10913, 10849, 7656, 8599, 7617, 10500, 10536, 8025, 9712, 8446, 9667, 10086, 14355, 12550, 7197, 12174, 8801, 10488, 9726, 8028, 9726, 8447, 8496, 9282, 10092, 7680, 10084, 8466, 10908, 10654, 7686, 9666, 10558, 10500, 11794, 10181, 9346, 8031, 10080, 8923, 9612, 8514, 11364, 8448, 9750, 7291, 7256, 8842, 9648, 6847, 11302, 8983, 8934, 9672, 9324, 7701, 10560, 10625, 8848, 10170, 7213, 10170, 9258, 10216, 8436, 7666, 7620, 8110, 8451, 10026, 11724, 9708, 8556, 9364, 7210, 8400, 6383, 7326, 11862, 9672, 10086, 10044, 9691, 8854, 8454, 7324, 9270, 8976, 8453, 9376, 7620, 8028, 8557, 8039, 7205, 5091, 5562, 5976, 6390, 5089, 5165, 7326, 4864, 6390, 5976, 5746, 9264, 7608, 8867, 8200, 10496, 11904, 12143, 9269, 9282, 10024, 10092, 9433, 8848, 11257, 10072, 9265, 11674, 10086, 7620, 10644, 8848, 10086, 10632, 7210, 9247, 10913, 8021, 10530, 8580, 11314, 9804, 10530, 11472, 8490, 9808, 8037, 8448, 9672, 10908, 10535, 9263, 13008, 12966, 10444, 10959, 11736, 9262, 8023, 9678, 12148, 10080, 9268, 9244, 9294, 11315, 9258, 9336, 8832, 7355, 9676, 7620, 8004, 9678, 10236, 8106, 7695, 10983, 9684, 11394, 9651, 11310, 10162, 9266, 10216, 8448, 11322, 9666, 8932, 9345, 8028, 10621, 5973, 7764, 8490, 7626, 9716, 6800, 8440, 8431, 9714, 10492, 8784, 7311, 9682, 10176, 8044, 9668, 7299, 10199, 8038, 10620, 11028, 8857, 9780, 9261, 8044, 8440, 8028, 8038, 12564, 7740, 9276, 10500, 10206, 5976, 5279, 6096, 5566, 6804, 5757, 6394, 6102, 5986, 5093, 6796, 5915, 8042, 8797, 11298, 12090, 11328, 10080, 8047, 10519, 7624, 7791, 8037, 9276, 9701, 7630, 9690, 7623, 10512, 9825, 7230, 10062, 9264, 7618, 9671, 11355, 10503, 9814, 10080, 10938, 9678, 10114, 9394, 8884, 10914, 8164, 11322, 8794, 8022, 10132, 10902, 8892, 10914, 8099, 8858, 7195, 9663, 11738, 10504, 13381, 9688, 9348, 11263, 8442, 8856, 10084, 10030, 8915, 8854, 10908, 8432, 10174, 10902, 10968, 10506, 8437, 10029, 12202, 10908, 8860, 9654, 9756, 11316, 8838, 10572, 9674, 9256, 8856, 11811, 8439, 8436, 7258, 7704, 6804, 9762, 8431, 9269, 8983, 7209, 7614, 6797, 6482, 8524, 9258, 8442, 8445, 8980, 9672, 9294, 9666, 9780, 8060, 8038, 9772, 10498, 7709, 7614, 6478, 8545, 8850, 10198, 9373, 7618, 8874, 6912, 7637, 8156, 9258, 8142, 8969, 11316, 8856, 8960, 7624, 6925, 5747, 6096, 5150, 5976, 5980, 7332, 5974, 4741, 5690, 4750, 6798, 7218, 8036, 10030, 10098, 7567, 6387, 10096, 8442, 9270, 10870, 12148, 10084, 10494, 7656, 10902, 8028, 9266, 9296, 7971, 10515, 11728, 10440, 9667, 10846, 8028, 11061, 9294, 10914, 9306, 7200, 8882, 11887, 10536, 8442, 9708, 8028, 10240, 10536, 8430, 10542, 11442, 8432, 8440, 10912, 9343, 8560, 11723, 11020, 8850, 8111, 8046, 9310, 11016, 11316, 9264, 8910, 9678, 6376, 9269, 10498, 10086, 9318, 7601, 9294, 9676, 8834, 9267, 11735, 8860, 8794, 9261, 7616, 9684, 8855, 8446, 11031, 10980, 6880, 10554, 7212, 8442, 9678, 9314, 9760, 8037, 10080, 8492, 8453, 7611, 8896, 9786, 6886, 7208, 8532, 5977, 7170, 5565, 9828, 8844, 9772, 9678, 6502, 10518, 6499, 8460, 8026, 8466, 10494, 8561, 8850, 7316, 8152, 8443, 8562, 9678, 9798, 7207, 7618, 6738, 6389, 5277, 5152, 5682, 4739, 5976, 14928, 13690, 14928, 13278, 13687, 14515, 14109, 12046, 15742, 10818, 13272, 13694, 16164, 12876, 14106, 14100, 13690, 15339, 14500, 14109, 12864, 13275, 14928, 10398, 16572, 15750, 13698, 11643, 13287, 14108, 14520, 14925, 10820, 13281, 14100, 16150, 15744, 13691, 14922, 12051, 11630, 13277, 14106, 16564, 9999, 10408, 16566, 13278, 13272, 12874, 14508, 14094, 11229, 13696, 13284, 13286, 14106, 14100, 14100, 14097, 14922, 14103, 13287, 15336, 13698, 12051, 15342, 14109, 12868, 12453, 14112, 15744, 14518, 15339, 9987, 11222, 14922, 11645, 12858, 14109, 12046, 14926, 11218, 13284, 13288, 9987, 13690, 11634, 14932, 14100, 10814, 12460, 14100, 13690, 9577, 15342, 12042, 12879, 15324, 11221, 9586, 14931, 13690, 14928, 12454, 12054, 15330, 16158, 13278, 13695, 15342, 13284, 12046, 12870, 14508, 13696, 14512, 12042, 13691, 14521, 13692, 14928, 11217, 13699, 15750, 14922, 14100, 13703, 14514, 14094, 13686, 14508, 12858, 12459, 14520, 14518, 15334, 13690, 16572, 16158, 15750, 15343, 13284, 11642, 14931, 15750, 14100, 14106, 13684, 12868, 12459, 14928, 15347, 11637, 16156, 12042, 12458, 15334, 13285, 15753, 12862, 12861, 12456, 14931, 12054, 12465, 14520, 16162, 13282, 15750, 14112, 11634, 12876, 12877, 14094, 13281, 13284, 14107, 10406, 13284, 14102, 12876, 12042, 14104, 14511, 9990, 13692, 14100, 12868, 14512, 12456, 9988, 12457, 12048, 13696, 15342, 13689, 13692, 13693, 12450, 16158, 12043, 12870, 16164, 15750, 13698, 12048, 13692, 14514, 14511, 13698, 16572, 14106, 15753, 12862, 14100, 14517, 12042, 13692, 12049, 15336, 12869, 15324, 13696, 12457, 14108, 12878, 14928, 13686, 14104, 13678, 14098, 16164, 14926, 10807, 15753, 13284, 14922, 10815, 14512, 14106, 14517, 11625, 14106, 14512, 15750, 15345, 14104, 14518, 12459, 14518, 14928, 12459, 14928, 12042, 12456, 11643, 13287, 12874, 13686, 16164, 11229, 14098, 14922, 14112, 14112, 14514, 13275, 14514, 12045, 12864, 14928, 13692, 16158, 13278, 16980, 13692, 14514, 14097, 12864, 14106, 11631, 14512, 14106, 12048, 13692, 17394, 11220, 12055, 12051, 13693, 12870, 16575, 11218, 16986, 14508, 9990, 14931, 13278, 13278, 14514, 12463, 14514, 12868, 12052, 15340, 12036, 13698, 14109, 12456, 13284, 16158, 13278, 14927, 10398, 14098, 12868, 14109, 16572, 14103, 16572, 13686, 13284, 14922, 16572, 12870, 16980, 10812, 13284, 12868, 14109, 14926, 16572, 13272, 13686, 14100, 14520, 13691, 12448, 15339, 14922, 9988, 14928, 12871, 16164, 14508, 13692, 15336, 13695, 14926, 12874, 10398, 14100, 13696, 14103, 14103, 14518, 13278, 14107, 14514, 14508, 12456, 12049, 15330, 14520, 14520, 12462, 9580, 13693, 10818, 14517, 13690, 14100, 14100, 15750, 16578, 13278, 13690, 13284, 14512, 12049, 12460, 10816, 10402, 14108, 11643, 11228, 12870, 14928, 13276, 13692, 15750, 12454, 16572, 13692, 15336, 14106, 15744, 12458, 14928, 16566, 14106, 12874, 12048, 10401, 14518, 12465, 12864, 14109, 13692, 14106, 14104, 14098, 13284, 14508, 14103, 13276, 14106, 12454, 13282, 12873, 14928, 12051, 13680, 9580, 15750, 13692, 11637, 13693, 11223, 15750, 15754, 9990, 13290, 13281, 11643, 16152, 13686, 14104, 11634, 14518, 12868, 14100, 15343, 13693, 13686, 14926, 13278, 13290, 14928, 13692, 14102, 15750, 12042, 12873, 16156, 12869, 12879, 14094, 16156, 12876, 14928, 14922, 16162, 12042, 16158, 11634, 13696, 15336, 13281, 15750, 13692, 13696, 14521, 14106, 12041, 15342, 16162, 12870, 13278, 12459, 13689, 10404, 12864, 13692, 14100, 15738, 15750, 16156, 16570, 15330, 12052, 13279, 13281, 14508, 13696, 14092, 10815, 13692, 14928, 13696, 14922, 11226, 14928, 13683, 12466, 16576, 13686, 13286, 14517, 13281, 16566, 14512, 13689, 13278, 14920, 16162, 13278, 13284, 15340, 11637, 14106, 14920, 11218, 14514, 14512, 14106, 14106, 10818, 14098, 14508, 11638, 16164, 11638, 14109, 14508, 14109, 14103, 12454, 15337, 16158, 18216, 12870, 13692, 15744, 12040, 14106, 14922, 13284, 12870, 13278, 15336, 12870, 13696, 12040, 14100, 14104, 13278, 11223, 13689, 13692, 16575, 16570, 12456, 14109, 14514, 13281, 14926, 14100, 12462, 12864, 14109, 12456, 15753, 14103, 16164, 12453, 12865, 14100, 12457, 11643, 14520, 14931, 11225, 12456, 15753, 14928, 14106, 11218, 12465, 12868, 10399, 14502, 16158, 16984, 12460, 15744, 13278, 12870, 14100, 13699, 10805, 11641, 14916, 12864, 14517, 14092, 13686, 14110, 15342, 13698, 14505, 13684, 10402, 13278, 14103, 12464, 13695, 14518, 14517, 12450, 14109, 14514, 13685, 13692, 9982, 14520, 12868, 13287, 12034, 14104, 12463, 17388, 12045, 14512, 12048, 16162, 10400, 15750, 13696, 13696, 15340, 13690, 14521, 12864, 14520, 13278, 12045, 15747, 13690, 14100, 12459, 14515, 11639, 13282, 11631, 13287, 14099, 16572, 14109, 12870, 14928, 12453, 13692, 12462, 13278, 12047, 12868, 14520, 13275, 11630, 13692, 13695, 16162, 13690, 15342, 11224, 13686, 16158, 14098, 14100, 14926, 10408, 12049, 15744, 14106, 16156, 16572, 12463, 12870, 16158, 13284, 12876, 15753, 13284, 14100, 12055, 16158, 11223, 13281, 14106, 11628, 12465, 15754, 14093, 13684, 13281, 13696, 12045, 12465, 12876, 14511, 12046, 12867, 12868, 15342, 10815, 11636, 14100, 16165, 13272, 15340, 12042, 12456, 15754, 12453, 15336, 13288, 15336, 14512, 12051, 11626, 13696, 11214, 12867, 14926, 12465, 14518, 13284, 13287, 13282, 12876, 14100, 14517, 13686, 13286, 14512, 13699, 14922, 11632, 14916, 15750, 14102, 14110, 13280, 13272, 11628, 14100, 12455, 12052, 13272, 11220, 12868, 12867, 13692, 16164, 13689, 14922, 11636, 14928, 12867, 13279, 13698, 14103, 14513, 13284, 14098, 12873, 15744, 15750, 14511, 13272, 14928, 14922, 13284, 14100, 14517, 13698, 10815, 15343, 16164, 16572, 13696, 11220, 15754, 11634, 13282, 16572, 13696, 12460, 14928, 14512, 13277, 15340, 12459, 12466, 16980, 13276, 10816, 12870, 15340, 15334, 12046, 13684, 14520, 12867, 14922, 11638, 12870, 14928, 13686, 12465, 16984, 12459, 13282, 12864, 15330, 12877, 16572, 14103, 12049, 13287, 12868, 14517, 15744, 14103, 14922, 13284, 13692, 14109, 14098, 13278, 14520, 12864, 12876, 12046, 10815, 14100, 15342, 12052, 14922, 14930, 10806, 16984, 13284, 13278, 14932, 13278, 14520, 15340, 11218, 13282, 12462, 13281, 11225, 12873, 13287, 13698, 14928, 14104, 16572, 16572, 13278, 12462, 13272, 11220, 14928, 13692, 14922, 11221, 15336, 14508, 14928, 12862, 12870, 12454, 13284, 15750, 10819, 16162, 15336, 13690, 13278, 12858, 15336, 11637, 14928, 14928, 12048, 12874, 13692, 14514, 14098, 12868, 12054, 13689, 14512, 13692, 12459, 13281, 11638, 13684, 13686, 13690, 13692, 15342, 15750, 10821, 13281, 14520, 13696, 16158, 15750, 13281, 13692, 15345, 14103, 16158, 16566, 13284, 14922, 12454, 14103, 14512, 11628, 13696, 14098, 15339, 14916, 14104, 12459, 13284, 12456, 14103, 12858, 14523, 14104, 15748, 14926, 11638, 12051, 16162, 10397, 14508, 14104, 14514, 14106, 12456, 13695, 10404, 16156, 12460, 14098, 13698, 15744, 10815, 15336, 14106, 15342, 15330, 12865, 14106, 13701, 12460, 13696, 11628, 16572, 14928, 13696, 12868, 14514, 14106, 16158, 14926, 14928, 15750, 14520, 12450, 14928, 13278, 13287, 13278, 13282, 14511, 9574, 12864, 13698, 14108, 12456, 12051, 14525, 14520, 14928, 12464, 10809, 15330, 12052, 12867, 13686, 12867, 15342, 14106, 10812, 16164, 15334, 9163, 12864, 15333, 13696, 14100, 12864, 15750, 16162, 13278, 14109, 11224, 14100, 12856, 14516, 11640, 12872, 14106, 13284, 13278, 13692, 16164, 13284, 14508, 14922, 12453, 12870, 14103, 12048, 13686, 14514, 13284, 12054, 15334, 15342, 15748, 13282, 11631, 11631, 14928, 15750, 13281, 12870, 13689, 12466, 12870, 14923, 12052, 12873, 11225, 15744, 12463, 13689, 15744, 13288, 14104, 12867, 17394, 12456, 11225, 16986, 13690, 12041, 11628, 14928, 13276, 12049, 16158, 14109, 14926, 12870, 12453, 14098, 13272, 12877, 12873, 15336, 12048, 12454, 14514, 15336, 12868, 15340, 12454, 13692, 14517, 12036, 13278, 12463, 13290, 14109, 13692, 14106, 14097, 12876, 16164, 16572, 12453, 14512, 10816, 11221, 13276, 14106, 12873, 11235, 16572, 15336, 12453, 14922, 14512, 15747, 12870, 13698, 14502, 14518, 15336, 13691, 13686, 13698, 14520, 10813, 12874, 12465, 12876, 12875, 12868, 14926, 10812, 13275, 14515, 14520, 14517, 12870, 11636, 14110, 14923, 12048, 14106, 12867, 14926, 16158, 12464, 12858, 12042, 13282, 14928, 14106, 12870, 13684, 11225, 12455, 13691, 12868, 14104, 14095, 15342, 13690, 11631, 11214, 15747, 12874, 14916, 14925, 13696, 13290, 17388, 9166, 16164, 14518, 12040, 14100, 15750, 11643, 14928, 14928, 12048, 14926, 14922, 15750, 17394, 14109, 13690, 14514, 12465, 16566, 13692, 12868, 14928, 16156, 14518, 9574, 16572, 15750, 12868, 14931, 15744, 14924, 10398, 14517, 11222, 16158, 14110, 11637, 15747, 16572, 13692, 17397, 12864, 10812, 14931, 15744, 14922, 13698, 14928, 9164, 14108, 14106, 13695, 14922, 16156, 15750, 12468, 12864, 16566, 12463, 13697, 14928, 14932, 11638, 12870, 15338, 12054, 14928, 12865, 12040, 13686, 13686, 15342, 13281, 12048, 15750, 13278, 14928, 12054, 15337, 9988, 15750, 13278, 13278, 14518, 12460, 16162, 13284, 14514, 12867, 14110, 14100, 12868, 13686, 13692, 13284, 14098, 13692, 12870, 12864, 14100, 14100, 16164, 16165, 12042, 14931, 14109, 12876, 14103, 12460, 14100, 15742, 14523, 16162, 12042, 11224, 12465, 15340, 14514, 15330, 16980, 14512, 12873, 12454, 14520, 14101, 14922, 15748, 15334, 12864, 14106, 13686, 13692, 12045, 14100, 14928, 14931, 14512, 12046, 12051, 14106, 15750, 11634, 14508, 12048, 13278, 13694, 9988, 14928, 12456, 12054, 15334, 10818, 10408, 13282, 12051, 12048, 14920, 12868, 10816, 14100, 14518, 13278, 15750, 14520, 14506, 11636, 14928, 12051, 14514, 14508, 14928, 13281, 13275, 14926, 15744, 12876, 14100, 13275, 14518, 16974, 12462, 14103, 13276, 14928, 13690, 15336, 14514, 15340, 12052, 14928, 13695, 14512, 15347, 14928, 12873, 11229, 13692, 12870, 10820, 13684, 16986, 15750, 14100, 14097, 11634, 12462, 13696, 14100, 14106, 15747, 15342, 15750, 13698, 14512, 12042, 14506, 12864, 15340, 17394, 14109, 14520, 13686, 11230, 10810, 13692, 12861, 13698, 14514, 13282, 15334, 11643, 13278, 14928, 11233, 14100, 15342, 13277, 10403, 15340, 12450, 17394, 12459, 13278, 15340, 16572, 14518, 16156, 11227, 13287, 13692, 16162, 9580, 14518, 10815, 12873, 15750, 11637, 13284, 12450, 13282, 14508, 12870, 13282, 12456, 14108, 12042, 15339, 14922, 14101, 12862, 12462, 14100, 15342, 13278, 14107, 9577, 12870, 13692, 15334, 14094, 14931, 14109, 16572, 14104, 14100, 16162, 14094, 13699, 12042, 14103, 13278, 11634, 15342, 12465, 14106, 12457, 13692, 12462, 16572, 12465, 14514, 15340, 16162, 14094, 11221, 16986, 13278, 13690, 9989, 14098, 15340, 14928, 14109, 14928, 12462, 15750, 13697, 14100, 11233, 16980, 12871, 14110, 14928, 16167, 14103, 16572, 12456, 14100, 14110, 13278, 11637, 15334, 14922, 14928, 15334, 12462, 16158, 14514, 12454, 16162, 15336, 14106, 12874, 13692, 10804, 11643, 16984, 15750, 13680, 12045, 14110, 14100, 14106, 14514, 15744, 13692, 12456, 15750, 15342, 14106, 10815, 14514, 13692, 16165, 12456, 14512, 14513, 14928, 16164, 14106, 13272, 16164, 13694, 13278, 11223, 15750, 15340, 16162, 13287, 14106, 15336, 12048, 15750, 14517, 17808, 14106, 15336, 13284, 12865, 14517, 13692, 11643, 14928, 15336, 14928, 13272, 13695, 12459, 16164, 13696, 11643, 14104, 14106, 13690, 14922, 12465, 14518, 14104, 14109, 15334, 10398, 12871, 14106, 14922, 10816, 14922, 13284, 11229, 12048, 15750, 15336, 12453, 16986, 14508, 16575, 14108, 10821, 12867, 14106, 10812, 17394, 14928, 14109, 12036, 8752, 13282, 11223, 13272, 13684, 12463, 12864, 12872, 13692, 14508, 13690, 15750, 11637, 12046, 12868, 12052, 12870, 14925, 13284, 15336, 13278, 14521, 13278, 11220, 13284, 14514, 13692, 9990, 14094, 9987, 14928, 14922, 14928, 12874, 14100, 14508, 16984, 12042, 15744, 12462, 13284, 14097, 11640, 14103, 10812, 12462, 12051, 12874, 13276, 14103, 14926, 12876, 13282, 15747, 12045, 13698, 12450, 14928, 10401, 14100, 14109, 8343, 15336, 15750, 13282, 14508, 16152, 14928, 14513, 14928, 12450, 13276, 10396, 12050, 12456, 12863, 15742, 14106, 14924, 12048, 12870, 13278, 14514, 15330, 12871, 14926, 12042, 14100, 14925, 15342, 14922, 15342, 13686, 10821, 11228, 14511, 12459, 13281, 14931, 14100, 14521, 12873, 15345, 14100, 11634, 12454, 12863, 13698, 13692, 13282, 10818, 15336, 14926, 14514, 12040, 13284, 14520, 14103, 10810, 14928, 13692, 12460, 13692, 12045, 14104, 9999, 12867, 15750, 16164, 11220, 13272, 14109, 13288, 12460, 14922, 13693, 16572, 13684, 12464, 14092, 11640, 15750, 13278, 12876, 14109, 13278, 14922, 12870, 14922, 13696, 13689, 14502, 11642, 12051, 14508, 11223, 14500, 14926, 14106, 14516, 13691, 12456, 10805, 14518, 12456, 16161, 15334, 11220, 15756, 12049, 13692, 13286, 14514, 12870, 15339, 14928, 13281, 14097, 14106, 13691, 14931, 15334, 14106, 9987, 12870, 12462, 15744, 9984, 14104, 8754, 14508, 16572, 13278, 14922, 13686, 14920, 13692, 13699, 14922, 14926, 14106, 14928, 14925, 13275, 12868, 15753, 12876, 15747, 13686, 14520, 11224, 13694, 14512, 13284, 12057, 12876, 14922, 14928, 10806, 14110, 14509, 13284, 13696, 14921, 15340, 14523, 14100, 14514, 14925, 13281, 13276, 13693, 12039, 13696, 13692, 15744, 12868, 13690, 13686, 14517, 16572, 11224, 12458, 15742, 13696, 13278, 10395, 14518, 13698, 13281, 14922, 14517, 12867, 14516, 14926, 11634, 11636, 12870, 15342, 12870, 14100, 16152, 7936, 16158, 10804, 14100, 13698, 11226, 12048, 11228, 14928, 12870, 15750, 10812, 14512, 14094, 15753, 12874, 13281, 10398, 13284, 14512, 14514, 12872, 11638, 15336, 14100, 13284, 15342, 12867, 14094, 12454, 15332, 12052, 14922, 14104, 14931, 13698, 14515, 15750, 14103, 14928, 13699, 15336, 11638, 12454, 12459, 13284, 12868, 13696, 14100, 13284, 13287, 12050, 13692, 13285, 13278, 14517, 12459, 11631, 12873, 10806, 14109, 12462, 13284, 12870, 13280, 15342, 16572, 11637, 16158, 13686, 11224, 12462, 13275, 12462, 12876, 14918, 12870, 15750, 13284, 14926, 12450, 11224, 12048, 13690, 13272, 12465, 14518, 14100, 12864, 15744, 12873, 15333, 14100, 11214, 14928, 10815, 14922, 11634, 14928, 12046, 14514, 15748, 13288, 12055, 14928, 14106, 13698, 14518, 13278, 11225, 10804, 15744, 14514, 14922, 13696, 14106, 12867, 12876, 12868, 12454, 17394, 12456, 14928, 14100, 14518, 14517, 14521, 16158, 15752, 13686, 16572, 14925, 16166, 14922, 12454, 11643, 13282, 15750, 12864, 14515, 13686, 10809, 14513, 12876, 14103, 15750, 10821, 14514, 13692, 13284, 11631, 15753, 13282, 15330, 16572, 10408, 16164, 15750, 13282, 16572, 11634, 14512, 15750, 12046, 13278, 14916, 16572, 12045, 13686, 15750, 13281, 13286, 12465, 13282, 13276, 14103, 14514, 12456, 12864, 16158, 14109, 12449, 14922, 11226, 14107, 14100, 10813, 12868, 12461, 15337, 10812, 15334, 12868, 14100, 13282, 15738, 15336, 13284, 14099, 16984, 12045, 13284, 12045, 11634, 13703, 15744, 10818, 15334, 11226, 16566, 14517, 15750, 15336, 14508, 13683, 14928, 12462, 14104, 9586, 13284, 16158, 14097, 13278, 12450, 12460, 13284, 14109, 11632, 11227, 16164, 10407, 15339, 14108, 11214, 14098, 13695, 16572, 16978, 9162, 13699, 16986, 16566, 14928, 12048, 14928, 9576, 10398, 12868, 12864, 12864, 14514, 10402, 12048, 13684, 11232, 14922, 16575, 13284, 12459, 16152, 12054, 14109, 15754, 13689, 12051, 10816, 15336, 9580, 13689, 13281, 13686, 10808, 14925, 14928, 14102, 11637, 14514, 12049, 14109, 17394, 15343, 12462, 12870, 11226, 10399, 12449, 15750, 12874, 12051, 10812, 13695, 13280, 14517, 12862, 12456, 10810, 14518, 12877, 13272, 14106, 14514, 12869, 12043, 12462, 15342, 11232, 14106, 13284, 14100, 13284, 13275, 13690, 13686, 12456, 14926, 13281, 14518, 12878, 14100, 9574, 15750, 13275, 12874, 12862, 12462, 11640, 14520, 15340, 12874, 14922, 15340, 13684, 16566, 13692, 11638, 13692, 14106, 15744, 12863, 16156, 11632, 12456, 11218, 14102, 12864, 14104, 13278, 14931, 13278, 13696, 14103, 16980, 10402, 12456, 12460, 12868, 13698, 12456, 13276, 14100, 11643, 14925, 12868, 12051, 13692, 13281, 16572, 13278, 13695, 14100, 13287, 10815, 12454, 11634, 16162, 14092, 11226, 14098, 15750, 14928, 13281, 11632, 12045, 16570, 12870, 14096, 10813, 13686, 14100, 12457, 16164, 9993, 14931, 13287, 14100, 14109, 16566, 13699, 14928, 13284, 14110, 13693, 12454, 11223, 14922, 12454, 12040, 13285, 9173, 16984, 11634, 14926, 13692, 9165, 16986, 11640, 15330, 14106, 12048, 14106, 13278, 12048, 12460, 13281, 14928, 15336, 13698, 14516, 15750, 12468, 12455, 12858, 13691, 15336, 12457, 9165, 15339, 12450, 14506, 15753, 12462, 13282, 13278, 14922, 15750, 12456, 12876, 13276, 14514, 12459, 14104, 14508, 12459, 13278, 15340, 14922, 13281, 11226, 12042, 14928, 12858, 12463, 14514, 11223, 14104, 14925, 16158, 12046, 13690, 13698, 15750, 12457, 13692, 13281, 13690, 14514, 11230, 12873, 15750, 15744, 10404, 12459, 14100, 14109, 14916, 14928, 11634, 14110, 12456, 13680, 12864, 10807, 15342, 12461, 17394, 16158, 12862, 13278, 14920, 16164, 12462, 14931, 13276, 13278, 12454, 15753, 14922, 17394, 13284, 15340, 14103, 12048, 12456, 12864, 14916, 12870, 13692, 13276, 13680, 14520, 16572, 12864, 15744, 14516, 11233, 14512, 11227, 12864, 14104, 14931, 12870, 14922, 14928, 12861, 12048, 12042, 14512, 13290, 14520, 12868, 14922, 14109, 14511, 16164, 13286, 13278, 12455, 13284, 12042, 13692, 13284, 16575, 12865, 14106, 14100, 12456, 13698, 14518, 16164, 14094, 11230, 11638, 14098, 17388, 15750, 12858, 14100, 15347, 14106, 14920, 12456, 14925, 14920, 12456, 10395, 12874, 12865, 12871, 15750, 14103, 14098, 13287, 14506, 13287, 14518, 14109, 15750, 11632, 12454, 15334, 14922, 14922, 15334, 12870, 14922, 9993, 12876, 12039, 14109, 12873, 13276, 15336, 14518, 13696, 12454, 13278, 15334, 9994, 14106, 12046, 15750, 13690, 13699, 14109, 14931, 15336, 12864, 10396, 14099, 13278, 12045, 14512, 13696, 15330, 15750, 12454, 16566, 14514, 15336, 12046, 12462, 14922, 13696, 12459, 14511, 13288, 13686, 14506, 14928, 12043, 17394, 12046, 14922, 11224, 17394, 12059, 12870, 13284, 16986, 13278, 13288, 13686, 12040, 15336, 13698, 15330, 12871, 13688, 13284, 10397, 12046, 12456, 14928, 14516, 15336, 12042, 14520, 15339, 14106, 12046, 12856, 14514, 12459, 16152, 14109, 13281, 15748, 13278, 12458, 12867, 12874, 14106, 12048, 15744, 12045, 15342, 13698, 15334, 13690, 15330, 15340, 12872, 16164, 13684, 13698, 13696, 15744, 12456, 13284, 13278, 14100, 14922, 13281, 15334, 14514, 12864, 12462, 15750, 13690, 14925, 12052, 15342, 14923, 14926, 12042, 13689, 14514, 12453, 13686, 14931, 14520, 12456, 12877, 13276, 14931, 14109, 13281, 14508, 13287, 14520, 9583, 13284, 12861, 13276, 12456, 15750, 13686, 13696, 16164, 12462, 16161, 12874, 16576, 13281, 14512, 12450, 15336, 12050, 12456, 14508, 12876, 12048, 12456, 14520, 12040, 14100, 14514, 11638, 14100, 15339, 13693, 14520, 13693, 14515, 12048, 15744, 15748, 14518, 16984, 14098, 13686, 14106, 12051, 14100, 12460, 13687, 13691, 15750, 13690, 14517, 14514, 13685, 9164, 14514, 14926, 12460, 14514, 14103, 15336, 15748, 14100, 14931, 15336, 13281, 13690, 13278, 15342, 13287, 13276, 12460, 14517, 11634, 12046, 15340, 12043, 8349, 13680, 15336, 11640, 13689, 12048, 15753, 14106, 14106, 10407, 10810, 18216, 12048, 14103, 10402, 14506, 15748, 11226, 14092, 14520, 16162, 14926, 14502, 11643, 13693, 13282, 14106, 15334, 12868, 13282, 12456, 13282, 12042, 13698, 14928, 15750, 15342, 13686, 12864, 15748, 14514, 11230, 13686, 12870, 14094, 16158, 14922, 15342, 12870, 14104, 10805, 15750, 12048, 14925, 14100, 14106, 14919, 14098, 12870, 12868, 12454, 12036, 16575, 15742, 11634, 13278, 15750, 16572, 12052, 13284, 13282, 14928, 10806, 12870, 13275, 12462, 14520, 16152, 11224, 14916, 14520, 14514, 12045, 15340, 14508, 13696, 18216, 11226, 14110, 14512, 14514, 14100, 13692, 14109, 14926, 14109, 12042, 13696, 15750, 13692, 12874, 14916, 15342, 12454, 15753, 12858, 14928, 17388, 11642, 14100, 12051, 16986, 12876, 12036, 13686, 16572, 15336, 15748, 12864, 14109, 12462, 13692, 15336, 15334, 14109, 14100, 14928, 15750, 14514, 11628, 12459, 11632, 14928, 13696, 14922, 15336, 12460, 15750, 12453, 16980, 13277, 11634, 11627, 12036, 16164, 14511, 12460, 14100, 13696, 12051, 14922, 12456, 13696, 14922, 15324, 11638, 14514, 10401, 13692, 14931, 15339, 13288, 14100, 11633, 12870, 16158, 13284, 14512, 11227, 12868, 12856, 13272, 14922, 12462, 16572, 13284, 14925, 14934, 10821, 15342, 11632, 13693, 14931, 14512, 12456, 13686, 12453, 14928, 13693, 14931, 14100, 12460, 13278, 14518, 9988, 16980, 14098, 11632, 14512, 13272, 16575, 13696, 16572, 14514, 13684, 14928, 12456, 14106, 14928, 15750, 13690, 15328, 16984, 15750, 15330, 11640, 14109, 16986, 13698, 13287, 13692, 15340, 14506, 14916, 11229, 8763, 14922, 13281, 15744, 14100, 9993, 14926, 13698, 12449, 14106, 14511, 16566, 14522, 11228, 13686, 11628, 13696, 11626, 12052, 11217, 14922, 13287, 13696, 14922, 16158, 11631, 14925, 12046, 14517, 11640, 12453, 15342, 13287, 16158, 15329, 12054, 14109, 13282, 13692, 14106, 12052, 13278, 15750, 12045, 14106, 14104, 14925, 12045, 16156, 13272, 10407, 14514, 12046, 12870, 14512, 12462, 14931, 13278, 12870, 12048, 16156, 16572, 15742, 15753, 12456, 14514, 12870, 12046, 14106, 12452, 14521, 14508, 13288, 16152, 12044, 12456, 14514, 14098, 10821, 16570, 11220, 13281, 11223, 13272, 12036, 12465, 13284, 13690, 10401, 12046, 13288, 13278, 12864, 12052, 13281, 14508, 14100, 12466, 14109, 14926, 14928, 13284, 13279, 13689, 13282, 15750, 12460, 12465, 12868, 12465, 10402, 14928, 12868, 13278, 11637, 12048, 15340, 15336, 13278, 13282, 11231, 12870, 14106, 17394, 13692, 16152, 14928, 13278, 12870, 14100, 13692, 13688, 15340, 14926, 15747, 11638, 14092, 14106, 12873, 15750, 15342, 17397, 12045, 12048, 16984, 13284, 15340, 15336, 13276, 15750, 15750, 14100, 14100, 14928, 12876, 14512, 16576, 13686, 14103, 15750, 11227, 13683, 12052, 15334, 14928, 14518, 14098, 14931, 12042, 12046, 13690, 12054, 15345, 13284, 14109, 12042, 14922, 14920, 11641, 11219, 15744, 12864, 12039, 16986, 14106, 12456, 12864, 14094, 11634, 14928, 15342, 14925, 13689, 14100, 14106, 12461, 12864, 16578, 13278, 12876, 10405, 13696, 15742, 15336, 12453, 14931, 13284, 16566, 12050, 13284, 13689, 12448, 13281, 12460, 13272, 12046, 10810, 11637, 11643, 11634, 14520, 16162, 12870, 14512, 14928, 13695, 14920, 15339, 15744, 11639, 14928, 12051, 14929, 14922, 12459, 14520, 14100, 14520, 12460, 11223, 14514, 13281, 14928, 11639, 11224, 13698, 16158, 13684, 13278, 13692, 11638, 14109, 12456, 14106, 11230, 12865, 12451, 16156, 12870, 14517, 14106, 14931, 15334, 12456, 12870, 15744, 11223, 14106, 14922, 14931, 12048, 14096, 10809, 14932, 13701, 13686, 16162, 12450, 14922, 12468, 13701, 15340, 16572, 14513, 12052, 14926, 14922, 12862, 12873, 11226, 13699, 12868, 13284, 13695, 14928, 13272, 12039, 14103, 15342, 12046, 13284, 11638, 16164, 14922, 12468, 14100, 14512, 15336, 12869, 14928, 15750, 14094, 14929, 12870, 11631, 15750, 14514, 14517, 14520, 13700, 14097, 13272, 15750, 15330, 13692, 14514, 14106, 11645, 14520, 13287, 14517, 13284, 14928, 12450, 15754, 13278, 16572, 12868, 14514, 16566, 13692, 14109, 15336, 15750, 10809, 14928, 10810, 15750, 13696, 10408, 14922, 12454, 15340, 15342, 13692, 12455, 13284, 13689, 10806, 13696, 14520, 14100, 14106, 11642, 14925, 13284, 12870, 12868, 14508, 10802, 14104, 14512, 15330, 14517, 12040, 14100, 11226, 13271, 16152, 12858, 14922, 12871, 15342, 11223, 14104, 13695, 13690, 12040, 10806, 12456, 15747, 16158, 13690, 13282, 16572, 12048, 16576, 11628, 13278, 14100, 12877, 10810, 14922, 12456, 15744, 13286, 13275, 14922, 15342, 14925, 14518, 13284, 10815, 15330, 9988, 13284, 13281, 11634, 14512, 15336, 11226, 14928, 14100, 12864, 13281, 14931, 13690, 16974, 12045, 14106, 14928, 14922, 15340, 14514, 14916, 17394, 11631, 15742, 13692, 15336, 13686, 14100, 12463, 15342, 15750, 12867, 16156, 11225, 14520, 15336, 12871, 14922, 13699, 14109, 12037, 13282, 14521, 13692, 12459, 12036, 12875, 13690, 14514, 13696, 14114, 15753, 12454, 13692, 14922, 13284, 13684, 11632, 15750, 13699, 13284, 14508, 12042, 13686, 13287, 14928, 12454, 14109, 14104, 13281, 14520, 10806, 14928, 15342, 14094, 13696, 15342, 15750, 14514, 14521, 15750, 13284, 15330, 10818, 12041, 13686, 11219, 14109, 12450, 14106, 9575, 12875, 10399, 14508, 14928, 14928, 14110, 14508, 14928, 15342, 12871, 16572, 14104, 14106, 13701, 16980, 11226, 15342, 13701, 16572, 9993, 16569, 16575, 15340, 11235, 12450, 14922, 14928, 16572, 15342, 14931, 13689, 14106, 12462, 14106, 12867, 15750, 14922, 14931, 14108, 15336, 12864, 12867, 14934, 13270, 12460, 12465, 14508, 13695, 14099, 12048, 14922, 12047, 11235, 17394, 14928, 14520, 12453, 12876, 16980, 12856, 14106, 14518, 14514, 13689, 12870, 14518, 14094, 12465, 14100, 11641, 17394, 13698, 13690, 16980, 12036, 15745, 12048, 14514, 12042, 15336, 14106, 11232, 12462, 13282, 14094, 14520, 13692, 17394, 11643, 11634, 14100, 11634, 13287, 14100, 9166, 17394, 11224, 12045, 12044, 14514, 12874, 13278, 13274, 15750, 15747, 14106, 12454, 14925, 14932, 15334, 11628, 16575, 12874, 13272, 16572, 9988, 13686, 10806, 13278, 12043, 15753, 14106, 14104, 15339, 14100, 14930, 14928, 13698, 13278, 12466, 12042, 13696, 14512, 14521, 14922, 13689, 15744, 16575, 13684, 14515, 14934, 12036, 12046, 14512, 14511, 12048, 13284, 12459, 17394, 15342, 12042, 12456, 14106, 15336, 12874, 13274, 12868, 13691, 12862, 14508, 12048, 14520, 16572, 12459, 15750, 12450, 14103, 14520, 13698, 16162, 15750, 13275, 13284, 12870, 15748, 14106, 15744, 13279, 16570, 14109, 13686, 14104, 13686, 11230, 15342, 12454, 15336, 13692, 13284, 13699, 15744, 14517, 12869, 13280, 13688, 14517, 14931, 16572, 12046, 14518, 9988, 16158, 16984, 14922, 13278, 14514, 11219, 12873, 14508, 13692, 14928, 11634, 14094, 13284, 14112, 12450, 10809, 12456, 14100, 14094, 15753, 15342, 12048, 12465, 14515, 9988, 15748, 14103, 11637, 14928, 14508, 11638, 12867, 10812, 14520, 13276, 12871, 13284, 13694, 12456, 15753, 12876, 12864, 15758, 9986, 14928, 11631, 15750, 14511, 16984, 14097, 15336, 14926, 13279, 12456, 12456, 15750, 14109, 15750, 12449, 15342, 13280, 11632, 12873, 11226, 16575, 14518, 13692, 14110, 16980, 13287, 15750, 10818, 15750, 13695, 16572, 13282, 15750, 14520, 11640, 14094, 11226, 11634, 13287, 14094, 11641, 14103, 14109, 14931, 14520, 14109, 11634, 12462, 14916, 13686, 11640, 14925, 12448, 14931, 13686, 14103, 11218, 12460, 14512, 12048, 11643, 13692, 16572, 12046, 12869, 14514, 9584, 14928, 14506, 14520, 12456, 12036, 15744, 10402, 13288, 14514, 14106, 14518, 14922, 12872, 16572, 14931, 15744, 14103, 11220, 14928, 13284, 13691, 12453, 12462, 14922, 14517, 12459, 14094, 10820, 15750, 12874, 15334, 13692, 14521, 13278, 13287, 15747, 14926, 12047, 13692, 12046, 15334, 16572, 13686, 13698, 16162, 10404, 14520, 15340, 12871, 14106, 13696, 13276, 15750, 14106, 13284, 14931, 11638, 14922, 12455, 14922, 12463, 13698, 12874, 13278, 14926, 16156, 15342, 14514, 10401, 13278, 14103, 14518, 12463, 12450, 12864, 14522, 14513, 14521, 15744, 13282, 11229, 17394, 14928, 14928, 16575, 13279, 12042, 13686, 13686, 14100, 15340, 12464, 14514, 11634, 15742, 14106, 13284, 13277, 16572, 14515, 12448, 14109, 13275, 12456, 16986, 14928, 13693, 12046, 14101, 14100, 15343, 12876, 16989, 12454, 13281, 14094, 12459, 14106, 15744, 13276, 13281, 12458, 13278, 12450, 15342, 14922, 13288, 12879, 14926, 12462, 13689, 14094, 11229, 13692, 17388, 14103, 14100, 12046, 13278, 14106, 12036, 14100, 16578, 15336, 16162, 14100, 11634, 14104, 15333, 12462, 10818, 15342, 12450, 12870, 13690, 12865, 16152, 12454, 13284, 11226, 14928, 11226, 13686, 14106, 16572, 14518, 12876, 13278, 12055, 16146, 15750, 13282, 12459, 11226, 13278, 13287, 13278, 13693, 12876, 16152, 12876, 12462, 12450, 12874, 15750, 15750, 14100, 14106, 12052, 15343, 12858, 15752, 12052, 14926, 12450, 11634, 12049, 12462, 10813, 14514, 12870, 10815, 12864, 14514, 9988, 15750, 9994, 17806, 12456, 13281, 16980, 11634, 14103, 13284, 12465, 12870, 14926, 11230, 13690, 14104, 13282, 16162, 12865, 12054, 14928, 12862, 16165, 12864, 14919, 14104, 14106, 12874, 14100, 11225, 15750, 13284, 14112, 14518, 16578, 12868, 13278, 13287, 11634, 12465, 14100, 12459, 15339, 13287, 15334, 15336, 12042, 10812, 14931, 11226, 15343, 12870, 12879, 14098, 15750, 12463, 11634, 14512, 14106, 15747, 14104, 13692, 12048, 13684, 14514, 12870, 14928, 14100, 14106, 13692, 15342, 12858, 10816, 10815, 13698, 11634, 14104, 17802, 14916, 13278, 12862, 15753, 14520, 12463, 13275, 12859, 13281, 10809, 13687, 13287, 12459, 12870, 14106, 13281, 12459, 13281, 15338, 11634, 13692, 13287, 13279, 13281, 14922, 14100, 11628, 15340, 16572, 13284, 10812, 10818, 12048, 14508, 15744, 13695, 14925, 10810, 13276, 14514, 12454, 14100, 14104, 11226, 16986, 14928, 13279, 14931, 12874, 14922, 16566, 13278, 13284, 12876, 12040, 14505, 9586, 13270, 14513, 14106, 16572, 12864, 14106, 14508, 15335, 11637, 14106, 10805, 15750, 11634, 12050, 13684, 12460, 14103, 10401, 9987, 14928, 15744, 15340, 14514, 14514, 15336, 14931, 14100, 13686, 14922, 14928, 14100, 12456, 14925, 10399, 14100, 14931, 14518, 13692, 12862, 14514, 12861, 14520, 14094, 16164, 11635, 10407, 14518, 11220, 12450, 14928, 12867, 14920, 14518, 14512, 12459, 13282, 15750, 12872, 13690, 13686, 14922, 14518, 16156, 11638, 14094, 14109, 13680, 12868, 14517, 12048, 14931, 12454, 14520, 12458, 9993, 14110, 16572, 15754, 14931, 15750, 12874, 15748, 15334, 15336, 14514, 12462, 14100, 14520, 12871, 13695, 12868, 11634, 14103, 13698, 13281, 14103, 13692, 14106, 12876, 14922, 14518, 14517, 12865, 14922, 14109, 11633, 13281, 15750, 14512, 14926, 12870, 12870, 15342, 12459, 15744, 15336, 14521, 14922, 13274, 14928, 14520, 13684, 14514, 16158, 14515, 15336, 12054, 12039, 12040, 14105, 14109, 12864, 16572, 12046, 12870, 14922, 12456, 16575, 12864, 13278, 12454, 16980, 14506, 13690, 13284, 15750, 13691, 11226, 10816, 14514, 13693, 14520, 16164, 14508, 12870, 14928, 15744, 13696, 14931, 15342, 14110, 14097, 13699, 16164, 14517, 14098, 12053, 17808, 13287, 14103, 12870, 13698, 13695, 15753, 15754, 12036, 12041, 15747, 15750, 11632, 16164, 13281, 13278, 12870, 12874, 12054, 12465, 11224, 14512, 13281, 11225, 12052, 9169, 14518, 14106, 13695, 11640, 14922, 12868, 9172, 15753, 14922, 12054, 14514, 12462, 17392, 13278, 12460, 14518, 14106, 15750, 14502, 13692, 15748, 12870, 14098, 14103, 12868, 15748, 13687, 13686, 13284, 13278, 13276, 13287, 10390, 13278, 12870, 13284, 12454, 12459, 11220, 12864, 11226, 14931, 13284, 13696, 13278, 12870, 16158, 12874, 13680, 11229, 12873, 12870, 14104, 12874, 15336, 13692, 11227, 15744, 12873, 14100, 11642, 12876, 13687, 16572, 10810, 16572, 14520, 14931, 14094, 12045, 13287, 12462, 14109, 13284, 15342, 12462, 13686, 12876, 15747, 12460, 12046, 10404, 16572, 9988, 15342, 10821, 15744, 15744, 14110, 14109, 13692, 17397, 12042, 14512, 14518, 12043, 11633, 12459, 14932, 12873, 13281, 14100, 14508, 12465, 10815, 16164, 11638, 13282, 11218, 12460, 14106, 14512, 15336, 9172, 15334, 12874, 11228, 13692, 14511, 13278, 12873, 15336, 14106, 11224, 13698, 12465, 13695, 14100, 15751, 11235, 14922, 15336, 12052, 14922, 13284, 11632, 15336, 13282, 14110, 11631, 15753, 11634, 12867, 15753, 15753, 10804, 14518, 14928}
Done logging to result_analysis/data_output/spy_results.txt.
Detaching from program: /Users/blenmac/Desktop/Research/CortexM_MPU_practice/Two_Cores/firmware.elf, Remote target
[Inferior 1 (Remote target) detached]
gdb -q firmware.elf \
	-ex "set pagination off" \
	-ex "set confirm off" \
	-ex "set logging file result_analysis/data_output/spy_results.txt" \
	-ex "set logging overwrite on" \
	-ex "set logging enabled on" \
	-ex "set print elements 0" \
	-ex "target extended-remote :3333" \
	-ex "p foo_time" \
	-ex "set logging enabled off" \
	-ex "dump binary memory result_analysis/data_output/spy_results.bin foo_time foo_time+10" \
	-ex "quit"
Reading symbols from firmware.elf...
Copying output to result_analysis/data_output/spy_results.txt.
Copying debug output to result_analysis/data_output/spy_results.txt.
Remote debugging using :3333
core0_main () at src/ex_6_flush_reload/cpu0.c:91
91	    while(1);
$1 = {11070, 9714, 8406, 6379, 9264, 9264, 9378, 8850, 7728, 8880, 10086, 8944, 6912, 10440, 8442, 8439, 9372, 7627, 7620, 8152, 8848, 6923, 8556, 10620, 11724, 8440, 8154, 8559, 8028, 8850, 5153, 6096, 5556, 5153, 6804, 7336, 6399, 5975, 5155, 6325, 5562, 5572, 5980, 5090, 8452, 8626, 8050, 10087, 10926, 8856, 7157, 11334, 8459, 9270, 11274, 9263, 10890, 9266, 9708, 10500, 9696, 7999, 10504, 10434, 9696, 9814, 9263, 11466, 10914, 10660, 10090, 10530, 10910, 9802, 7655, 8040, 9672, 8442, 9396, 9684, 9829, 7211, 8027, 11316, 9270, 9316, 9670, 9272, 8022, 8448, 10488, 9726, 7618, 8430, 9366, 10080, 6902, 10190, 10080, 10116, 11730, 10528, 8091, 9351, 10084, 10236, 10086, 7299, 8034, 8584, 10908, 7649, 10087, 10896, 11398, 8909, 10098, 7211, 9684, 9680, 9333, 9402, 7287, 8918, 10576, 8028, 7210, 7680, 10175, 8100, 7712, 8446, 9359, 8028, 10854, 10494, 10050, 8940, 9262, 8448, 9372, 8940, 10086, 11010, 9264, 9781, 9226, 8440, 8437, 8542, 7723, 7608, 8874, 9264, 7210, 6506, 6968, 6495, 9262, 6908, 8856, 8562, 8854, 8449, 11262, 8032, 8792, 10907, 7324, 6983, 8027, 4861, 5276, 5562, 5974, 4675, 5556, 6510, 6389, 5982, 5155, 7212, 6328, 7620, 10848, 9672, 8046, 9259, 7156, 7213, 8440, 10668, 10505, 8029, 10104, 6793, 10092, 6351, 8052, 8436, 9430, 9268, 10086, 9291, 7614, 11766, 7624, 7248, 6792, 9300, 11730, 8021, 8070, 11724, 11772, 9672, 8844, 10946, 8440, 7272, 11321, 12594, 9681, 10140, 9270, 11316, 9311, 8590, 8087, 9378, 6793, 9612, 8844, 8542, 8439, 7962, 8850, 9324, 8034, 8544, 6826, 10500, 10026, 9669, 8442, 8071, 8843, 8010, 10222, 9678, 8102, 8850, 7621, 10914, 8934, 9669, 11038, 8111, 8028, 8850, 8103, 10182, 10510, 9354, 5610, 9678, 6388, 8128, 9678, 9762, 8852, 10506, 9774, 10098, 8849, 8129, 9678, 10032, 8544, 8026, 11316, 8959, 9264, 8440, 10083, 8796, 7208, 7618, 8620, 8034, 8442, 9249, 12258, 9660, 9256, 5976, 5560, 5154, 5698, 5982, 5561, 5279, 5568, 7806, 5986, 8220, 8028, 8390, 6798, 5161, 9270, 11334, 7617, 10513, 8034, 10098, 10848, 8868, 12906, 10492, 10506, 7608, 8046, 8442, 8874, 9670, 7232, 8448, 8446, 10854, 10115, 11316, 8010, 9678, 8838, 8484, 8028, 8442, 9667, 9298, 8850, 10074, 10086, 10914, 7200, 9716, 11436, 10098, 12130, 10032, 10500, 10502, 10092, 10552, 10914, 7632, 9270, 10914, 10480, 12084, 10085, 7222, 8853, 9414, 9270, 10088, 8850, 10116, 8934, 11050, 10152, 9678, 7203, 8854, 9384, 9264, 7290, 9726, 10905, 8850, 8502, 9342, 8032, 8436, 9324, 7703, 8038, 8119, 7206, 7175, 11724, 8023, 8406, 8026, 8797, 8028, 10492, 6080, 7614, 7986, 10114, 8030, 8856, 7312, 9666, 10091, 7228, 10194, 6497, 8854, 6975, 9618, 6798, 8442, 9680, 8142, 10510, 10212, 9384, 8856, 10206, 8448, 10218, 8032, 8562, 5566, 4740, 6096, 4739, 6390, 6165, 5153, 5149, 5566, 6094, 5976, 6382, 6972, 5973, 9682, 12136, 8030, 10082, 7622, 9678, 9690, 9678, 11328, 11484, 9264, 7987, 10482, 9672, 9283, 9672, 8858, 12142, 8472, 10494, 10518, 10092, 11346, 10089, 11734, 10500, 10029, 8034, 10542, 8441, 10078, 10632, 10090, 10494, 12134, 10848, 7209, 9670, 10500, 7662, 10089, 8856, 11766, 13126, 8856, 10027, 9316, 9265, 11018, 9318, 9289, 9744, 8422, 11322, 7639, 8032, 8058, 9330, 6799, 9774, 11460, 9604, 9732, 8030, 10908, 10984, 9744, 10482, 10908, 6876, 10644, 8850, 10164, 8514, 10573, 8449, 10086, 7278, 10086, 7630, 9676, 8124, 6792, 12240, 8574, 8850, 8438, 8574, 7614, 8124, 7713, 10120, 10494, 8064, 9382, 7205, 8856, 9268, 6898, 9264, 9840, 8858, 5669, 7618, 5992, 8550, 7622, 6504, 9270, 7741, 6509, 8976, 8446, 9447, 10492, 5277, 5560, 5562, 14100, 14517, 13696, 14928, 15750, 10812, 13696, 14106, 14508, 13695, 14106, 11224, 12865, 14109, 11631, 13695, 16162, 13287, 12040, 12042, 12462, 12047, 16164, 12865, 13692, 11628, 15756, 13698, 13272, 14922, 12055, 14517, 13698, 13701, 14920, 11636, 14110, 11220, 16158, 13281, 14109, 11226, 15753, 12044, 13284, 16980, 12460, 12454, 15336, 8755, 15750, 12460, 14100, 14517, 14517, 12464, 12046, 12465, 13698, 14105, 12858, 13698, 13278, 16162, 13278, 15343, 13278, 14098, 15334, 13282, 12462, 14103, 13692, 15750, 12460, 12871, 13686, 11634, 13287, 12864, 12465, 14512, 9993, 11637, 13692, 14928, 12046, 13687, 15744, 14922, 13691, 14514, 13692, 16980, 15337, 13686, 14514, 12045, 14518, 16162, 13686, 14514, 9169, 14520, 16572, 11226, 16156, 13690, 17394, 12462, 13272, 14518, 12456, 14104, 14520, 14100, 14103, 14922, 12465, 15750, 12042, 12459, 14512, 14109, 12870, 13686, 11214, 15342, 12450, 14518, 16566, 13690, 13284, 12456, 10810, 13282, 14098, 12042, 13692, 13686, 12456, 14520, 14520, 13280, 12876, 13689, 14100, 11626, 16164, 13281, 12864, 11635, 15334, 12874, 13272, 15753, 14928, 15336, 11215, 12459, 12870, 15336, 13280, 15342, 15328, 12459, 14104, 11641, 14925, 14515, 14518, 13700, 13692, 14508, 13692, 11637, 13683, 13685, 13279, 14508, 12459, 12873, 12049, 14100, 13287, 14106, 15750, 14512, 12055, 16572, 10807, 14520, 15753, 13281, 15750, 13690, 12460, 13686, 12051, 13696, 14106, 13272, 11645, 15744, 14928, 16158, 14511, 13278, 12042, 14922, 13686, 13276, 13695, 16156, 16980, 11643, 15342, 13281, 13698, 15328, 13686, 13276, 12454, 14104, 12868, 12046, 11633, 12460, 13692, 15738, 16566, 15750, 12870, 13278, 10812, 10815, 14928, 13284, 12456, 12868, 14518, 13278, 12867, 12873, 12871, 14928, 15336, 13278, 15748, 14931, 14514, 14511, 12454, 12865, 14100, 11644, 13692, 13696, 13278, 15342, 14103, 12870, 13273, 15744, 11632, 15750, 12042, 13690, 16572, 11217, 14514, 12456, 14931, 15342, 14928, 12870, 12456, 12868, 14098, 13282, 11631, 11640, 13288, 17394, 15342, 13686, 11232, 14928, 12036, 12456, 13686, 14520, 14100, 14514, 12462, 13278, 12873, 13284, 12051, 12054, 14518, 14098, 14508, 14105, 13692, 14515, 11643, 14106, 13276, 14109, 16164, 12867, 14106, 13284, 12867, 12464, 14517, 14508, 14110, 14518, 13272, 15340, 14506, 16980, 13278, 15330, 13691, 13686, 12042, 16158, 11632, 12867, 15750, 10812, 16158, 11637, 12460, 12876, 11217, 15744, 12460, 15750, 10809, 13692, 11630, 12450, 15342, 15343, 14106, 12874, 14928, 13281, 16158, 14928, 12048, 14520, 14922, 12050, 13692, 14094, 16570, 14104, 14097, 11229, 11637, 11226, 14508, 12462, 9580, 13686, 15744, 14100, 15342, 10809, 14508, 12462, 14922, 16566, 11631, 14100, 12459, 11640, 13275, 13287, 15753, 16164, 12462, 13278, 12864, 12876, 13683, 15339, 14508, 13695, 12049, 11226, 11641, 14928, 14508, 13274, 14928, 12456, 15744, 13692, 14103, 14106, 15342, 15333, 15340, 14100, 13684, 15744, 12870, 15330, 14094, 13689, 9575, 11638, 12864, 15334, 13698, 12456, 14517, 11634, 13287, 11218, 14514, 15334, 14103, 13278, 13284, 12051, 12867, 13692, 17394, 10809, 12459, 9989, 13692, 11224, 14106, 12450, 11637, 14930, 14514, 14512, 15340, 14919, 11230, 11631, 12462, 13278, 14106, 11220, 13690, 9991, 11632, 16566, 11638, 12462, 13694, 14100, 12459, 14520, 14106, 15753, 14104, 13696, 11634, 15753, 15750, 14931, 13278, 14514, 15340, 14103, 13278, 12459, 12465, 14110, 15750, 13701, 14508, 13692, 15340, 14931, 12450, 13692, 16162, 13284, 16986, 11634, 12039, 11226, 14518, 14517, 12465, 9579, 15345, 12870, 15750, 14512, 7929, 17394, 14094, 12465, 14922, 12042, 15748, 14109, 14104, 12054, 14110, 14922, 15330, 13280, 14109, 14106, 14103, 14927, 13698, 15744, 11223, 15336, 12870, 14100, 12465, 14106, 12468, 15334, 13272, 14106, 12464, 12462, 11643, 12456, 14925, 13680, 13690, 12459, 14100, 12871, 13692, 15334, 14100, 14108, 9993, 16980, 14110, 12460, 14107, 11634, 13694, 14100, 13278, 14512, 14109, 13282, 13692, 11643, 13278, 14109, 13276, 15337, 15753, 14104, 14109, 14922, 12459, 11226, 14100, 12046, 14106, 13287, 14922, 12864, 14520, 12874, 15333, 15744, 14514, 13278, 12045, 14916, 14922, 16161, 14512, 13275, 15334, 11638, 14922, 14514, 12867, 13692, 14514, 13693, 13692, 13686, 12864, 9586, 14093, 16572, 10810, 13692, 13278, 14922, 13690, 12868, 15340, 15340, 14106, 14106, 15340, 16164, 15748, 11638, 12462, 16572, 14100, 14106, 13692, 12870, 14514, 14102, 14103, 12870, 14109, 12049, 13695, 14109, 13693, 12864, 15340, 12858, 12871, 12462, 16569, 10400, 13284, 15744, 11632, 12454, 11226, 14516, 14922, 15336, 14109, 15330, 13286, 12876, 13697, 14106, 15754, 13686, 14518, 13272, 10821, 16572, 12874, 13279, 14928, 14111, 15340, 10811, 13278, 14514, 13695, 14521, 12460, 11226, 13285, 14508, 12870, 13284, 14508, 12460, 14925, 13698, 10402, 14928, 12868, 12045, 13692, 13696, 15738, 16162, 13692, 14103, 13698, 12460, 13282, 12868, 14514, 14106, 14520, 13680, 11226, 14926, 15334, 15340, 15324, 12874, 15750, 12453, 16572, 15750, 12051, 12054, 14922, 9578, 15342, 13686, 13696, 11628, 14928, 10815, 14094, 12464, 15738, 14520, 12864, 13287, 14517, 12456, 14101, 14920, 10398, 13279, 14520, 13282, 14106, 12462, 11640, 16572, 12048, 14103, 14932, 14106, 14107, 13696, 13278, 15330, 14106, 14100, 16984, 12867, 14928, 12462, 14931, 14508, 9991, 14928, 12868, 14106, 14521, 14520, 14928, 12459, 15744, 13282, 12462, 13284, 14928, 12868, 15330, 12456, 14103, 16572, 14103, 12456, 15336, 12868, 13689, 14514, 10806, 11631, 14926, 12870, 13689, 11634, 14508, 14517, 14922, 10396, 14518, 12046, 14926, 14112, 15336, 13696, 12871, 14100, 14518, 16162, 12462, 15750, 12454, 13692, 13282, 14926, 8347, 16572, 14098, 14520, 12048, 13276, 12870, 15339, 14518, 13690, 15343, 12456, 12870, 14514, 12048, 16572, 12046, 12874, 13686, 13290, 14518, 13690, 11220, 12046, 14109, 14514, 12876, 13692, 13281, 14518, 12876, 11638, 14508, 13284, 15342, 12870, 13282, 12052, 14520, 12874, 14925, 14520, 12046, 14514, 13278, 16164, 12045, 12462, 14110, 16167, 12862, 13281, 12876, 14514, 12048, 13698, 14103, 12876, 14931, 10400, 13284, 14106, 12045, 10816, 13278, 14109, 14514, 9170, 14512, 12870, 14508, 12871, 14100, 13281, 14514, 12450, 11632, 12870, 16566, 13286, 11640, 16158, 14098, 13686, 14106, 13686, 14916, 13278, 14922, 13692, 11225, 14922, 14104, 14514, 11226, 13284, 11634, 14518, 15330, 15339, 9577, 13696, 16566, 14517, 15330, 14502, 14104, 12048, 9991, 15340, 11634, 14512, 16572, 12459, 13698, 12870, 12048, 15750, 14100, 14931, 14922, 12048, 11631, 15342, 12450, 12867, 15342, 15340, 11220, 14106, 14103, 12867, 14926, 12037, 12864, 13690, 15336, 15336, 12873, 11632, 10815, 13284, 13287, 13278, 12462, 15747, 14932, 13284, 13278, 15744, 12465, 15744, 13284, 14100, 14517, 14514, 13696, 13694, 13284, 10807, 12453, 14922, 11640, 11223, 12877, 15330, 11223, 13698, 12459, 14514, 15336, 13278, 14916, 15754, 16980, 12463, 11220, 12868, 13696, 10816, 13696, 15750, 14520, 12040, 9988, 14506, 14928, 15336, 12051, 10399, 14928, 14109, 13690, 14922, 14106, 10406, 13281, 13691, 14094, 14508, 12453, 13695, 10809, 12456, 14517, 15750, 12459, 13284, 14106, 12040, 13692, 14922, 12870, 13276, 14518, 15744, 12453, 12870, 14100, 13284, 11643, 14925, 13281, 11222, 14926, 12046, 16572, 10401, 13696, 13287, 12876, 14109, 12048, 12460, 12864, 12048, 11643, 12858, 12045, 13284, 12048, 13282, 12461, 13692, 14520, 13692, 14922, 13695, 14104, 14508, 14104, 15340, 12867, 12048, 15324, 12454, 12873, 13692, 13680, 10816, 15750, 12879, 12866, 14928, 14926, 14928, 12454, 13686, 13690, 13688, 14916, 10408, 14512, 14922, 14094, 12459, 15750, 9999, 11230, 14928, 16566, 13287, 12057, 15750, 14100, 12876, 13284, 16572, 12048, 14100, 12460, 14922, 15334, 14922, 13693, 12876, 12868, 16158, 13282, 13683, 14520, 14928, 12456, 12460, 14511, 15750, 11219, 14928, 14110, 14512, 13692, 15336, 11640, 16158, 12876, 15750, 16984, 12051, 14106, 12053, 13680, 12450, 12876, 13695, 12043, 13282, 14097, 17808, 14106, 14512, 12876, 12870, 14100, 14508, 15750, 15340, 11631, 12462, 13278, 15336, 14100, 14104, 14106, 16566, 12042, 14931, 13284, 14514, 14097, 12877, 12043, 9988, 14514, 14520, 11638, 13287, 15340, 11226, 14928, 14922, 13698, 15336, 15342, 12055, 14514, 14508, 12867, 14100, 10821, 15334, 10405, 15336, 14928, 14928, 15340, 13689, 15750, 11214, 14514, 12047, 12456, 14106, 11634, 17394, 13284, 14094, 14505, 14922, 16572, 12866, 14922, 12869, 13696, 12047, 14514, 15748, 11226, 14922, 14512, 14106, 15336, 13282, 16570, 12054, 11643, 14914, 7933, 14106, 15750, 12460, 14094, 14512, 12052, 16164, 12456, 13282, 14514, 9987, 12456, 11631, 14517, 15336, 13687, 9987, 15334, 14514, 14100, 11632, 15750, 14922, 12045, 12457, 14100, 13684, 11637, 15750, 13692, 12046, 14518, 11218, 15748, 14100, 14514, 14928, 14104, 14928, 11633, 14922, 12868, 13278, 14100, 9987, 12871, 12859, 14928, 14508, 12868, 12874, 12868, 14103, 13695, 14926, 14094, 14522, 10806, 13282, 14916, 11640, 12459, 12045, 13686, 14922, 12870, 12046, 13699, 13686, 12868, 14106, 15750, 12052, 13693, 12454, 13689, 12462, 14928, 13287, 11626, 12051, 13689, 14098, 13284, 13287, 12052, 13696, 10401, 13692, 13287, 14508, 11641, 14928, 13690, 12868, 12459, 14109, 13690, 14922, 14514, 14931, 14932, 12052, 14931, 12042, 13684, 15750, 12864, 12873, 15339, 14104, 10395, 14922, 13284, 13278, 14920, 14106, 12463, 12452, 13272, 16165, 11632, 14110, 12048, 16146, 14106, 16566, 14104, 12862, 13686, 14104, 13284, 15754, 13696, 14922, 12456, 14506, 16158, 10810, 15336, 14101, 13278, 14508, 16164, 11220, 14928, 13699, 15342, 9987, 13692, 16150, 11640, 15750, 14521, 15748, 13278, 12462, 13278, 14514, 13278, 16162, 15744, 13277, 12463, 15334, 12877, 12868, 15339, 9576, 13287, 15336, 15754, 11634, 12865, 11219, 12456, 14931, 15336, 17394, 10397, 13276, 14502, 11641, 12868, 14514, 12048, 14512, 12874, 13287, 14106, 13287, 14916, 12040, 12454, 14512, 13696, 16156, 11634, 13692, 14508, 12055, 12450, 15743, 13689, 14922, 10404, 12873, 16152, 14106, 16158, 12454, 16572, 11637, 13278, 14514, 14521, 13278, 13699, 14508, 16152, 12873, 16162, 14931, 13278, 13281, 14514, 12874, 14093, 14931, 12456, 11223, 14934, 10398, 15340, 14508, 12042, 12464, 14520, 14931, 14926, 14508, 13290, 14106, 14109, 11628, 15340, 14107, 13278, 12869, 14106, 14110, 14922, 12459, 11632, 13282, 12862, 13277, 16162, 14104, 14103, 15336, 13690, 15340, 12864, 15744, 13686, 11643, 14925, 11637, 13692, 14106, 12462, 17394, 14931, 13284, 11223, 16566, 15334, 10408, 16162, 15756, 13270, 14926, 14928, 13278, 12456, 16566, 9986, 14520, 13272, 12462, 15330, 12450, 15330, 12046, 14521, 13692, 14926, 13281, 13278, 12042, 12051, 14106, 14508, 13698, 12042, 13698, 13686, 12051, 14100, 13697, 14514, 16575, 12042, 16162, 12868, 12459, 13278, 13695, 14928, 14511, 14512, 15750, 12453, 14520, 14928, 13284, 16162, 13281, 12450, 12873, 16978, 11631, 15336, 11634, 14109, 10386, 14518, 12868, 14109, 14922, 14514, 12042, 13282, 14931, 13690, 13684, 14106, 14922, 14109, 14514, 16161, 13698, 14109, 13686, 11223, 13698, 16572, 14106, 16164, 14106, 12867, 13282, 11640, 13699, 14106, 13695, 15342, 11224, 14094, 14920, 11644, 14512, 13689, 16572, 11641, 13287, 16158, 13284, 14100, 14514, 11220, 14109, 13691, 16162, 13272, 16158, 13693, 11643, 13272, 12465, 12048, 12048, 17394, 15742, 12872, 13277, 12865, 14922, 14514, 12459, 13696, 14928, 12054, 12043, 11226, 13287, 11218, 14106, 14512, 13690, 15750, 11634, 14106, 14103, 13282, 14109, 12453, 13692, 12870, 14928, 11226, 14514, 13272, 12048, 9993, 13278, 15336, 12462, 15340, 14920, 14931, 14520, 13692, 12054, 9993, 14920, 12459, 12870, 14926, 14514, 12862, 12462, 13691, 13282, 13695, 12459, 14109, 11634, 12868, 9180, 12868, 16164, 12865, 15744, 15750, 14104, 12466, 15339, 13686, 14512, 12456, 12454, 13287, 14520, 13276, 11220, 11637, 13695, 12047, 12873, 10821, 13286, 14508, 14518, 14512, 13284, 15342, 14514, 12869, 14928, 12864, 13275, 15750, 12876, 14106, 13284, 14520, 13692, 16164, 11226, 14518, 15333, 14932, 16572, 13290, 14514, 14520, 13692, 9992, 15753, 10404, 13686, 11223, 15342, 15750, 14520, 13286, 14922, 12864, 8755, 13690, 13690, 15342, 15744, 13288, 13278, 16572, 11226, 12864, 13696, 13692, 14931, 14094, 12876, 14106, 13276, 11628, 14109, 14514, 14520, 12877, 14094, 11640, 14106, 10812, 15750, 13690, 14100, 10402, 11640, 14512, 15748, 12462, 12868, 13287, 10806, 14926, 12462, 13692, 14103, 15748, 10806, 12459, 13282, 9990, 11224, 12045, 10402, 16986, 12456, 12052, 12039, 9570, 12865, 14926, 12465, 13284, 15341, 12450, 13282, 12466, 16986, 11223, 14932, 16572, 13692, 13696, 14920, 13282, 14106, 11626, 14106, 14931, 12039, 14106, 13281, 11640, 14931, 12054, 14100, 11224, 14106, 11224, 14924, 14926, 10805, 12874, 10813, 14502, 12046, 15340, 15336, 15750, 11631, 14100, 13287, 13284, 12456, 14928, 14508, 14106, 14928, 11640, 11627, 17388, 12456, 13281, 13287, 13692, 12858, 12876, 14931, 14922, 13685, 11634, 14926, 13690, 15342, 12864, 16572, 13692, 14103, 11634, 15330, 14109, 12456, 16165, 13686, 14103, 14514, 13278, 12457, 14928, 11214, 15750, 11637, 13272, 14106, 15742, 12868, 15333, 14928, 12456, 14931, 15342, 12048, 15753, 16980, 16162, 9581, 13695, 15342, 14514, 12051, 14928, 11641, 11220, 14104, 14928, 9576, 14928, 12456, 14508, 14520, 13686, 15750, 11234, 13282, 12456, 14514, 16572, 12456, 14106, 12865, 12045, 14928, 15336, 13281, 14104, 12864, 13689, 13282, 16980, 13696, 12456, 13280, 12041, 13281, 14931, 12456, 15744, 12873, 14922, 13680, 15343, 14928, 13280, 13279, 14931, 12452, 12048, 14103, 14922, 11634, 13275, 12046, 12867, 14922, 12867, 14098, 14106, 15750, 12044, 13278, 14928, 16158, 14518, 13689, 14928, 14112, 17392, 12874, 14106, 13698, 14922, 14104, 15340, 11218, 15336, 13700, 14106, 14109, 14518, 11224, 12456, 13698, 12042, 14103, 12873, 14922, 11640, 13277, 15342, 14925, 10398, 13696, 10401, 16566, 13276, 13278, 14922, 14094, 14928, 13288, 13273, 11224, 13287, 14928, 12868, 15750, 12463, 13690, 14926, 14106, 14100, 11224, 16980, 11631, 14922, 15340, 12456, 14103, 12043, 12046, 15330, 12864, 14922, 11224, 13276, 12450, 15339, 13284, 12054, 12036, 14109, 12054, 13690, 13692, 11632, 14928, 12044, 13272, 13287, 12040, 12456, 12049, 11226, 14926, 15336, 12466, 15336, 12870, 15744, 9574, 15336, 12460, 14102, 16158, 13696, 14922, 15750, 13696, 12879, 12872, 14514, 12870, 13281, 11638, 16572, 13689, 12876, 13275, 13286, 11232, 16984, 15334, 12870, 13692, 11634, 15750, 13696, 16980, 11626, 14928, 16158, 14928, 10399, 12868, 15750, 11631, 17394, 13277, 12870, 12874, 14100, 15753, 15343, 13690, 10809, 13282, 13278, 15748, 11224, 12862, 14106, 15744, 12460, 13282, 12045, 14520, 13695, 12874, 14514, 12040, 14106, 14928, 11632, 16569, 14928, 14518, 14103, 14508, 16162, 16572, 13701, 14922, 13284, 9989, 16575, 14934, 14518, 11637, 13275, 15339, 11225, 13278, 13690, 14100, 11634, 13686, 15340, 14100, 11229, 13684, 12453, 13277, 13698, 12868, 14931, 12872, 13278, 16572, 12449, 12046, 12864, 15744, 12042, 11230, 13284, 12861, 15342, 14100, 13287, 16980, 15342, 10403, 16164, 12870, 12048, 16572, 11230, 14106, 13680, 15750, 13278, 14926, 14106, 14919, 14514, 11224, 16162, 13278, 12456, 13690, 15336, 11634, 13690, 12864, 12864, 13275, 14110, 14920, 14520, 14931, 12046, 15750, 12048, 12458, 12876, 11226, 14104, 17806, 13278, 14103, 12868, 12870, 14107, 12867, 14109, 14916, 12051, 12450, 13694, 14512, 12864, 15754, 13692, 9996, 14508, 13287, 12039, 13696, 13282, 15750, 12054, 13692, 15750, 13276, 13287, 13696, 12870, 13690, 10819, 17394, 16164, 13692, 10806, 12871, 12870, 12042, 14100, 12868, 11223, 16572, 14920, 13692, 13281, 15753, 14518, 14520, 12460, 14512, 12456, 11637, 13690, 12465, 12870, 12862, 14514, 12874, 11229, 14103, 15750, 13278, 12873, 15336, 11226, 12456, 14508, 15334, 12870, 14926, 10398, 14514, 14931, 13281, 14928, 13275, 16162, 12459, 14514, 12051, 13278, 14109, 12456, 15750, 13278, 12450, 11635, 15340, 13281, 13278, 15754, 14520, 11635, 12046, 14106, 12459, 13684, 13696, 14514, 11638, 14919, 13284, 9981, 13698, 12459, 15344, 12046, 13275, 16986, 14104, 14928, 14508, 17806, 13282, 14110, 12048, 14512, 12042, 14105, 15744, 12459, 12040, 15753, 12046, 14520, 15747, 10816, 13278, 15336, 12456, 14930, 15750, 11224, 16158, 11229, 14098, 11635, 14109, 12462, 14109, 14100, 11632, 14097, 16986, 10816, 13693, 12873, 14928, 12870, 12052, 13276, 14508, 16150, 12462, 15747, 10814, 13284, 14097, 13284, 13693, 14928, 16572, 13698, 14100, 12457, 13692, 14925, 13687, 12460, 14097, 14512, 12864, 14931, 14928, 14515, 13284, 14511, 13687, 13284, 14521, 15750, 12462, 13281, 14929, 11230, 13687, 11638, 14104, 14931, 13699, 14523, 14520, 10404, 12456, 15342, 14928, 13272, 14508, 10399, 14928, 14100, 15744, 10813, 15753, 13684, 14109, 9984, 14928, 14931, 12864, 14106, 13272, 14100, 13287, 13696, 11643, 14100, 10402, 12468, 13281, 14505, 13692, 12876, 12459, 12864, 13690, 13690, 11637, 12454, 15342, 13281, 13278, 12876, 12048, 10809, 14092, 14518, 12864, 12459, 14106, 12046, 12462, 14106, 13275, 14508, 16164, 12462, 12864, 12460, 14109, 12864, 16162, 12864, 15342, 14922, 14106, 12450, 17394, 13282, 14511, 14513, 14106, 14931, 12046, 13282, 13287, 12459, 13284, 11227, 13278, 12870, 13278, 12870, 12870, 14916, 14517, 10405, 15336, 12046, 10818, 12870, 12459, 12040, 14100, 14928, 13692, 12868, 12044, 16566, 14922, 14522, 14922, 16572, 14106, 12868, 14514, 14100, 13278, 12456, 14100, 15340, 13284, 12040, 12048, 14106, 13284, 12858, 14098, 10396, 15750, 15336, 11229, 13281, 12459, 13284, 13695, 10806, 15750, 14104, 16158, 13695, 15748, 12873, 11224, 12045, 12050, 14098, 12050, 12046, 12053, 12042, 16986, 12459, 15336, 14931, 14518, 12454, 12876, 11637, 12460, 15340, 16566, 11224, 14520, 13287, 12454, 12459, 15336, 9992, 15744, 12874, 13689, 14928, 13272, 10821, 10806, 14096, 14508, 12465, 13282, 14925, 14100, 12868, 12453, 13276, 12876, 13276, 14922, 11643, 16158, 14100, 8757, 13281, 14514, 9586, 12874, 12457, 14928, 12876, 14514, 13276, 13696, 13696, 12870, 13284, 11633, 12873, 15336, 15754, 14508, 15750, 12874, 12867, 9987, 12054, 15340, 13279, 15750, 15750, 15744, 11637, 14109, 13278, 13695, 14518, 12456, 14922, 11638, 14928, 14921, 13693, 12036, 13698, 13282, 14100, 13686, 13281, 14932, 15750, 15342, 12054, 14928, 16162, 13695, 12450, 16572, 15340, 14510, 16572, 14107, 14103, 13696, 15334, 14101, 13696, 11640, 12870, 14520, 14104, 9987, 11220, 13276, 15330, 12873, 14109, 14922, 13692, 11636, 13278, 15342, 12868, 16152, 14096, 13282, 14928, 13686, 12459, 14520, 14518, 14520, 14928, 16158, 12040, 12454, 17397, 13278, 13696, 12042, 14518, 14922, 15342, 14104, 15340, 12450, 15333, 13698, 13275, 11635, 12874, 14106, 17394, 14110, 9584, 13281, 12456, 15756, 13281, 16572, 15330, 9580, 16566, 13690, 12456, 12462, 14100, 12040, 12864, 10812, 12874, 16572, 14518, 13687, 14106, 11220, 12040, 11640, 15340, 14517, 11634, 10401, 15336, 14508, 12040, 12048, 14925, 13288, 13281, 16158, 12456, 16152, 14100, 13287, 10815, 14926, 14931, 16158, 14106, 14928, 14514, 14520, 14103, 9169, 14098, 14514, 11632, 15332, 14922, 14100, 12864, 13686, 12870, 15750, 10398, 12042, 11212, 15342, 13287, 14928, 14103, 16161, 14106, 14097, 12046, 11222, 16161, 12870, 14100, 13281, 12048, 17388, 14928, 12046, 16158, 13680, 16572, 9990, 14928, 13284, 12454, 14508, 14928, 14926, 14100, 14931, 14502, 12876, 10407, 11632, 14521, 12870, 14107, 14928, 12879, 14922, 14103, 15750, 13696, 14103, 14928, 13692, 12460, 15738, 12868, 15340, 12045, 14100, 13282, 13692, 11626, 12874, 12874, 14518, 12864, 13280, 13282, 14100, 11635, 16161, 12876, 13275, 13690, 14517, 14506, 12460, 13284, 16572, 12876, 14514, 15744, 14100, 13281, 14094, 15744, 14928, 12465, 15753, 16572, 12459, 12873, 12052, 16566, 11231, 15336, 13290, 13276, 13278, 14108, 14922, 14114, 15750, 12873, 13686, 13686, 11640, 10818, 14520, 12871, 14110, 12867, 15336, 12869, 12858, 12864, 16572, 13287, 14508, 14508, 14928, 13690, 12463, 12876, 10816, 15756, 16572, 15336, 10816, 11629, 12046, 15744, 12867, 13698, 12457, 14928, 13278, 14931, 14928, 11232, 11637, 11640, 14518, 11223, 14508, 13690, 13282, 14106, 15750, 14106, 13686, 12048, 14103, 14922, 12871, 12462, 11626, 11225, 13284, 12458, 14922, 13282, 14104, 13287, 15336, 12456, 11631, 16158, 9987, 12864, 14520, 12864, 14509, 12455, 15330, 11230, 15750, 13285, 14928, 14110, 13285, 14928, 14106, 15342, 14925, 11643, 15738, 14103, 14517, 11229, 15750, 11634, 14508, 12459, 14100, 14100, 15334, 14103, 14104, 11235, 16566, 13690, 16572, 13698, 12864, 18216, 15340, 15342, 14514, 11230, 15750, 14110, 14928, 13696, 14092, 12870, 16164, 10395, 14106, 15744, 13693, 10818, 14100, 12460, 14103, 14106, 12459, 13284, 16986, 14106, 16161, 14106, 12858, 9994, 13278, 13686, 16164, 15750, 14931, 12459, 15340, 13698, 15342, 14926, 14928, 14100, 14916, 14928, 13284, 14104, 12039, 13698, 13695, 11628, 12867, 13692, 15747, 14506, 15342, 13281, 10398, 14106, 12865, 14934, 13272, 11646, 11636, 15744, 16984, 13278, 10401, 15339, 13278, 14518, 15340, 15334, 15334, 13284, 12051, 13278, 10396, 14928, 15750, 14518, 14520, 14103, 14511, 12462, 14100, 12871, 13698, 14100, 14106, 14525, 16162, 15340, 14106, 12046, 14922, 12466, 13272, 14100, 14518, 15744, 14103, 13686, 13690, 11640, 12459, 14512, 17394, 13690, 12456, 15747, 12863, 13284, 13687, 12449, 14106, 13281, 13696, 13696, 14106, 15342, 12459, 15342, 12039, 14922, 12459, 13695, 14104, 9589, 12459, 15340, 14104, 14514, 13690, 10815, 16572, 8350, 12454, 14928, 13284, 13692, 16566, 14515, 14100, 14097, 12870, 12459, 17808, 14506, 14100, 14925, 12048, 12456, 13277, 14925, 11640, 14932, 14916, 14106, 16158, 14511, 15750, 9994, 13690, 13698, 12052, 11643, 13692, 13287, 13698, 13692, 14098, 11628, 14928, 13698, 13695, 13278, 12871, 15750, 10408, 16572, 12051, 13686, 11636, 11640, 13692, 14925, 14106, 14100, 12046, 14922, 11230, 13689, 12864, 14512, 12876, 13284, 14512, 15340, 15339, 13692, 12454, 14106, 14100, 12874, 14514, 15750, 12864, 12868, 12460, 12460, 15336, 14109, 14514, 13276, 15750, 8750, 14104, 13692, 14518, 15330, 14512, 14100, 12452, 12456, 13690, 15342, 14916, 13695, 13692, 12460, 14106, 10407, 16158, 13282, 14922, 11638, 16572, 14520, 12055, 14514, 13689, 16158, 12870, 14109, 14100, 12052, 13287, 13690, 14508, 14100, 12044, 14517, 13692, 14521, 14512, 9988, 14109, 14100, 14112, 15744, 12456, 11223, 13278, 14922, 14104, 13684, 15330, 15342, 15340, 12457, 12874, 15744, 15336, 14517, 13281, 11626, 15336, 13693, 14106, 11227, 12870, 13696, 15336, 12052, 16158, 10818, 13286, 14931, 13272, 11226, 12865, 14512, 13278, 11218, 13698, 12457, 14928, 14100, 13284, 15342, 12867, 14104, 13692, 12046, 13287, 12460, 14100, 14105, 14922, 13274, 14514, 12863, 13278, 16980, 16152, 14932, 17394, 13282, 14928, 14100, 15340, 11637, 14926, 13690, 14094, 13284, 12450, 12456, 14100, 14106, 14109, 14094, 14928, 13287, 13686, 15342, 14508, 13686, 14928, 15340, 12874, 12870, 13281, 11638, 14109, 17394, 14104, 11223, 14922, 12050, 13278, 15340, 14931, 10813, 14514, 13692, 14103, 11634, 14511, 12040, 13281, 14514, 15744, 13278, 10806, 13282, 12868, 12456, 16572, 13282, 14506, 10812, 11632, 14106, 9987, 14515, 16572, 11638, 16161, 14514, 14928, 13284, 15336, 13272, 14100, 14926, 11643, 10804, 11628, 13281, 14514, 12456, 13284, 13684, 14103, 13284, 13279, 13282, 15343, 13284, 14512, 14107, 15744, 14106, 10404, 13282, 12868, 14511, 14506, 13278, 16986, 14926, 12043, 11235, 13692, 14928, 14928, 13284, 13278, 16152, 14928, 14109, 12871, 13272, 14103, 13281, 12042, 14106, 12046, 14919, 14104, 12462, 12047, 13695, 11224, 14106, 13695, 12464, 13287, 11644, 16152, 15336, 13690, 14934, 14100, 11630, 15336, 12871, 13692, 11222, 14928, 13692, 16152, 16572, 14109, 15342, 14517, 14922, 11224, 15339, 15336, 14109, 13278, 13695, 11638, 16158, 12862, 14931, 13284, 14520, 13284, 12049, 10818, 15753, 13275, 12874, 16984, 14922, 13284, 15339, 13286, 13686, 15336, 12864, 10815, 12870, 16575, 14520, 14515, 12876, 14928, 12463, 14926, 14104, 12046, 13272, 12454, 13692, 17394, 16158, 16572, 14518, 13689, 15750, 16572, 13284, 12459, 10400, 16988, 14512, 13278, 13690, 13287, 14925, 13282, 12450, 14520, 14511, 12042, 12456, 15752, 16572, 12042, 11221, 13692, 13272, 14520, 14508, 12459, 12462, 16161, 12454, 12869, 11224, 12054, 14925, 11635, 14517, 14098, 13692, 13276, 12865, 15334, 12454, 16572, 12871, 13698, 16164, 12048, 12459, 13278, 14922, 14514, 14520, 12873, 15750, 14109, 12456, 13699, 13272, 12449, 13698, 14931, 14104, 15334, 14521, 13696, 13703, 14098, 15754, 14100, 13696, 16572, 11643, 15342, 12459, 12459, 14518, 13690, 12862, 13284, 12465, 13275, 12862, 14919, 12874, 12048, 13284, 11223, 12042, 14103, 12456, 13695, 14926, 14922, 15339, 13696, 16164, 14916, 13695, 12042, 14928, 12871, 13278, 14931, 15738, 9573, 14514, 11218, 14500, 14109, 12879, 12870, 15750, 11634, 16572, 13282, 14106, 12049, 14100, 8749, 16164, 14932, 14922, 11634, 14508, 9986, 15342, 11224, 14922, 14928, 13278, 14106, 13689, 16164, 16986, 12858, 14094, 13284, 16566, 14100, 14508, 13278, 12456, 14926, 15342, 12874, 13701, 15342, 14928, 11641, 14928, 13278, 14104, 12051, 15340, 14110, 11637, 12052, 14514, 16987, 11229, 15342, 14100, 13692, 14520, 12874, 11226, 15750, 14100, 14514, 11637, 16984, 12453, 14931, 15736, 12454, 11631, 16572, 12869, 12858, 13686, 13690, 14106, 14926, 12458, 16164, 13680, 12870, 15342, 11628, 13692, 14518, 12864, 15339, 12460, 16158, 12866, 14922, 16572, 13692, 14106, 15750, 14518, 12456, 14106, 16164, 15336, 14922, 12456, 14100, 16158, 11223, 14520, 14930, 13692, 14514, 13287, 12879, 14514, 11627, 13698, 13698, 11218, 12858, 14103, 14100, 13284, 14520, 14511, 16164, 13284, 14514, 13695, 13693, 12456, 11637, 14928, 14928, 12864, 15336, 11640, 15342, 11632, 14520, 14106, 12046, 13692, 14106, 16158, 12461, 13287, 14508, 11223, 12456, 12867, 12468, 14100, 14926, 11637, 13278, 13272, 12874, 13680, 13692, 13692, 14098, 12460, 14106, 13282, 12870, 13281, 12459, 13696, 13696, 12042, 14514, 13285, 12870, 15342, 14521, 12048, 14100, 13281, 14106, 12462, 13686, 13284, 13680, 14931, 12867, 13278, 14514, 11642, 14922, 16986, 11229, 14514, 12456, 14514, 13278, 14925, 14926, 14109, 14514, 16572, 14523, 12876, 13696, 13284, 14928, 13286, 9576, 12462, 14100, 12468, 14928, 14517, 11628, 18216, 16158, 12046, 14103, 13686, 12868, 12874, 9985, 16566, 12868, 14110, 15336, 14522, 15342, 10809, 15345, 10821, 14104, 15333, 13692, 13287, 12858, 14104, 15339, 14515, 13276, 13275, 13695, 12465, 17802, 13692, 14928, 12054, 14100, 11635, 15747, 13683, 13284, 9998, 10408, 13698, 12858, 14514, 11641, 15339, 12874, 13693, 15748, 12450, 16162, 14520, 12867, 14106, 11628, 14520, 14926, 11224, 14931, 12868, 14916, 15328, 14928, 15336, 15336, 13284, 12460, 12873, 14512, 13275, 14100, 14931, 15754, 12455, 15744, 13695, 16158, 14104, 12873, 14514, 10815, 12048, 14110, 13692, 15340, 12876, 16570, 11628, 12456, 9582, 16566, 10806, 14100, 15753, 12046, 12454, 16570, 13691, 14108, 14100, 12460, 13695, 14928, 12450, 11643, 12452, 13698, 12873, 13696, 14103, 13284, 14502, 11635, 15750, 13284, 14922, 13284, 15744, 14508, 12465, 17808, 14106, 12460, 16572, 11637, 12048, 15334, 12870, 14514, 14511, 14109, 11228, 11628, 13692, 12870, 16984, 13698, 14104, 12451, 16164, 14922, 11637, 14922, 12040, 12460, 15336, 13699, 14931, 12456, 16152, 15750, 14106, 9993, 14930, 10402, 8341, 15750, 11230, 12457, 14928, 13280, 9993, 14520, 13695, 12868, 15342, 13690, 11638, 12456, 12462, 17394, 12462, 14109, 14102, 11634, 14103, 11626, 14928, 11632, 14106, 13694, 12460, 12876, 13284, 14512, 12454, 14514, 12869, 15334, 12045, 12868, 16986, 12870, 16155, 12052, 12051, 12463, 14922, 14517, 15340, 12868, 12046, 13695, 13690, 14928, 12465, 12456, 16575, 13276, 13692, 12466, 15750, 12454, 14100, 14520, 17394, 12040, 11638, 15750, 11628, 13690, 15750, 14512, 13284, 13698, 12874, 14097, 14508, 14097, 12874, 14100, 11220, 14518, 14931, 14922, 11644, 11628, 12876, 12454, 12868, 13272, 13689, 12036, 13287, 14098, 14100, 11640, 13698, 12045, 16572, 12867, 12873, 14928, 16984, 15339, 13697, 16158, 15747, 14925, 16158, 13278, 12046, 12456, 16162, 14523, 12052, 14518, 13284, 13686, 13282, 9988, 12459, 13285, 13692, 13281, 14932, 15756, 15750, 16575, 14104, 12050, 13284, 13288, 15744, 14109, 14106, 16164, 13287, 14520, 14508, 10809, 11222, 11634, 14922, 13701, 16986, 14930, 13278, 14106, 12043, 14928, 12868, 14098, 14103, 14518, 14508, 16575, 13278, 15334, 13698, 10815, 13688, 12876, 14514, 13287, 14518, 15342, 13686, 14110, 13281, 14100, 13281, 14106, 14922, 13689, 14511, 11638, 13278, 16158, 12870, 14103, 12454, 12874, 16158, 13284, 15343, 13276, 13698, 14922, 15333, 12049, 12046, 12874, 16572, 14520, 12858, 12046, 17388, 14109, 11628, 14916, 15340, 11627, 12456, 14101, 14512, 13282, 14926, 10396, 14515, 14928, 11222, 12456, 10804, 14100, 15340, 11214, 14922, 14928, 11217, 13690, 14106, 12867, 15336, 13692, 9990, 12048, 14518, 15340, 15336, 12042, 12874, 14109, 12454, 11638, 15750, 17388, 14922, 12459, 12876, 12453, 14514, 13276, 9987, 14110, 13695, 13699, 15750, 14098, 12868, 10398, 11631, 10815, 13698, 15330, 12868, 14512, 14106, 14514, 12864, 16986, 12873, 13284, 13692, 15336, 12874, 14916, 15750, 15336, 13692, 12877, 13272, 13692, 11631, 11224, 14106, 13280, 14094, 14109, 16158, 13278, 13281, 14106, 10806, 12462, 14099, 13282, 14513, 14110, 15750, 13280, 14106, 15339, 10812, 14922, 12454, 13690, 11638, 11640, 12870, 11626, 12876, 16158, 12874, 15336, 15334, 11217, 14106, 12453, 13696, 16164, 13282, 16572, 11230, 15342, 14101, 12462, 13277, 14512, 13276, 13696, 14928, 14106, 14517, 12034, 12039, 14518, 14104, 11233, 14922, 13690, 11637, 9993, 15750, 10405, 12873, 14922, 12456, 14925, 14512, 11225, 13278, 12051, 14520, 15750, 13284, 14104, 12046, 14928, 12456, 11629, 13696, 15342, 15336, 13686, 14931, 14108, 14928, 11634, 14099, 15750, 12462, 13696, 11637, 10404, 13690, 14103, 14514, 15345, 13686, 12462, 12454, 11225, 12871, 14916, 12047, 12465, 12450, 16156, 13698, 13693, 15744, 14104, 14514, 15339, 12870, 13278, 15336, 15744, 12874, 14520, 14922, 14520, 14100, 11637, 12042, 11221, 16162, 16986, 10399, 12876, 13275, 16162, 13288, 13696, 14508, 14508, 15340, 11221, 12456, 12456, 11643, 13278, 14517, 13698, 14922, 12864, 14104, 11221, 12870, 14922, 10804, 9581, 16572, 14100, 14922, 15342, 13286, 14920, 11643, 9988, 14923, 13686, 13284, 11634, 15335, 14104, 13287, 12046, 11218, 17388, 14520, 14514, 14514, 12036, 13281, 16575, 16570, 15750, 14106, 15747, 14930, 12862, 14931, 12048, 14094, 13692, 12864, 16566, 12874, 15744, 15340, 12870, 14511, 15750, 12864, 14928, 15336, 12465, 13692, 15744, 12451, 13282, 13690, 13275, 13281, 12450, 15339, 12862, 14922, 10808, 13278, 14922, 12864, 12862, 14928, 14506, 14506, 12870, 12456, 13284, 12453, 11632, 13691, 12042, 11639, 12456, 12862, 14100, 11630, 14931, 15750, 12867, 16152, 13692, 13287, 13692, 14928, 13281, 12462, 14922, 10818, 16572, 15748, 15750, 12463, 13284, 12454, 10401, 13276, 13695, 12458, 13693, 14514}
Done logging to result_analysis/data_output/spy_results.txt.
Detaching from program: /Users/blenmac/Desktop/Research/CortexM_MPU_practice/Two_Cores/firmware.elf, Remote target
[Inferior 1 (Remote target) detached]
gdb -q firmware.elf \
	-ex "set pagination off" \
	-ex "set confirm off" \
	-ex "set logging file result_analysis/data_output/spy_results.txt" \
	-ex "set logging overwrite on" \
	-ex "set logging enabled on" \
	-ex "set print elements 0" \
	-ex "target extended-remote :3333" \
	-ex "p foo_time" \
	-ex "set logging enabled off" \
	-ex "dump binary memory result_analysis/data_output/spy_results.bin foo_time foo_time+10" \
	-ex "quit"
Reading symbols from firmware.elf...
Copying output to result_analysis/data_output/spy_results.txt.
Copying debug output to result_analysis/data_output/spy_results.txt.
Remote debugging using :3333
core0_main () at src/ex_6_flush_reload/cpu0.c:91
91	    while(1);
$1 = {9702, 8133, 10080, 8952, 9262, 9616, 7211, 8377, 10078, 9834, 6796, 9258, 7619, 9372, 7624, 7202, 7164, 8556, 8020, 10506, 7332, 8149, 9675, 7624, 10908, 11322, 6382, 6798, 7324, 6390, 6162, 5976, 5154, 4861, 6796, 7746, 5983, 5087, 5561, 6324, 5978, 4512, 8021, 10086, 7632, 10669, 8866, 10902, 12132, 8859, 11328, 8850, 9613, 10096, 9680, 10474, 12563, 9828, 9265, 8448, 9007, 8857, 9830, 9676, 11898, 11315, 11328, 8790, 10116, 10494, 10435, 9671, 11040, 9714, 9678, 9714, 9264, 9306, 7620, 8436, 8032, 10024, 10134, 9790, 10542, 12134, 11802, 10920, 9838, 10554, 10086, 9684, 10077, 9677, 7264, 10086, 10512, 10090, 8028, 9660, 12136, 10099, 9309, 9270, 11298, 10494, 10482, 8854, 10613, 10578, 10981, 10083, 8934, 11460, 8440, 7260, 11400, 10080, 8496, 7714, 9268, 8036, 8406, 10548, 6870, 9252, 9360, 8442, 8488, 12234, 10506, 8025, 11445, 8548, 7746, 8034, 7642, 10086, 8837, 9358, 11724, 7210, 12251, 8566, 8028, 7385, 9678, 10662, 8852, 11856, 8976, 10212, 9670, 9390, 7212, 6924, 7744, 4742, 5562, 5752, 5153, 5976, 6102, 5153, 5151, 6330, 6802, 7390, 8868, 10492, 9258, 8868, 7795, 10086, 10078, 7620, 9028, 9672, 7618, 8046, 8862, 12558, 10249, 9258, 11262, 11328, 9426, 8851, 9006, 9260, 10086, 10908, 8884, 8448, 8883, 7620, 7764, 11316, 8844, 9659, 7778, 8852, 8502, 11892, 11772, 11717, 10498, 10512, 9714, 12549, 7969, 8070, 9271, 12084, 7200, 8439, 9318, 11322, 9780, 9258, 7241, 9726, 12282, 8094, 8029, 8858, 12202, 10500, 8509, 13368, 10494, 8470, 10904, 11009, 11368, 8035, 9336, 9265, 9654, 12292, 8110, 10434, 9666, 7685, 11324, 10166, 8442, 8448, 7209, 8033, 11262, 7210, 8034, 8541, 8490, 8028, 8032, 7294, 7620, 8440, 9684, 8820, 8862, 8808, 7206, 9701, 9250, 10612, 8957, 8140, 6812, 8142, 10104, 6910, 7714, 6498, 8856, 8574, 6805, 4862, 8038, 10085, 7973, 8028, 6920, 10495, 7963, 4336, 5274, 5692, 6096, 5154, 6803, 6096, 5986, 5559, 6922, 6798, 6982, 5157, 8859, 10441, 7211, 7609, 8024, 8200, 9678, 9269, 10506, 8028, 8854, 10503, 9832, 7622, 9264, 7619, 8874, 8860, 10110, 6793, 8052, 9414, 10500, 11318, 10139, 8175, 10080, 8034, 10218, 8442, 9296, 10134, 10636, 10092, 10435, 9670, 9737, 10218, 11310, 9318, 8986, 10506, 11446, 11736, 9798, 7279, 12136, 7740, 8028, 9252, 11334, 9268, 7734, 9670, 7632, 9312, 7606, 8871, 9326, 9775, 8842, 7233, 10486, 9288, 8854, 14268, 10650, 7272, 10500, 5974, 9744, 13368, 11838, 9672, 7696, 9245, 10487, 10577, 9268, 8852, 9675, 8850, 7704, 7620, 8520, 8454, 7206, 9354, 8440, 6890, 7208, 6868, 10090, 7206, 12548, 10854, 8442, 6837, 10182, 6386, 8022, 8595, 8850, 6797, 9012, 5565, 9266, 5527, 7716, 8856, 9215, 9204, 7620, 8847, 8438, 10851, 7206, 9612, 8436, 8146, 9672, 8379, 8152, 6803, 8448, 12264, 8441, 7621, 10494, 7207, 5560, 4519, 5562, 5560, 6102, 7200, 7326, 7211, 6391, 5989, 7386, 10518, 9852, 9273, 9203, 9664, 8454, 11322, 10674, 8850, 10662, 12131, 8874, 7167, 10502, 9840, 10904, 8850, 11766, 12966, 6797, 9228, 9298, 8038, 8482, 10500, 7239, 10848, 10488, 10482, 8446, 7620, 10500, 10524, 9683, 9255, 7200, 6790, 8898, 8448, 10906, 9303, 8150, 10074, 9678, 10246, 8034, 6802, 10506, 9414, 10140, 9666, 8184, 10905, 10902, 10542, 8377, 12151, 10086, 8442, 8059, 12144, 5968, 8843, 14190, 9615, 11322, 10086, 12210, 9346, 10896, 8110, 7615, 9264, 8439, 11670, 7216, 9342, 10475, 8448, 10499, 8022, 8154, 8850, 5974, 9738, 9394, 7706, 8854, 8904, 7618, 10171, 8934, 7205, 6354, 5564, 10496, 6882, 7218, 9388, 8437, 8034, 8155, 8130, 8440, 8888, 10494, 8056, 9264, 9438, 6388, 9678, 9778, 7614, 8566, 11844, 9816, 14106, 15336, 15744, 16572, 13696, 13686, 15339, 13276, 13276, 12052, 12877, 14100, 13272, 14520, 15744, 12868, 15750, 13687, 17394, 14512, 14924, 11640, 15750, 14921, 13690, 14103, 16572, 15334, 14928, 14109, 16988, 12042, 13284, 13287, 13271, 14523, 14099, 13272, 13691, 11224, 13282, 14518, 15330, 12869, 14516, 14928, 12040, 13284, 12453, 15336, 14100, 13284, 13278, 15336, 15336, 16572, 12046, 12457, 16158, 13276, 16164, 14104, 13278, 11637, 13690, 13275, 14106, 13276, 16980, 14100, 15342, 12051, 13278, 13698, 12052, 14106, 12868, 12046, 14520, 13287, 12048, 12046, 10408, 12040, 8344, 14922, 14931, 14518, 14511, 15754, 10815, 14100, 11638, 14109, 16572, 14508, 9994, 14094, 14928, 13695, 14922, 16572, 12862, 14521, 11627, 14518, 14922, 14098, 14931, 14926, 12459, 14100, 16158, 16158, 10819, 13686, 14517, 13690, 16980, 16572, 14514, 16158, 12873, 14111, 12456, 16572, 11635, 16572, 12871, 13686, 12873, 14920, 12048, 13696, 12048, 15336, 12046, 14107, 13690, 14514, 12870, 13287, 14512, 14506, 12054, 11634, 13286, 11631, 13282, 15744, 14104, 14108, 13284, 10404, 16162, 12867, 14514, 16164, 14100, 12871, 14100, 14931, 12040, 13692, 14520, 14925, 13690, 12862, 14925, 14928, 12873, 11220, 13282, 14928, 14514, 16164, 12456, 14106, 14922, 12048, 12045, 18216, 14506, 14928, 11224, 14110, 14100, 14931, 13692, 14102, 14518, 11220, 12874, 13689, 10824, 12867, 13282, 13692, 10806, 12870, 15753, 14100, 14518, 11634, 13280, 11628, 16572, 12465, 12046, 14922, 10821, 14928, 12870, 12456, 12049, 15750, 14520, 13284, 13277, 12460, 17397, 13684, 15340, 14518, 11634, 16578, 12870, 14931, 12868, 13689, 10813, 15340, 16572, 12459, 12876, 17397, 15744, 15339, 14518, 13695, 11634, 13282, 15750, 14094, 16164, 13281, 11226, 13285, 16980, 13282, 14922, 11232, 13278, 13690, 12456, 14514, 15750, 14109, 16572, 14928, 17394, 9171, 16162, 15338, 13690, 13701, 16572, 13690, 12858, 13698, 13690, 15747, 15750, 12870, 14106, 14508, 14105, 11220, 17394, 11228, 14930, 14100, 15339, 16576, 10397, 14104, 13272, 12868, 12039, 13696, 14109, 12460, 13278, 10814, 11639, 13278, 12048, 16158, 10812, 15750, 14926, 12042, 13693, 13698, 14095, 11640, 13692, 13275, 14922, 12047, 13281, 13692, 12870, 13278, 13696, 13696, 14100, 15744, 14512, 14925, 14103, 12878, 12048, 13696, 14103, 14514, 14928, 14922, 14520, 14106, 14515, 13282, 14928, 12868, 14104, 13695, 10806, 14109, 14103, 14110, 11632, 15330, 12048, 13287, 14106, 12043, 14928, 16158, 13287, 14100, 12876, 13281, 15342, 13276, 14514, 13692, 14934, 14110, 14100, 13686, 14508, 9171, 15340, 12874, 12448, 14110, 12867, 14931, 10402, 13275, 14106, 12874, 15330, 13287, 15335, 12459, 12048, 15750, 14098, 13687, 14520, 11637, 14100, 11634, 14928, 13277, 13278, 11227, 16164, 14109, 15744, 14928, 14931, 12873, 13690, 10816, 14100, 13281, 13275, 13284, 15336, 12459, 16162, 13692, 16162, 11643, 14096, 12867, 12876, 15753, 12864, 13287, 11220, 15336, 13277, 12456, 14518, 11214, 12462, 13287, 14928, 14518, 13695, 16162, 14518, 12462, 15336, 16572, 14103, 12051, 13692, 15750, 13692, 14925, 11223, 14928, 12052, 14931, 13287, 13690, 14109, 12043, 14109, 16164, 12864, 14100, 15340, 13689, 14112, 12869, 12861, 12864, 14931, 13281, 11218, 10399, 14916, 14106, 12864, 14514, 11218, 14928, 14928, 9993, 13688, 16572, 12856, 11220, 12874, 15343, 12459, 15334, 14094, 13691, 12864, 14520, 11637, 13690, 14928, 12876, 13680, 12456, 10810, 14100, 12036, 14512, 11230, 9583, 15328, 12041, 15336, 13692, 13696, 12045, 13690, 14100, 14928, 13689, 14922, 11634, 12861, 16572, 14109, 14926, 12862, 16162, 16162, 13696, 14928, 13698, 16152, 12458, 16572, 14928, 12463, 14520, 12048, 14922, 14512, 15750, 13281, 12462, 14916, 14928, 14512, 14926, 13288, 10815, 16164, 15342, 12052, 14100, 12042, 14100, 14922, 14102, 12459, 14104, 14517, 12864, 12866, 14508, 12874, 14922, 14517, 13698, 13695, 15342, 9585, 13692, 13696, 15336, 14109, 14514, 13285, 15342, 14112, 14514, 13278, 14520, 11214, 12865, 14514, 14512, 13272, 15753, 14104, 11223, 13284, 14518, 16162, 14517, 12456, 11214, 10402, 13696, 11220, 14922, 12048, 12874, 16572, 15748, 13692, 15334, 14109, 13278, 14100, 12457, 15342, 15345, 14520, 15750, 13690, 16164, 12462, 13692, 12862, 13278, 13287, 14928, 12460, 15750, 16164, 14514, 14518, 11220, 14922, 14106, 13683, 14932, 11223, 12870, 13282, 15744, 13287, 16989, 10815, 14106, 14922, 12459, 15738, 12454, 12858, 13284, 14931, 12042, 12874, 13288, 12862, 14931, 13278, 13685, 14922, 15756, 10392, 12046, 13689, 16566, 12868, 16572, 12877, 15337, 15750, 14514, 12454, 14925, 14106, 14106, 14518, 12862, 13287, 14514, 14110, 14100, 12456, 10815, 13692, 12864, 15342, 11229, 14512, 13696, 14518, 16161, 15338, 12867, 13696, 14106, 14094, 12054, 16575, 14514, 14929, 14106, 16152, 12456, 14922, 11220, 14928, 16572, 13690, 14520, 14109, 12054, 15339, 11635, 15334, 13691, 14514, 16152, 13278, 17808, 14104, 15342, 16572, 15744, 13695, 13290, 13686, 13692, 14109, 11635, 16566, 14926, 15750, 15750, 14109, 13284, 14932, 11220, 16560, 14520, 14925, 15753, 12874, 14508, 15342, 15748, 12048, 14518, 10810, 14100, 12462, 14512, 14098, 15750, 14107, 11628, 15750, 14928, 14109, 16158, 16165, 13278, 14512, 14922, 11224, 13282, 14514, 14920, 12048, 12867, 13692, 14100, 14934, 14106, 12043, 13695, 11226, 15336, 11628, 13698, 15336, 14100, 13692, 12045, 14922, 14926, 13275, 16162, 14098, 14928, 14928, 11634, 13695, 14508, 16164, 11223, 15750, 13699, 15330, 12462, 12868, 10819, 14100, 11640, 12465, 12454, 14514, 15744, 14104, 12048, 12863, 15343, 13284, 13272, 13282, 14514, 12043, 13692, 14922, 11223, 13692, 16572, 13282, 12868, 13692, 14106, 13281, 13692, 14928, 14517, 14928, 14925, 12052, 15342, 16575, 12462, 14925, 12046, 14520, 14104, 14100, 14100, 11640, 14109, 15750, 15336, 14928, 12051, 12867, 13272, 14100, 15753, 15748, 12453, 13282, 14094, 15748, 10812, 16572, 12051, 11217, 13699, 13692, 11631, 14514, 11637, 12870, 14101, 13692, 12460, 14106, 14932, 14922, 14922, 13284, 14100, 14508, 11229, 14518, 15744, 16167, 12454, 13276, 12459, 15342, 9997, 12864, 16984, 11634, 14518, 13282, 13284, 15742, 14100, 13282, 12459, 15339, 11225, 13287, 14520, 14092, 14104, 13693, 12869, 15744, 12868, 14931, 15750, 13694, 12877, 13695, 13686, 14099, 13686, 13278, 13278, 9982, 14106, 12046, 12043, 13692, 14925, 10397, 15750, 12863, 13278, 14109, 14926, 16570, 11634, 14511, 16156, 9582, 14104, 14925, 13287, 13282, 16983, 12874, 14100, 13285, 14094, 16164, 12046, 15336, 14508, 14920, 11223, 12459, 13282, 13287, 12459, 16156, 12462, 12450, 13287, 15336, 10406, 14100, 14514, 12053, 16572, 15336, 13695, 13284, 12045, 13284, 14507, 10404, 14094, 15750, 13278, 13284, 11628, 15340, 14103, 16162, 12453, 15336, 10404, 15750, 12040, 14110, 14916, 14110, 11223, 12454, 12862, 15336, 14514, 11637, 13696, 12456, 14928, 16980, 14508, 13698, 13278, 14100, 14926, 14100, 14508, 13290, 14931, 12454, 14106, 14103, 14100, 14106, 14925, 14508, 12052, 11628, 13290, 13689, 14098, 11628, 15753, 15340, 14094, 14516, 10816, 16986, 14512, 11224, 13692, 14109, 12870, 14922, 13695, 13696, 15336, 13282, 12465, 15747, 13686, 15340, 13699, 12870, 15750, 11637, 13690, 12456, 14512, 12055, 11634, 16158, 12868, 14100, 16986, 10812, 15333, 15336, 16566, 8748, 11640, 13692, 14104, 16572, 13281, 12045, 14104, 10398, 15342, 14098, 11642, 13284, 15340, 12045, 14514, 13276, 14103, 14514, 14922, 14507, 14508, 14926, 12055, 13282, 11638, 14922, 14920, 14104, 12456, 9990, 14098, 13690, 15340, 12046, 14521, 13695, 12454, 14110, 13278, 16566, 13685, 17394, 14517, 15336, 12460, 14106, 12459, 14109, 16162, 12450, 14106, 14106, 15336, 13272, 13282, 13278, 15336, 13287, 12048, 12459, 16572, 12454, 12462, 14515, 13284, 12867, 14514, 14520, 12864, 14931, 14104, 14928, 12453, 13287, 15750, 15336, 11230, 14109, 11637, 10817, 16158, 16164, 14100, 12051, 13698, 14518, 14928, 12039, 12876, 14103, 14512, 14514, 12874, 15750, 13695, 11230, 12046, 13692, 14104, 15750, 13690, 15335, 12876, 11227, 15748, 14523, 14514, 14931, 14514, 10810, 13284, 12454, 15750, 13699, 14508, 14106, 14521, 14100, 11638, 15330, 14104, 12450, 12465, 11217, 13284, 14922, 11211, 13278, 10815, 14100, 14103, 13286, 14511, 14103, 13278, 11632, 16158, 12462, 9988, 16164, 13281, 15334, 15750, 15750, 14920, 15330, 13696, 12459, 12876, 13281, 12870, 11223, 14928, 13280, 12864, 13690, 14928, 14518, 13275, 14926, 15753, 15750, 9579, 16572, 15340, 12459, 14514, 12456, 13695, 13686, 13696, 13276, 14525, 16984, 13278, 13278, 12459, 14514, 13686, 11226, 13701, 13690, 12868, 11637, 14508, 14928, 14512, 14518, 13284, 14928, 13690, 14931, 14928, 10816, 13287, 11637, 13690, 13281, 9172, 15750, 14512, 11634, 13281, 14514, 12453, 14512, 12876, 14928, 13692, 13689, 16572, 12460, 12876, 14514, 14514, 14100, 15340, 14926, 15750, 13284, 11220, 16158, 14517, 13276, 14514, 14106, 14512, 15340, 13278, 15334, 12866, 14511, 13282, 14094, 14920, 14925, 15340, 16164, 16566, 12456, 11637, 12456, 11634, 10397, 14922, 12463, 14512, 12863, 12873, 14505, 15336, 14100, 14928, 14508, 14109, 12458, 15334, 15750, 14518, 15330, 12458, 17394, 11226, 15342, 14928, 12873, 11640, 16986, 12874, 13281, 14516, 12447, 16572, 14109, 14514, 15748, 12459, 9993, 14518, 16164, 12867, 14925, 13692, 9980, 16158, 14928, 14104, 11220, 12867, 14518, 14920, 15750, 12459, 14101, 10822, 17397, 14514, 11217, 12460, 12052, 14109, 15750, 14922, 14109, 12866, 15750, 10396, 14109, 13284, 16164, 14100, 13284, 14922, 11634, 15750, 12871, 14109, 11640, 12045, 12040, 15342, 13692, 11232, 15331, 12045, 14922, 13690, 14916, 12045, 12051, 13693, 16161, 12465, 15334, 12454, 14106, 13287, 14506, 11634, 14928, 13281, 14922, 12459, 15344, 12450, 14106, 14100, 14103, 16156, 14508, 14922, 14508, 10815, 10816, 12876, 12054, 16152, 12465, 15339, 12862, 13699, 14100, 13284, 14518, 14106, 12046, 17394, 13701, 14514, 13270, 16575, 8350, 15750, 11638, 14094, 14103, 15750, 14110, 12867, 12864, 16986, 15336, 16158, 12460, 14109, 13692, 15750, 11632, 13278, 16158, 12057, 12876, 15744, 12042, 13285, 13696, 13695, 12868, 12456, 12042, 12870, 15336, 14100, 14922, 14109, 14514, 14517, 12870, 14097, 14512, 14100, 14092, 11634, 13270, 13686, 12873, 11226, 13693, 13275, 16162, 12463, 12876, 14515, 9994, 16161, 14922, 12456, 14103, 11214, 10408, 16162, 14519, 14514, 13689, 14514, 13282, 13278, 16156, 13281, 12858, 13284, 16566, 12874, 12870, 10806, 15744, 12876, 14106, 12867, 12463, 14508, 16980, 12870, 13287, 14110, 15753, 12873, 15342, 11634, 14512, 15339, 12876, 13690, 12867, 12042, 14931, 12046, 14520, 15340, 15750, 10812, 15750, 15336, 15336, 12047, 14928, 14100, 12876, 11227, 12456, 14518, 14508, 15750, 14514, 14514, 16575, 12874, 14109, 12042, 14520, 10818, 13287, 10818, 13287, 14106, 11632, 14109, 13690, 11628, 12040, 13690, 13698, 14100, 14506, 16156, 13290, 12052, 13278, 14104, 10812, 13288, 15750, 10813, 16161, 16164, 10396, 17394, 11634, 14928, 12036, 15747, 14520, 15330, 13692, 14514, 14922, 15330, 12863, 15340, 12455, 14506, 12870, 12867, 16984, 12863, 14100, 13692, 13282, 14520, 11232, 14518, 13690, 14100, 9579, 14931, 11638, 14104, 12448, 12873, 13686, 14926, 15334, 14103, 13692, 15753, 13272, 13692, 11227, 14518, 13278, 12873, 15750, 14100, 10408, 14100, 12454, 13284, 12870, 11230, 15340, 14514, 14106, 13284, 15342, 14106, 16986, 13686, 10815, 13272, 11232, 12874, 15342, 14106, 15330, 14109, 14931, 13693, 12870, 12453, 10819, 13689, 14922, 13695, 12877, 15750, 12453, 12877, 12454, 12459, 14502, 13282, 14920, 12870, 15753, 12870, 15753, 12864, 16162, 11229, 14098, 12045, 11226, 13684, 14520, 16572, 13696, 12050, 11640, 15747, 11628, 14109, 14916, 16158, 10818, 13287, 14520, 15738, 12876, 12862, 14100, 10807, 13692, 10404, 14931, 13288, 12042, 12044, 13686, 13692, 12042, 12459, 14508, 12046, 12456, 14109, 13680, 12054, 13282, 14106, 14100, 12459, 13698, 13275, 12864, 16986, 13686, 15343, 14922, 10399, 14517, 12870, 11634, 15746, 14508, 14108, 14508, 12456, 14517, 15750, 13279, 13282, 12862, 15330, 13278, 10396, 14922, 11224, 12462, 13278, 12867, 15339, 12874, 14106, 13696, 12450, 9582, 14110, 14926, 13273, 14508, 11633, 14514, 9156, 16164, 13690, 12876, 14104, 15750, 12871, 13278, 13277, 15336, 14512, 11226, 13686, 11637, 15330, 14931, 14929, 13689, 12466, 15748, 12448, 13278, 11637, 14106, 11230, 14925, 12460, 13288, 13272, 13284, 11636, 14094, 10815, 12870, 13699, 10806, 16572, 14514, 14512, 15750, 12871, 16572, 10815, 15340, 13698, 14103, 14928, 13691, 12871, 12870, 13686, 14514, 14930, 14922, 9994, 16560, 10402, 14521, 13692, 14100, 15340, 11218, 13278, 16574, 12870, 12456, 16570, 15342, 13683, 13287, 12867, 13278, 16572, 14514, 14928, 15744, 9988, 13287, 14514, 14928, 14922, 14109, 14508, 15336, 15750, 13699, 12462, 15750, 13276, 15750, 13696, 13692, 14926, 14928, 12864, 13278, 12459, 12874, 15750, 14515, 12876, 12868, 17394, 9580, 13284, 14104, 12045, 13698, 14101, 14109, 12460, 14101, 11633, 14106, 12873, 13281, 12876, 13689, 13284, 12462, 10812, 15750, 14922, 11220, 13695, 12456, 16983, 12042, 12873, 15750, 12052, 13699, 14100, 13278, 14928, 15748, 13680, 12868, 13688, 10804, 14514, 12036, 14917, 12871, 14928, 16572, 15744, 12873, 10404, 15340, 12456, 15339, 12456, 14931, 12873, 14928, 11628, 14508, 14514, 12460, 11226, 13692, 9993, 12864, 12459, 14100, 15744, 12048, 16572, 13284, 13692, 10398, 13690, 14508, 12462, 14518, 12450, 12454, 13696, 12450, 13698, 12873, 13276, 13692, 14508, 14106, 14108, 15336, 14517, 12039, 15334, 13287, 13692, 14922, 15340, 14928, 14514, 13278, 12868, 11634, 13276, 14931, 16158, 13278, 14109, 13690, 15330, 14513, 12867, 12466, 14508, 14514, 15342, 13686, 12460, 14925, 13692, 13694, 12455, 12046, 15750, 14514, 16572, 10395, 15744, 15750, 12465, 15744, 13691, 15340, 10812, 16575, 13692, 13281, 14518, 13284, 14511, 16158, 15750, 14508, 13695, 14502, 10811, 12864, 16566, 12460, 12040, 14520, 15744, 12046, 14100, 14928, 14922, 12462, 14518, 14514, 13692, 13286, 15750, 15750, 12454, 11643, 14922, 10818, 14107, 14100, 14928, 14922, 12872, 15744, 12049, 14920, 10816, 14106, 12462, 13698, 14103, 12042, 14100, 13686, 13703, 10402, 14520, 15330, 14100, 14514, 14100, 14103, 16156, 11230, 13690, 13282, 14514, 12864, 14513, 12048, 15330, 12456, 12048, 13686, 11220, 13690, 12460, 13701, 16986, 14928, 14109, 12456, 14931, 14926, 12456, 13686, 13278, 13692, 14928, 13686, 12460, 16162, 14508, 10824, 16158, 14517, 12456, 16572, 16162, 14511, 14110, 13282, 13692, 11628, 11223, 13686, 13698, 13282, 14514, 15744, 14508, 14517, 15744, 15334, 12040, 14931, 12047, 12042, 14506, 11640, 14100, 14928, 12456, 14106, 12876, 12457, 12868, 12051, 14928, 14098, 14094, 12045, 15340, 14109, 14931, 13275, 15744, 9988, 14109, 12047, 15336, 13281, 13692, 14936, 12876, 13695, 12052, 11229, 12462, 13274, 14106, 13692, 14100, 11224, 12465, 14928, 14925, 13270, 12456, 13698, 14094, 11218, 13686, 14106, 12456, 14106, 13282, 13686, 14103, 10403, 15750, 12454, 12454, 14097, 12459, 16572, 13274, 13281, 12870, 15334, 14928, 14922, 12462, 13686, 14109, 14104, 14922, 11626, 14920, 14508, 11640, 13272, 14520, 14104, 15744, 14103, 12871, 14106, 14925, 14098, 10812, 13686, 14100, 15750, 13683, 14521, 14518, 15750, 13692, 12462, 12862, 13687, 14103, 12456, 13686, 15342, 13278, 15342, 14934, 12042, 17394, 13684, 15336, 14514, 15338, 12876, 10821, 15750, 14515, 14520, 14520, 14926, 14094, 11631, 14928, 15748, 14514, 15750, 12873, 12868, 14508, 12454, 13285, 13278, 11218, 13698, 14094, 14518, 11640, 14928, 11628, 12045, 15336, 12456, 10402, 15744, 14928, 11232, 14508, 12045, 14512, 12865, 11637, 15744, 15750, 14106, 14106, 13680, 12456, 13276, 13287, 9568, 13696, 12879, 11220, 14925, 14109, 15756, 10395, 16164, 12052, 13678, 13690, 12052, 14520, 10405, 13284, 17806, 14110, 12045, 15752, 13285, 16572, 13276, 13278, 12458, 12866, 14928, 14922, 12864, 14511, 13287, 13284, 14922, 10401, 14100, 12876, 12050, 10809, 14104, 14517, 15750, 13690, 11640, 15340, 14922, 12864, 13281, 9170, 15336, 13272, 16158, 13284, 12864, 12046, 13282, 14104, 13278, 14511, 15334, 11643, 13692, 15750, 14106, 12048, 14931, 16566, 16572, 13698, 14511, 13693, 14922, 14101, 13276, 14928, 16984, 13690, 15744, 13287, 14514, 15340, 14512, 14109, 14100, 14922, 14518, 16569, 13689, 12870, 14512, 14922, 8344, 12462, 11638, 15334, 13272, 12877, 15750, 15750, 15342, 15342, 13692, 14928, 16158, 12868, 14094, 10401, 13692, 13284, 16158, 11230, 14523, 9580, 14922, 13698, 12450, 13698, 12459, 15342, 14514, 12045, 12049, 14923, 14518, 13278, 15750, 11222, 12465, 14100, 14512, 15336, 16158, 12042, 12874, 16986, 12454, 13695, 12870, 14514, 11222, 11634, 7939, 14094, 15339, 15336, 12459, 13278, 14520, 15750, 11220, 15342, 13686, 13270, 14502, 13278, 12465, 14103, 12462, 15750, 12460, 14928, 14106, 12453, 13698, 10809, 15336, 13689, 14100, 12870, 11637, 14112, 12455, 14514, 14929, 12042, 12049, 13287, 14103, 12870, 14109, 14100, 13696, 14103, 16158, 16572, 10806, 14925, 14518, 14928, 16980, 14100, 12456, 12052, 12874, 13278, 13282, 11626, 12456, 12053, 13284, 12458, 12873, 12863, 12870, 10818, 15340, 12864, 14931, 13698, 12460, 14511, 12046, 15336, 14104, 14109, 14928, 15342, 11224, 13695, 12868, 13282, 11634, 14100, 14097, 15342, 15744, 12879, 16162, 15330, 13696, 13686, 15339, 14518, 14932, 15744, 14520, 15336, 13696, 11223, 14922, 14512, 12465, 12871, 15750, 11228, 13276, 12868, 12459, 15748, 14106, 14106, 12045, 15754, 12051, 13285, 12453, 13272, 15750, 14100, 12463, 16575, 14100, 11637, 15750, 13692, 14100, 12041, 13284, 17388, 14928, 15750, 10812, 15336, 16576, 12048, 13278, 13282, 12457, 12456, 15342, 15336, 12050, 13284, 14514, 16980, 12868, 15340, 15336, 11224, 12858, 12874, 14928, 13692, 14094, 14514, 16572, 14511, 12048, 14518, 14104, 11628, 12867, 12042, 13272, 12862, 15340, 12462, 14925, 11217, 14928, 13696, 14518, 10812, 15750, 9573, 14928, 11640, 14521, 12465, 14100, 13278, 12864, 13276, 16980, 12462, 14514, 12049, 13698, 13278, 11229, 16572, 14922, 12457, 17394, 14520, 16986, 13270, 13278, 13689, 15336, 11226, 14511, 16986, 12040, 13284, 13281, 10402, 12462, 14100, 14514, 12456, 14514, 13692, 13696, 14100, 13684, 13696, 14922, 12868, 14916, 13284, 15744, 12868, 11224, 14926, 13278, 12459, 11223, 14514, 12054, 16984, 13292, 12865, 13698, 13281, 13287, 14104, 13282, 13699, 11634, 15330, 17394, 12052, 14517, 16156, 10822, 15336, 13692, 13686, 14508, 12462, 13278, 14109, 13281, 12864, 14110, 14508, 14100, 9983, 14928, 13688, 12048, 13694, 12456, 12460, 15750, 12041, 16572, 13692, 14514, 14520, 10809, 11640, 11628, 15748, 12057, 14110, 12460, 10821, 15340, 11233, 12876, 12456, 12864, 9577, 14103, 12862, 17394, 12460, 14929, 13284, 13281, 12460, 14922, 12462, 12459, 12876, 15750, 12460, 13284, 13278, 14514, 11232, 10813, 15744, 14514, 12452, 13697, 12462, 14104, 12052, 13680, 16164, 11634, 8347, 15750, 16986, 13284, 14922, 14931, 12870, 12465, 12856, 14931, 14100, 12870, 14518, 12455, 13284, 14109, 14098, 14925, 10810, 14520, 14931, 14521, 12462, 16162, 13278, 14109, 17388, 16158, 12870, 13282, 13678, 12460, 11228, 10405, 12464, 14932, 12870, 14103, 11640, 16980, 15334, 15744, 13698, 12455, 12465, 12051, 12462, 12055, 15750, 14107, 11217, 14112, 16572, 14916, 12452, 13282, 12858, 15340, 9564, 16572, 13684, 13685, 14931, 14514, 11221, 13284, 15336, 14512, 14928, 12874, 13278, 15336, 12867, 12456, 15744, 13690, 12456, 16156, 14520, 12862, 14520, 14100, 13692, 16162, 12465, 13692, 12042, 15340, 15342, 12874, 12046, 12459, 13280, 14515, 14109, 12873, 13692, 12048, 12456, 14109, 11226, 14922, 14512, 15336, 16162, 12874, 13692, 14107, 15342, 13684, 16572, 14100, 12864, 10818, 11229, 12870, 14931, 14931, 14106, 14520, 7525, 15750, 15340, 14517, 14928, 14514, 9162, 12048, 17394, 12049, 15750, 12456, 14100, 13287, 10810, 15750, 14106, 12876, 13695, 12458, 14508, 15339, 12460, 14928, 13690, 11637, 14922, 14928, 15753, 12868, 14103, 13287, 15748, 12858, 12052, 13692, 9170, 15336, 12453, 16575, 13686, 14109, 14092, 14109, 12864, 12874, 14508, 14928, 13284, 13285, 13282, 12465, 16164, 13695, 14100, 15750, 13283, 12867, 12456, 14926, 13692, 11218, 12045, 14513, 14930, 9994, 14928, 14928, 13690, 15748, 14106, 10816, 14100, 13693, 14100, 14926, 13681, 14919, 13690, 10807, 12870, 13680, 12874, 12462, 14512, 12874, 15340, 12456, 9992, 13690, 12465, 12048, 13287, 14512, 16572, 12459, 15342, 10398, 14109, 13692, 16572, 13686, 12870, 14107, 13686, 13287, 11218, 12454, 15744, 11633, 15750, 14922, 11643, 11220, 14103, 13686, 13689, 13284, 12864, 13695, 14100, 15744, 13690, 16566, 13696, 13688, 10812, 13701, 14098, 12046, 12874, 13698, 14517, 12055, 11626, 14920, 14514, 11637, 12457, 14934, 13689, 14506, 10407, 15744, 10404, 13279, 14518, 15340, 11640, 15750, 11230, 14508, 15336, 14521, 12455, 11641, 12870, 14106, 14520, 12456, 13272, 17394, 11224, 15753, 12870, 12862, 17394, 14094, 14104, 13282, 13686, 9993, 12042, 14521, 12052, 12043, 14110, 16570, 14925, 9988, 12046, 10815, 15750, 13287, 12046, 13288, 14100, 9165, 15744, 13692, 13680, 12862, 13272, 14109, 15340, 12460, 14513, 13284, 13684, 13689, 15334, 14106, 16572, 15342, 14925, 13686, 13279, 17394, 14928, 14512, 14928, 14514, 12876, 12873, 13696, 13693, 15336, 10819, 15330, 11639, 12037, 13272, 16164, 10399, 12873, 13690, 15330, 12864, 14114, 14508, 11634, 13692, 14922, 14514, 10815, 13698, 14934, 11634, 14926, 14514, 14928, 14922, 13278, 12450, 13694, 12042, 12876, 12036, 12052, 13680, 12460, 12876, 12046, 13690, 13278, 14520, 14931, 12047, 12040, 15753, 14931, 14100, 13288, 12450, 14920, 16164, 13288, 10815, 15334, 14100, 14928, 13278, 12048, 16158, 13686, 15336, 12046, 13690, 13685, 14931, 14100, 13284, 14514, 12869, 10405, 13284, 13272, 13284, 14094, 11223, 15750, 10392, 16164, 13288, 12454, 13287, 12048, 14928, 12864, 13284, 12459, 14100, 15342, 13284, 15324, 11632, 12867, 15340, 10816, 12054, 14520, 12873, 15336, 12454, 12460, 14916, 12870, 14925, 13686, 14103, 12877, 14922, 13690, 14102, 14931, 14106, 14103, 12868, 10815, 16162, 13686, 15334, 13284, 12874, 13276, 13282, 13272, 12046, 13282, 14926, 13690, 14925, 15336, 14928, 13696, 15336, 13276, 13282, 15340, 12870, 13698, 13678, 10813, 17394, 10818, 12455, 15335, 13698, 14916, 14106, 14520, 14508, 14928, 14104, 13279, 12870, 13278, 14100, 14094, 16980, 14518, 12456, 15336, 12870, 14521, 14922, 12456, 12048, 14926, 11214, 15750, 8758, 15336, 13695, 14106, 13278, 12048, 15342, 14109, 11232, 11223, 16575, 12864, 14103, 13701, 13278, 15748, 15330, 14922, 14106, 16570, 14925, 13276, 14520, 14106, 15330, 14506, 14518, 13272, 14928, 12858, 13690, 16572, 14101, 13692, 14514, 12864, 12864, 14932, 14931, 12457, 12456, 14928, 14110, 11632, 14514, 13285, 10815, 16156, 12458, 15336, 13284, 14512, 13287, 14100, 12459, 11630, 13694, 12454, 12870, 14928, 15342, 13278, 11640, 13698, 14100, 14098, 12864, 15342, 14508, 14103, 12874, 14926, 16575, 14922, 14511, 12865, 11640, 13688, 15750, 13284, 14502, 15750, 14100, 10398, 12454, 16566, 12459, 13692, 13284, 16572, 10807, 12465, 13272, 11631, 13698, 12864, 17397, 12870, 15744, 13693, 13695, 14922, 12867, 12450, 14103, 12454, 15343, 13287, 12865, 12052, 13696, 14094, 13278, 13692, 14518, 12864, 11634, 11227, 13282, 12459, 13686, 16572, 13284, 12048, 13276, 12867, 14514, 12864, 14109, 14520, 15744, 12043, 15342, 13689, 14520, 10814, 15336, 12451, 16162, 14520, 14517, 13698, 15750, 14508, 14511, 12864, 14104, 14514, 13272, 10393, 13284, 12871, 12465, 16158, 11223, 12874, 13276, 14100, 11637, 12054, 16158, 11632, 14922, 12454, 13282, 14925, 15339, 13282, 14514, 13278, 14110, 14109, 13278, 14106, 12460, 16165, 12456, 13693, 15336, 12870, 15333, 15744, 13276, 13692, 12872, 15336, 12870, 13689, 16158, 12879, 15340, 12870, 14098, 12459, 13282, 12456, 12871, 13284, 13692, 16158, 11643, 14512, 13288, 13680, 14106, 12874, 16572, 14104, 14508, 12054, 13687, 13692, 13686, 12868, 14104, 10818, 13290, 16162, 12453, 12456, 15342, 12868, 15336, 13284, 12046, 14929, 13692, 14518, 11634, 15744, 16986, 13692, 12867, 12051, 16164, 16158, 13696, 13284, 10812, 15753, 14520, 13689, 14100, 11640, 12876, 14922, 15753, 14520, 16164, 16152, 15744, 12455, 12454, 14922, 10811, 15340, 11628, 14514, 12046, 13278, 15336, 12047, 14523, 13686, 13288, 14518, 14520, 9991, 14932, 12864, 17394, 14100, 11643, 14513, 12046, 13683, 15342, 13278, 14100, 12459, 15336, 13697, 14925, 12865, 15342, 17394, 9993, 14100, 16572, 13279, 10408, 16158, 14922, 13282, 11229, 13680, 13699, 14932, 13692, 12864, 13281, 14092, 14514, 15747, 10402, 14104, 13686, 14508, 14925, 12048, 13278, 16158, 15750, 15742, 10401, 14512, 14514, 16570, 13698, 14926, 14109, 11220, 16566, 15750, 15342, 13680, 14928, 14508, 12864, 13694, 13285, 13282, 13686, 12462, 13696, 12874, 11631, 14928, 15756, 16974, 13698, 12454, 15750, 14104, 13281, 14928, 12055, 14922, 14520, 14514, 13281, 14106, 15744, 17394, 11229, 13270, 14515, 13281, 13690, 11632, 16572, 14922, 14511, 14928, 14094, 12456, 11638, 17394, 13276, 14514, 14512, 13692, 14106, 11634, 14928, 15336, 13698, 15750, 14520, 16984, 14109, 12873, 12869, 14925, 14103, 12045, 13282, 15753, 13680, 12048, 13282, 13692, 13701, 11230, 13698, 14100, 13284, 14510, 12453, 14514, 13287, 12456, 12456, 13275, 12867, 15342, 12868, 11622, 12874, 11631, 13698, 13689, 13272, 15750, 14520, 13272, 12045, 10404, 13690, 12870, 13684, 14106, 16162, 13686, 13278, 15753, 12869, 14512, 12465, 14106, 12868, 12043, 11643, 12873, 14506, 12048, 14928, 12876, 13692, 14520, 13693, 15336, 14514, 14514, 12039, 13693, 14104, 12868, 12049, 13278, 12463, 15336, 14508, 15336, 13686, 14517, 15750, 11220, 17808, 12459, 16165, 14103, 14100, 12046, 12456, 12462, 12053, 14513, 9991, 14520, 13692, 12459, 15347, 14100, 11633, 14512, 10816, 15750, 13284, 12865, 11640, 17394, 14100, 14928, 16164, 15744, 12460, 14103, 14920, 12052, 14931, 12048, 14104, 14508, 12462, 14505, 15750, 16572, 13275, 14514, 13285, 14928, 15336, 14100, 15334, 14514, 14518, 14925, 14929, 12459, 12873, 13281, 11224, 12039, 12876, 14520, 12874, 15339, 14928, 16162, 9988, 14112, 15340, 11220, 13689, 14520, 13284, 15750, 16162, 11638, 13278, 14520, 10809, 12450, 13287, 12870, 12874, 13277, 11636, 10810, 15324, 13289, 16566, 10408, 16155, 13690, 13690, 12465, 13699, 11221, 14112, 12459, 14508, 15336, 10809, 11226, 14511, 14922, 14517, 16570, 13284, 15336, 15336, 12464, 11224, 16164, 14100, 15750, 14109, 13276, 14514, 13698, 14100, 16158, 11217, 14925, 14508, 12864, 13696, 12462, 14100, 13276, 13698, 11632, 15342, 10407, 12456, 9582, 13692, 13287, 13687, 15744, 11637, 14099, 14106, 14514, 14928, 15340, 14098, 15744, 13287, 15336, 16164, 14518, 14922, 15342, 14512, 12054, 10396, 12462, 12051, 14100, 12460, 12459, 14922, 13699, 12456, 14928, 12462, 13278, 13693, 15744, 12045, 11641, 14100, 14100, 12876, 14106, 13278, 16575, 14100, 14103, 16162, 16572, 10815, 14922, 12876, 16566, 14100, 14928, 14925, 14103, 14928, 14928, 13692, 11640, 14109, 16162, 14104, 14103, 12450, 15744, 17388, 11643, 14517, 16164, 12050, 16162, 13272, 13690, 14511, 13690, 13691, 12868, 12862, 13689, 13284, 13686, 14109, 12052, 13281, 14928, 13684, 16164, 13278, 12048, 14098, 13287, 14922, 14108, 13686, 15750, 11217, 12043, 13696, 12462, 12874, 12460, 14100, 14928, 14916, 11642, 12864, 14092, 15754, 15340, 14100, 13683, 12456, 14106, 9157, 15750, 12870, 12045, 14508, 14518, 11640, 14928, 14512, 14925, 12052, 15744, 14106, 12045, 14517, 12862, 15342, 10398, 10822, 14931, 15330, 14926, 15748, 12869, 12039, 13696, 15738, 12454, 15336, 14104, 13698, 15336, 11223, 11634, 14925, 12870, 13278, 13287, 16572, 11629, 12870, 11632, 15754, 15744, 13694, 13281, 12873, 14925, 13701, 12876, 12046, 16570, 13689, 13692, 15750, 14520, 14109, 11632, 14925, 13278, 11224, 13693, 13698, 12462, 13686, 11637, 14922, 13286, 13278, 14923, 12468, 14514, 12048, 13284, 16158, 13684, 11643, 12867, 14928, 12462, 14931, 12867, 15744, 10815, 11628, 11230, 14508, 15744, 12459, 14928, 15748, 14514, 13696, 14932, 12454, 13278, 13701, 13278, 14517, 12451, 11640, 14109, 14097, 12043, 14508, 12046, 14925, 12048, 12456, 12460, 13698, 14106, 16152, 14521, 12876, 12041, 14928, 12045, 16578, 12454, 12453, 16158, 15336, 14100, 12868, 13288, 13688, 15336, 13282, 14104, 12874, 10814, 13278, 9574, 13696, 14517, 14514, 14106, 12870, 10813, 13287, 12858, 14106, 12454, 16158, 12465, 13278, 13281, 14512, 11631, 13684, 12048, 14925, 12044, 12864, 12465, 14928, 12870, 14520, 14100, 14512, 12462, 14930, 12042, 12046, 13278, 13284, 14094, 14517, 14934, 15748, 14106, 12460, 11643, 14922, 16572, 14928, 12459, 12864, 14094, 15753, 12054, 14108, 12870, 14103, 12454, 12049, 11220, 13278, 13282, 12453, 14106, 10810, 12052, 13690, 14517, 16572, 16152, 12462, 15340, 15750, 12460, 13680, 14106, 14932, 13281, 13692, 12465, 14103, 13692, 14100, 14100, 12876, 15753, 12858, 13278, 15340, 12454, 12868, 13698, 13276, 14520, 13270, 12456, 15750, 17388, 13692, 14928, 13689, 15750, 13281, 15336, 13686, 13282, 14515, 13692, 14106, 12871, 15340, 12462, 14518, 14928, 14928, 13272, 14922, 10809, 16974, 9993, 14926, 11632, 12874, 16572, 13281, 10398, 10815, 13696, 11226, 15750, 12039, 15342, 14098, 12460, 11628, 12870, 14106, 12453, 15336, 13282, 13276, 14100, 11637, 17802, 12041, 11229, 16980, 13278, 11634, 12045, 12456, 12465, 14094, 13286, 13287, 15744, 11638, 13695, 12052, 13284, 12459, 12456, 11640, 13287, 16572, 10398, 14101, 14926, 12872, 12048, 14100, 13686, 17806, 9993, 12459, 16980, 14109, 14100, 14104, 9996, 13692, 14514, 15336, 14928, 16152, 12051, 14514, 12045, 14106, 13695, 15756, 12448, 15750, 14920, 13692, 10396, 15750, 14515, 13284, 14100, 12869, 10812, 15340, 12462, 13686, 14926, 13698, 15748, 13278, 12042, 15752, 12036, 14514, 11221, 15336, 15343, 14512, 14922, 14100, 11643, 18216, 14514, 12864, 12459, 14926, 15754, 11631, 13276, 15330, 12462, 12045, 15744, 14515, 14514, 12459, 12460, 11631, 16158, 13284, 14106, 13690, 10821, 11634, 13278, 12868, 14931, 12046, 13692, 12868, 14100, 13287, 12462, 12459, 16984, 12870, 14515, 12054, 13287, 15324, 12871, 13680, 14105, 12048, 14916, 16162, 15342, 12462, 13277, 16572, 13276, 14103, 13692, 11227, 14928, 12864, 12867, 15750, 12864, 11226, 14100, 13690, 13692, 10812, 16980, 12462, 14103, 13278, 12875, 15336, 11220, 11232, 14926, 13284, 12450, 10407, 14928, 13693, 12876, 12052, 16158, 13278, 12862, 12876, 15339, 15750, 13270, 15744, 14106, 13282, 10401, 14516, 11224, 12465, 15744, 14926, 14922, 13692, 10815, 10401, 15738, 14928, 14922, 13281, 10812, 12463, 12456, 14508, 14928, 15336, 10815, 13284, 14103, 13282, 10815, 14928, 16572, 11640, 15342, 12465, 14109, 14109, 11644, 14106, 14106, 10817, 16164, 12864, 13278, 14514, 14922, 15339, 14106, 13696, 9992, 16152, 11226, 12054, 14098, 11634, 16572, 11218, 13278, 15342, 15747, 11628, 13287, 12870, 15753, 13278, 12456, 14520, 13690, 13278, 16158, 13278, 11634, 15336, 14926, 13698, 15334, 13696, 12868, 10408, 12462, 14520, 13287, 11634, 15340, 12046, 13698, 12465, 12878, 13278, 12052, 13695, 14926, 9580, 14512, 13287, 14100, 13278, 14512, 11643, 12864, 12052}
Done logging to result_analysis/data_output/spy_results.txt.
Detaching from program: /Users/blenmac/Desktop/Research/CortexM_MPU_practice/Two_Cores/firmware.elf, Remote target
[Inferior 1 (Remote target) detached]
gdb -q firmware.elf \
	-ex "set pagination off" \
	-ex "set confirm off" \
	-ex "set logging file result_analysis/data_output/spy_results.txt" \
	-ex "set logging overwrite on" \
	-ex "set logging enabled on" \
	-ex "set print elements 0" \
	-ex "target extended-remote :3333" \
	-ex "p foo_time" \
	-ex "set logging enabled off" \
	-ex "dump binary memory result_analysis/data_output/spy_results.bin foo_time foo_time+10" \
	-ex "quit"
Reading symbols from firmware.elf...
Copying output to result_analysis/data_output/spy_results.txt.
Copying debug output to result_analysis/data_output/spy_results.txt.
Remote debugging using :3333
core0_main () at src/ex_6_flush_reload/cpu0.c:91
91	    while(1);
$1 = {6323, 9676, 9263, 10182, 8038, 9252, 7614, 8118, 7216, 8880, 8957, 9804, 6089, 8454, 9272, 9376, 5566, 7738, 8452, 8556, 6804, 8442, 6510, 6490, 9274, 9798, 9274, 10854, 6804, 9682, 10207, 8556, 5272, 6102, 5682, 4746, 5976, 5910, 4739, 7614, 7332, 5976, 5746, 8034, 7798, 10080, 10501, 8370, 9268, 10493, 10926, 11320, 8854, 10075, 10500, 9282, 10092, 9834, 9681, 9269, 10120, 10644, 11304, 9613, 7656, 10485, 10216, 9714, 9263, 12960, 11044, 10494, 9432, 9714, 8445, 10626, 6795, 9263, 8020, 10974, 7204, 10133, 8554, 9312, 8447, 6848, 10968, 10606, 10551, 10912, 9828, 9724, 8434, 8425, 8030, 10908, 13438, 9352, 8439, 9264, 8850, 8848, 9612, 7614, 7285, 9646, 10902, 12630, 10092, 10158, 9268, 8151, 10492, 8849, 8443, 7258, 7620, 9672, 12270, 8448, 8854, 12546, 11412, 9264, 6894, 10090, 9274, 10134, 7206, 9388, 10594, 6841, 9257, 9348, 12138, 8062, 9666, 9702, 8952, 10086, 8961, 7317, 11860, 9376, 8848, 7380, 10080, 5669, 8850, 8980, 9671, 7212, 8861, 8446, 9798, 8850, 7342, 5277, 4742, 5688, 5278, 6516, 5982, 5151, 5690, 7392, 5976, 6159, 7632, 6156, 5989, 5914, 5989, 6984, 8874, 8850, 9275, 6799, 9677, 6556, 9253, 9287, 11314, 10098, 9431, 9270, 10656, 9672, 8031, 10666, 8058, 8036, 9682, 8445, 7764, 12172, 12124, 7194, 6796, 10119, 10119, 10073, 10086, 10530, 8442, 10902, 8496, 6800, 8476, 9810, 10078, 10494, 6842, 9678, 12672, 7606, 10497, 9682, 10910, 10204, 9670, 10090, 10980, 10645, 8859, 12552, 9723, 10020, 9270, 9674, 10968, 10501, 9286, 8862, 8923, 9672, 9778, 8116, 8851, 11334, 10227, 10096, 11320, 5980, 11724, 7707, 9758, 7207, 9678, 10614, 8442, 10616, 9264, 8034, 9264, 10567, 10224, 7210, 5980, 9264, 8076, 7211, 7211, 8072, 7616, 8856, 7210, 8878, 7721, 8882, 7614, 8467, 6792, 8874, 9672, 8123, 7614, 9282, 7618, 10078, 9420, 5572, 6090, 9209, 9390, 8854, 8155, 8862, 6509, 5986, 8622, 7210, 8970, 6390, 4743, 5686, 5562, 5974, 5157, 5690, 6795, 6384, 7212, 6984, 8454, 7614, 10908, 10099, 8437, 8858, 8032, 8454, 8616, 10104, 9268, 9228, 7638, 7997, 8874, 13368, 9280, 10256, 8052, 8440, 8058, 9264, 11730, 8855, 9268, 8846, 8448, 10089, 8037, 10938, 7203, 10432, 9258, 10084, 7627, 7750, 8442, 8028, 9714, 8853, 10092, 8851, 8012, 12156, 10095, 8436, 8442, 9263, 8460, 8854, 9612, 9250, 8848, 8501, 10092, 9664, 10914, 11676, 9673, 12228, 7210, 7648, 8022, 9324, 11724, 9670, 8481, 9678, 8104, 9264, 12216, 11380, 7694, 8106, 9756, 11322, 8508, 8112, 10092, 8032, 8028, 8856, 8922, 9258, 10168, 7307, 8844, 10176, 8027, 7781, 8068, 8442, 8122, 9674, 8946, 8032, 8117, 10086, 8882, 8856, 6928, 10500, 8964, 9783, 8844, 9376, 10080, 10668, 8046, 7212, 9630, 8556, 7207, 9270, 8976, 8850, 8442, 9666, 8034, 6502, 9256, 5686, 4740, 5504, 4740, 4876, 7206, 5570, 4867, 5976, 6378, 7218, 8219, 9672, 10110, 11506, 8434, 8389, 8454, 9630, 9674, 11746, 8444, 8448, 8611, 11735, 10914, 8440, 9012, 10908, 10051, 9670, 7206, 10524, 7210, 8009, 6792, 8442, 12282, 7236, 8037, 12142, 11352, 7201, 10489, 8863, 10501, 7201, 13494, 12154, 11316, 8791, 9257, 8038, 9261, 9678, 11674, 8850, 9616, 11328, 10960, 10497, 9283, 8442, 8850, 8100, 10902, 10438, 11723, 9823, 11721, 11052, 9676, 9754, 7732, 13523, 12954, 9378, 9300, 9270, 8856, 11263, 9264, 10842, 9678, 10899, 8097, 8028, 10912, 7710, 8860, 9732, 8524, 7212, 8946, 8931, 7620, 5941, 9772, 7278, 7626, 10086, 9618, 7620, 10500, 10494, 10626, 8956, 8945, 6804, 8439, 9216, 10110, 8435, 7170, 8134, 9258, 7726, 8034, 7554, 8030, 8871, 12666, 8448, 6924, 9442, 7338, 9270, 8148, 8030, 9268, 7624, 6795, 13692, 14520, 16158, 14925, 13692, 14928, 16152, 14106, 14518, 10812, 16162, 16572, 14104, 13278, 15750, 13278, 14509, 11634, 12463, 14104, 14514, 13686, 13698, 12463, 14103, 12873, 14508, 13690, 14107, 12862, 14514, 12465, 12876, 13690, 16566, 14932, 12456, 14106, 14518, 10398, 16986, 12036, 12862, 16158, 14106, 11640, 12043, 14517, 14521, 14928, 12867, 15336, 12045, 12456, 14930, 14100, 9166, 15342, 12454, 13696, 13692, 15750, 14520, 13684, 13281, 12864, 14107, 14922, 15333, 13272, 12463, 14110, 14106, 11220, 14514, 18216, 14520, 14514, 14100, 14106, 14104, 13684, 14514, 13689, 10821, 14106, 14110, 12866, 11643, 15744, 12049, 14518, 13686, 15750, 13276, 13281, 13282, 12042, 12459, 14102, 16158, 13696, 12864, 14931, 15328, 12046, 12043, 16152, 14514, 16162, 15750, 14922, 13278, 14512, 13689, 14094, 13278, 12871, 14514, 13686, 14109, 12870, 14928, 12870, 12055, 15339, 13698, 11634, 11634, 15744, 12049, 12048, 13288, 12873, 16572, 15333, 11220, 13278, 12867, 12054, 13278, 15336, 14520, 13274, 14109, 13284, 13692, 13693, 14928, 14521, 14514, 12874, 11632, 15340, 16572, 12874, 15750, 10815, 16572, 11229, 15330, 13282, 12054, 12462, 13281, 14508, 13692, 14100, 11218, 13281, 16165, 10811, 14922, 14103, 15342, 11643, 12046, 13686, 14928, 12873, 12454, 11221, 15753, 14506, 13692, 14922, 14926, 14520, 11227, 15336, 15744, 14106, 11232, 12460, 15330, 12869, 15744, 12465, 13680, 11229, 16570, 14932, 12456, 16572, 13696, 11214, 16164, 14928, 11220, 11641, 14094, 13696, 14922, 11223, 14928, 14926, 15339, 14520, 13686, 14517, 11224, 13692, 13694, 13278, 14098, 16164, 14922, 14925, 12468, 14109, 13287, 15750, 12870, 15750, 12048, 12048, 14104, 12862, 12870, 15340, 12456, 14109, 15336, 14508, 16572, 14514, 15750, 10395, 14100, 12036, 11229, 14931, 16572, 12457, 12874, 14512, 13282, 9996, 10404, 14106, 10810, 12867, 10404, 16158, 13281, 12052, 12040, 12454, 14520, 16566, 12462, 14928, 13698, 14518, 14518, 13699, 14922, 13692, 11634, 15330, 14514, 12046, 14103, 13278, 12049, 11227, 14103, 14514, 14512, 14508, 12459, 11218, 12868, 15750, 14931, 14520, 13689, 12870, 14925, 15336, 15753, 15342, 16984, 14106, 15336, 15342, 8751, 13280, 15750, 14516, 12051, 13278, 14514, 15328, 15342, 11224, 16164, 12457, 14922, 15750, 13686, 13696, 15340, 12042, 13282, 10398, 12450, 15744, 13698, 12870, 11224, 13278, 12868, 11622, 14928, 15738, 11643, 17806, 12459, 14928, 12042, 14932, 9999, 12867, 14098, 13692, 13281, 14104, 11629, 15342, 13284, 15336, 14928, 11640, 11225, 12864, 14508, 12054, 12870, 12873, 11638, 14520, 14514, 12864, 14103, 12460, 11631, 15340, 12456, 13686, 12874, 12458, 11214, 16986, 11632, 14514, 11641, 14518, 14922, 14104, 11220, 14109, 13272, 12051, 15750, 13690, 12865, 11640, 14928, 12462, 16566, 13282, 9987, 14517, 15342, 12043, 14517, 12045, 12465, 15744, 14518, 12868, 13686, 12865, 14514, 13699, 14100, 15748, 12043, 13690, 13276, 12055, 14922, 11231, 17394, 13698, 13696, 14928, 12454, 14514, 15750, 14922, 13689, 16161, 15752, 14104, 16572, 13686, 14928, 16164, 14106, 13694, 16161, 15336, 14512, 15744, 13690, 15750, 14100, 14922, 10404, 14929, 10822, 14505, 13696, 14508, 12052, 14915, 15750, 14507, 14928, 11629, 13272, 14931, 12462, 15336, 13683, 12053, 15334, 13270, 15336, 13692, 15336, 11628, 14518, 14916, 10819, 12040, 14926, 12862, 12873, 14928, 14931, 12876, 13698, 13287, 10807, 13698, 16572, 13281, 11224, 13278, 12456, 13698, 12454, 12456, 14106, 12456, 13692, 11224, 11634, 12046, 14514, 12456, 15742, 12462, 14928, 13698, 15744, 14934, 9993, 14506, 14928, 10804, 13698, 15750, 14508, 12039, 15342, 14518, 11627, 14106, 14511, 13684, 13287, 15336, 14512, 10804, 15750, 13282, 14103, 14932, 12876, 14928, 12462, 15336, 13698, 16158, 14925, 13692, 14103, 10812, 12870, 11632, 12871, 14928, 15330, 13281, 14518, 14513, 13287, 14928, 12874, 11227, 15750, 12872, 15748, 14922, 12462, 15340, 14100, 13276, 13696, 11230, 11640, 11224, 14104, 13698, 12864, 14922, 14514, 14103, 12864, 14104, 16158, 14931, 13690, 14508, 13692, 14931, 13693, 15750, 12876, 15747, 13680, 12874, 11626, 13287, 12052, 15342, 10813, 12048, 16158, 13274, 12042, 13287, 10812, 14926, 13278, 15753, 13686, 14520, 14928, 12049, 18216, 12448, 14928, 14511, 16164, 14928, 14109, 12465, 11632, 12862, 14100, 14521, 14109, 12045, 12864, 13692, 14103, 14100, 15750, 13703, 14103, 16980, 14518, 12040, 12054, 13686, 13686, 14925, 15340, 12465, 9578, 13281, 14514, 16162, 9982, 12870, 15334, 14931, 14516, 10398, 14922, 13284, 13284, 14928, 12462, 14103, 9993, 14106, 15342, 16575, 11638, 15339, 14925, 13692, 14928, 14515, 12864, 12870, 14514, 9586, 15336, 11643, 16572, 16164, 15744, 12039, 12462, 12450, 14518, 12036, 13288, 12867, 11628, 15744, 12465, 15336, 10809, 13275, 14518, 16980, 15750, 14518, 9991, 15342, 14094, 12867, 13698, 12045, 13696, 14109, 14922, 14512, 11226, 16980, 14930, 15336, 16152, 13278, 12864, 13286, 11632, 11220, 15750, 14520, 14508, 15750, 13692, 14520, 14508, 9582, 14511, 13692, 14517, 11637, 15336, 12875, 13285, 12876, 14514, 16980, 13686, 10809, 13278, 12456, 15753, 14100, 15744, 13284, 14922, 14518, 14097, 12868, 12462, 12048, 13272, 12048, 11638, 14102, 14520, 11634, 12045, 12042, 13282, 11232, 13698, 14925, 14100, 13284, 11643, 13696, 12456, 13691, 9994, 15336, 11217, 13278, 14100, 14928, 10407, 15750, 12870, 12456, 11638, 14928, 15750, 15336, 16161, 12868, 16575, 13278, 17394, 12868, 13698, 14108, 12864, 13698, 14103, 13290, 13686, 12864, 9990, 13686, 12457, 11635, 14922, 13696, 12868, 15744, 15738, 15343, 12454, 13690, 12874, 12456, 12876, 13278, 13284, 14106, 13690, 12456, 14512, 15330, 14109, 12460, 12864, 13284, 13275, 14512, 14100, 15336, 13284, 13281, 14932, 15744, 13287, 13284, 14512, 15334, 12465, 14094, 10818, 12863, 12870, 12871, 12052, 14103, 14928, 14512, 15330, 12453, 14512, 12054, 11222, 13284, 15342, 13278, 13282, 12870, 14514, 12862, 12039, 14512, 14109, 14922, 14104, 13678, 14924, 11634, 13282, 14932, 14931, 14104, 14922, 14521, 14926, 14508, 14520, 14100, 12048, 11635, 12457, 14928, 14515, 14100, 13694, 12876, 14100, 12046, 16566, 10390, 15750, 12874, 14512, 12459, 15752, 14512, 13276, 12462, 12465, 15336, 13692, 12459, 12874, 12458, 13692, 13282, 12873, 16164, 14100, 12864, 9986, 14523, 13686, 14930, 13690, 14100, 13693, 12456, 14094, 10398, 16575, 12051, 15342, 14110, 15750, 14926, 12871, 11218, 13689, 15750, 12462, 13695, 14106, 15336, 14508, 14517, 14521, 11225, 14926, 13686, 13287, 14520, 14100, 14109, 13691, 12042, 13287, 14512, 9994, 13284, 14512, 14100, 15339, 12052, 15744, 14108, 14514, 18216, 14103, 13278, 12466, 15744, 12870, 15336, 11638, 12873, 14508, 10816, 16572, 12868, 14106, 14928, 13278, 12043, 12046, 13686, 12869, 15750, 11229, 15340, 12460, 14928, 14521, 12454, 16572, 13685, 13686, 14920, 15753, 12456, 12459, 12871, 14928, 14094, 11632, 14100, 11638, 13284, 14106, 12874, 14502, 13284, 12460, 14094, 13692, 14100, 14520, 11219, 13284, 15336, 12459, 14922, 11635, 13684, 14109, 15748, 11634, 16980, 14514, 12873, 15744, 10806, 15744, 14097, 11640, 16572, 12878, 12465, 12042, 12459, 16980, 12453, 13680, 12879, 14928, 12872, 13686, 10403, 14106, 14932, 11634, 13692, 14106, 11230, 16575, 13278, 14514, 14520, 13278, 14098, 11632, 14520, 12454, 14518, 13278, 14928, 9988, 14104, 14508, 11226, 14523, 14511, 13698, 14928, 16152, 14922, 13281, 12871, 12864, 14106, 14109, 14926, 14109, 14520, 13692, 15340, 12870, 13692, 12874, 13282, 15336, 12874, 14922, 14931, 14928, 14100, 14932, 14934, 12048, 15334, 11632, 14110, 12453, 15754, 11628, 13690, 12048, 14100, 14100, 12875, 14928, 12873, 14513, 12460, 14514, 13692, 12044, 14106, 10396, 16158, 14925, 14518, 9582, 12453, 14925, 14928, 16158, 15750, 17394, 11640, 13284, 13272, 11632, 13284, 12876, 12450, 14508, 15340, 12870, 13278, 15744, 15758, 12460, 14104, 12870, 13284, 14928, 14931, 10817, 15336, 13281, 10809, 10402, 16984, 12864, 14109, 14929, 13686, 14517, 14932, 12048, 14922, 12455, 13278, 13284, 13282, 16164, 13276, 14922, 15336, 13281, 13281, 13284, 15336, 12876, 14922, 12048, 15750, 14108, 15750, 14106, 14094, 13696, 11632, 13692, 12877, 12042, 15342, 14922, 13693, 14514, 17397, 13690, 14106, 12877, 14928, 15340, 13281, 14109, 13282, 14106, 12048, 14514, 13272, 11230, 15342, 12453, 12462, 16158, 13701, 15330, 11640, 14514, 12054, 13696, 12040, 16158, 11220, 12050, 14097, 12456, 12870, 14924, 13690, 12055, 15342, 11644, 14928, 16158, 11230, 14512, 11630, 11220, 13690, 12874, 12042, 14100, 13287, 13284, 10810, 13287, 14109, 13281, 14109, 11634, 13281, 13276, 16572, 10408, 12052, 12873, 17394, 12462, 13696, 12049, 15340, 11226, 14922, 15750, 13698, 13695, 15330, 16572, 14109, 14928, 14922, 12465, 17394, 14094, 12876, 14928, 14513, 11632, 12048, 12462, 12462, 12046, 14926, 12457, 14508, 12460, 14106, 14100, 16158, 11634, 12870, 12873, 14520, 14928, 14106, 16986, 14109, 14928, 10814, 14514, 13698, 12050, 13680, 12458, 14106, 12048, 16578, 11640, 13689, 13284, 12046, 14520, 13687, 12048, 14922, 12048, 12867, 16158, 14106, 13695, 17394, 13281, 16566, 16980, 16164, 15750, 15334, 14107, 14928, 12049, 13691, 13278, 12873, 14922, 14510, 10816, 12042, 14922, 14922, 12042, 14517, 12450, 14523, 12462, 14514, 13695, 14094, 13275, 13695, 10818, 11638, 13284, 14106, 14515, 14520, 13287, 10818, 11634, 15754, 16572, 9583, 16980, 11226, 13687, 15334, 12046, 14514, 13271, 14931, 14516, 13692, 12460, 15336, 10809, 12046, 13692, 15330, 13278, 14106, 11641, 12870, 12042, 13276, 14518, 9161, 14928, 12864, 12465, 13288, 14931, 14928, 12466, 15747, 16162, 10812, 14511, 12040, 12042, 15339, 15750, 12457, 12864, 15336, 14514, 12872, 13278, 13696, 16572, 12046, 13278, 14929, 14098, 14109, 16575, 12048, 12454, 11232, 14931, 13698, 14518, 12874, 13287, 13692, 15750, 12043, 14512, 16572, 16164, 12873, 14928, 14928, 12871, 11230, 15756, 13686, 14922, 14518, 12046, 14107, 13698, 11226, 14514, 13287, 13278, 13690, 13287, 13686, 11628, 14100, 10815, 14098, 13698, 13284, 14514, 13284, 13696, 13278, 15339, 16158, 15340, 10812, 14520, 12463, 13284, 14509, 15753, 15336, 10401, 16986, 14511, 13680, 16164, 13692, 15750, 15340, 11638, 13698, 11642, 13684, 13692, 12052, 11634, 12049, 16158, 13280, 14100, 13698, 15750, 15336, 13287, 12048, 13287, 15750, 9988, 13698, 10810, 12462, 13287, 13696, 14100, 14518, 16980, 13287, 14928, 12456, 14515, 16158, 13692, 13690, 11628, 14514, 12462, 12456, 13690, 13284, 11218, 17394, 16164, 12862, 13280, 15750, 13278, 12870, 14922, 14928, 14518, 14103, 16572, 14517, 12462, 14508, 15343, 14514, 14925, 13693, 12868, 14106, 11636, 14514, 12864, 13287, 12456, 12456, 11637, 12040, 10819, 14922, 11223, 16572, 14922, 13693, 13283, 14928, 14931, 12870, 16164, 16164, 13282, 14099, 16572, 13278, 14517, 14100, 15750, 12040, 13692, 11628, 12046, 10812, 12455, 14924, 12453, 10807, 12054, 13689, 14922, 12873, 14928, 11635, 12052, 12042, 12042, 15750, 14931, 10398, 16572, 11221, 11634, 14106, 14515, 13698, 10402, 13287, 12450, 12046, 14104, 9166, 14931, 16162, 11637, 12052, 15750, 14931, 12868, 13282, 16158, 12870, 12047, 14923, 15336, 12873, 14520, 12464, 11214, 15744, 11224, 13696, 14931, 13287, 13278, 13282, 14932, 14508, 13272, 13686, 13284, 14512, 12874, 16160, 14106, 14925, 13281, 12862, 16986, 14104, 15750, 11644, 14108, 14925, 14112, 14931, 15750, 14514, 13278, 13699, 14098, 12862, 11220, 13699, 12456, 14520, 15330, 14931, 13285, 14100, 14100, 12456, 13281, 11634, 14922, 11220, 13690, 14100, 10408, 13690, 13686, 14106, 14106, 13282, 14100, 12456, 12466, 12448, 13287, 17394, 14517, 8758, 10808, 16572, 15340, 12453, 11226, 15744, 14928, 14514, 13692, 14100, 14106, 15336, 14098, 15750, 13692, 12867, 14106, 12873, 11638, 11643, 13686, 15343, 14104, 13276, 14104, 14928, 14514, 13281, 12052, 15748, 15340, 14094, 12042, 14928, 16164, 13281, 10399, 12462, 12867, 15752, 12876, 9988, 12456, 16164, 13281, 12453, 14106, 11632, 15336, 11633, 14514, 14931, 12870, 11635, 13284, 14922, 14106, 12862, 16566, 10813, 13696, 14094, 12874, 14109, 13686, 12864, 12054, 11634, 15750, 13290, 12462, 12460, 15750, 16158, 13278, 14928, 12051, 15334, 16158, 14100, 14514, 14512, 10401, 14512, 12048, 16572, 12865, 16980, 13287, 14508, 14928, 14928, 12048, 13282, 13284, 13692, 14109, 10810, 12873, 14106, 10815, 13288, 13695, 16164, 12447, 14518, 13276, 13276, 14106, 15752, 14106, 13686, 13287, 15342, 14506, 13272, 12046, 14098, 13692, 13278, 14928, 15342, 13284, 13278, 12870, 14508, 14931, 12462, 13701, 14932, 15738, 16572, 14518, 14928, 12048, 14508, 12459, 14934, 13278, 15340, 11219, 16164, 14508, 12870, 15336, 9584, 14514, 15747, 14104, 14920, 10402, 10400, 10810, 15748, 11631, 14508, 16575, 15330, 13278, 12864, 10396, 15336, 14922, 14512, 12454, 14922, 14518, 15330, 12874, 10401, 13687, 15750, 12866, 12460, 12460, 12870, 12036, 14922, 13693, 9576, 15750, 14916, 10402, 14106, 14520, 12454, 12046, 12051, 14100, 11640, 14521, 14512, 14106, 13282, 13690, 11639, 14928, 14104, 14518, 15758, 16978, 15336, 13692, 11638, 14922, 15342, 14110, 16572, 13284, 12450, 14517, 12048, 14100, 11638, 16570, 13284, 12864, 12870, 12454, 15336, 12464, 14502, 14104, 14100, 12042, 14928, 12040, 14508, 13693, 13692, 11229, 14518, 12036, 14932, 14508, 12864, 15336, 12873, 12876, 16575, 12870, 16158, 16165, 14094, 13695, 11220, 15340, 14514, 12048, 14931, 12459, 12040, 12864, 14109, 12036, 12864, 13692, 14106, 13695, 15750, 15748, 12046, 15748, 14928, 13285, 12456, 16986, 14512, 14104, 15336, 12048, 12867, 14098, 13684, 11220, 13696, 12459, 13284, 12054, 12048, 15744, 11632, 12459, 14100, 9161, 14100, 16572, 11632, 13278, 13695, 12874, 16164, 13281, 11226, 12462, 13276, 13690, 14106, 12048, 15334, 12054, 13690, 14106, 11637, 14513, 14106, 14094, 14104, 13680, 11635, 12862, 14104, 12465, 13689, 14520, 13683, 15750, 13695, 14508, 12465, 14103, 12456, 16572, 16150, 15753, 12874, 11214, 13276, 13276, 12050, 14928, 14109, 12872, 13275, 13287, 11640, 16569, 15342, 14106, 16158, 15342, 11222, 12042, 15750, 12867, 14514, 12856, 12870, 14107, 13691, 14508, 11632, 10395, 14922, 13680, 16156, 13285, 14514, 13284, 13287, 13278, 14928, 12051, 14518, 12874, 14509, 15339, 16572, 10392, 14103, 12867, 12868, 14502, 13695, 13272, 14110, 13281, 15340, 12036, 12871, 12465, 13684, 16164, 10810, 13684, 13698, 14511, 12042, 12460, 10401, 14934, 14928, 16152, 14108, 12045, 13284, 15340, 16158, 14919, 15340, 14106, 14928, 12456, 14922, 14109, 15342, 12051, 16572, 13698, 13690, 14925, 15342, 15750, 14928, 12450, 13278, 11219, 15744, 12040, 12870, 12042, 12872, 12861, 12460, 14928, 15744, 9990, 15750, 16152, 14514, 11224, 12046, 14514, 12870, 12870, 14106, 12049, 16980, 15754, 13690, 14520, 12864, 15750, 12870, 13686, 14520, 12877, 15744, 12046, 12868, 12048, 14094, 13692, 12450, 14514, 13691, 14922, 12465, 14106, 13684, 13684, 13690, 14922, 12873, 11631, 15756, 12867, 15330, 12460, 14094, 16576, 14922, 13690, 13272, 12450, 14514, 14103, 12450, 12870, 12039, 14100, 14518, 10398, 15750, 14518, 13284, 11217, 16572, 12049, 12048, 16164, 11633, 12864, 16158, 14514, 13691, 12049, 14098, 16161, 16575, 11223, 10403, 16986, 12873, 16158, 13696, 11640, 15744, 11628, 11634, 13284, 14102, 15342, 14103, 14100, 15750, 12046, 14100, 12870, 12462, 14928, 12868, 14925, 13686, 12450, 14508, 14106, 13281, 12453, 12862, 12459, 14922, 12861, 16572, 14520, 12871, 14515, 13698, 14109, 12876, 17394, 14931, 14926, 11634, 15756, 11637, 14105, 14518, 15747, 14931, 11640, 13278, 15336, 11226, 15343, 13686, 11638, 15336, 15753, 15342, 12868, 15750, 14100, 12864, 16980, 15330, 14104, 14928, 14931, 12448, 12463, 12042, 12049, 16984, 14520, 14514, 15750, 12045, 12051, 13696, 9990, 10395, 12862, 13284, 14514, 13695, 16566, 14932, 13281, 14922, 12456, 16164, 14109, 15340, 15336, 9987, 14104, 14928, 11227, 12864, 14922, 12460, 15753, 11643, 15330, 17808, 14107, 11230, 14514, 14919, 13690, 14928, 15336, 14928, 14106, 12036, 16158, 13278, 14926, 12871, 12870, 14932, 13284, 13690, 11223, 14104, 12873, 9167, 17394, 12037, 14520, 15342, 13686, 13692, 12868, 12869, 13272, 13691, 13284, 12462, 13278, 12452, 15330, 14506, 13693, 13288, 14922, 12455, 12042, 12864, 12868, 14925, 13692, 13686, 13276, 12873, 14100, 11634, 15755, 13284, 15330, 14928, 12465, 14514, 12870, 13696, 15750, 13684, 15339, 10810, 14520, 13693, 13692, 11632, 12037, 11227, 15750, 15328, 14931, 14104, 12871, 14103, 14106, 14106, 17394, 11628, 14511, 14520, 14106, 13690, 14928, 11642, 16162, 14103, 12866, 12871, 13690, 15339, 13278, 13278, 11631, 12462, 13272, 8758, 14517, 9580, 17392, 14514, 15750, 14506, 13272, 15750, 15339, 13695, 14103, 14104, 12048, 13272, 14922, 14514, 12858, 13279, 12462, 12871, 13686, 15338, 14518, 13272, 16578, 13284, 14928, 11633, 11643, 13690, 14517, 14932, 11218, 14104, 14098, 14100, 9991, 13692, 13278, 14109, 12051, 13276, 14922, 15339, 13696, 14518, 13275, 15752, 12450, 16164, 12867, 12870, 16158, 16150, 14928, 13690, 15336, 14512, 12874, 13287, 15336, 12871, 11640, 13278, 10814, 11235, 16575, 14104, 13284, 15753, 14925, 12045, 14513, 12465, 13288, 12462, 15750, 12042, 15750, 14106, 12053, 11220, 14518, 12459, 13690, 14931, 14925, 13278, 14518, 12456, 15744, 13286, 16158, 16575, 14928, 11634, 13285, 14100, 13690, 12876, 13282, 11224, 14520, 16572, 14109, 14514, 16164, 14514, 12867, 14100, 15753, 12054, 11223, 15334, 13689, 12454, 16980, 14098, 12870, 14520, 15336, 14098, 12873, 15340, 14511, 11640, 14508, 13690, 11224, 11640, 14925, 14104, 13698, 13278, 12048, 14100, 12871, 13278, 14106, 14100, 12042, 11214, 14514, 13692, 14521, 15744, 14928, 14106, 12864, 12864, 15336, 16158, 14931, 12054, 15336, 12867, 14100, 13692, 12864, 13284, 14922, 11640, 12047, 14928, 13276, 14104, 14920, 12873, 14109, 14106, 12040, 13287, 14100, 13689, 15342, 13699, 16572, 13692, 12462, 17388, 12864, 14517, 16164, 13282, 14517, 14106, 14928, 13696, 14932, 12871, 17394, 14104, 13272, 13278, 15340, 14514, 12051, 10397, 14928, 12045, 12036, 14928, 13284, 12466, 15330, 12870, 13692, 12870, 14514, 15336, 13284, 12046, 13692, 14514, 10396, 13695, 14928, 14520, 14103, 13284, 14520, 12045, 15744, 10809, 13694, 14106, 11630, 15330, 13281, 10803, 9578, 15342, 15750, 15754, 13692, 12871, 14928, 12051, 12874, 15342, 12459, 13699, 14514, 14106, 12865, 15750, 14928, 14508, 11230, 13282, 14934, 15342, 12459, 10820, 12865, 15744, 12867, 15334, 12450, 10404, 15335, 13281, 14100, 14931, 14922, 12051, 16164, 13278, 12042, 13690, 12462, 13281, 14100, 12456, 10809, 11643, 13692, 14512, 14109, 14518, 14514, 12450, 16572, 14517, 14507, 14518, 12873, 10405, 13278, 15334, 9994, 12046, 14521, 16158, 14517, 14928, 12462, 12051, 12462, 10402, 9992, 14514, 14922, 11642, 14513, 10392, 15748, 14922, 12043, 14516, 10398, 16156, 12042, 13695, 11232, 12043, 13698, 14109, 9996, 15340, 10402, 14518, 12456, 16158, 12868, 12454, 12870, 13282, 14922, 12459, 12462, 12465, 14098, 14931, 14922, 14922, 13276, 14931, 14512, 13276, 15330, 12864, 16984, 14931, 14928, 14520, 14518, 12462, 14928, 14922, 13287, 14106, 12456, 12873, 14100, 13282, 14932, 11638, 16572, 14106, 14926, 13284, 16164, 14514, 13684, 10810, 12455, 15750, 15342, 13692, 14103, 13690, 15336, 14521, 12045, 13693, 9574, 14518, 12858, 17397, 12870, 13698, 12460, 14520, 14928, 12870, 13276, 13692, 14509, 12870, 14517, 15336, 13275, 13287, 13692, 13284, 13680, 12054, 16986, 13272, 14106, 14103, 14928, 15330, 14932, 11643, 14508, 13276, 14514, 13275, 15340, 12042, 12874, 14100, 14100, 12460, 14518, 14922, 13276, 14928, 14916, 14518, 14103, 11644, 14922, 14520, 14109, 13276, 13696, 15336, 12868, 11631, 12460, 13698, 14931, 13698, 15744, 12036, 16164, 11634, 13281, 13278, 15742, 14521, 16575, 11634, 12048, 16164, 13282, 14109, 14100, 13678, 16152, 12466, 13284, 14931, 11220, 13278, 14104, 13695, 15748, 15753, 15336, 14103, 18216, 12456, 16156, 16161, 14106, 14104, 15750, 16164, 14925, 14100, 16158, 14514, 13287, 12048, 14925, 15747, 13281, 12874, 13275, 14106, 16980, 14103, 13278, 12870, 13692, 14106, 12051, 13276, 17394, 13687, 14104, 12456, 16984, 14106, 12454, 13287, 11631, 14922, 12048, 13692, 13282, 14110, 13692, 12459, 14922, 14100, 11637, 15750, 14106, 16564, 11637, 14934, 14520, 12454, 13284, 15750, 14109, 12868, 10812, 13284, 12868, 16158, 11634, 12458, 14928, 13692, 14920, 11636, 12870, 15336, 12049, 15336, 12460, 14922, 14103, 16572, 15748, 13278, 14925, 12048, 11637, 14518, 12051, 12864, 14508, 13687, 12864, 14106, 14106, 13683, 13284, 10810, 10815, 16158, 15750, 13278, 10810, 11638, 12052, 14517, 14094, 14103, 12046, 11634, 12051, 14928, 13272, 15753, 12456, 15337, 13686, 11625, 12873, 13280, 14926, 12868, 14106, 12054, 14102, 13692, 12456, 15342, 12459, 10816, 12046, 14094, 13696, 17394, 14104, 14931, 13288, 15340, 12453, 13698, 14106, 11626, 11634, 12876, 14094, 12456, 14930, 13287, 14104, 10401, 15342, 12874, 13284, 14102, 14928, 14928, 12459, 14514, 15342, 13684, 15342, 11215, 13284, 14926, 13692, 13272, 11220, 12450, 15744, 15336, 12866, 11224, 14515, 13698, 14928, 13281, 13284, 13277, 14523, 9166, 14109, 13690, 11637, 16162, 14103, 14514, 12462, 15750, 13282, 12874, 14106, 16161, 10815, 16158, 12869, 12057, 12864, 10401, 14926, 17394, 12468, 14922, 13278, 14926, 12876, 14922, 16570, 12864, 13698, 14518, 12055, 12456, 16980, 12874, 12465, 14104, 13276, 11637, 15340, 12864, 14514, 12862, 10812, 12862, 12036, 14506, 12049, 16572, 12450, 13695, 14514, 14094, 15750, 12862, 14098, 12868, 13683, 13695, 12462, 10812, 14100, 15744, 13278, 13695, 14920, 15744, 13693, 10398, 12868, 14508, 12465, 15750, 12864, 14922, 13281, 12871, 16158, 12869, 12045, 12046, 11640, 16566, 12876, 12051, 12865, 14511, 11630, 12874, 13282, 14103, 15336, 12873, 16158, 10821, 13266, 13692, 14514, 13696, 11223, 14931, 12874, 14928, 13278, 14925, 13692, 11227, 14922, 13692, 15744, 11628, 14928, 13290, 12456, 13686, 15756, 11220, 16156, 13287, 13691, 10398, 11635, 14928, 14514, 13284, 16572, 13690, 12874, 13279, 15744, 13288, 9162, 14514, 10815, 13287, 11220, 12045, 15342, 13696, 13278, 10813, 14922, 13284, 14926, 15330, 13695, 13696, 16578, 16572, 12872, 14928, 14106, 14106, 12868, 13692, 13278, 13282, 15342, 14512, 14518, 12874, 15750, 14520, 10815, 14922, 12456, 12864, 11643, 13288, 14518, 14922, 14931, 10815, 12045, 17394, 11223, 13278, 12876, 14931, 13278, 11626, 13278, 12876, 14928, 11634, 13278, 14106, 15330, 14928, 14100, 11638, 12048, 15744, 13288, 15750, 12858, 13286, 12864, 11637, 12456, 11634, 12870, 15750, 15750, 14508, 11641, 15756, 10401, 11638, 15336, 14520, 12865, 15342, 10815, 13690, 13287, 14100, 15340, 12042, 13275, 13686, 14514, 14928, 12459, 14514, 14518, 14520, 14100, 14512, 16162, 7937, 14502, 15750, 13692, 15747, 14928, 13686, 13692, 9579, 14106, 14104, 13278, 13692, 14931, 9580, 13278, 13282, 16152, 13278, 12458, 12465, 16578, 14922, 16165, 12456, 16160, 12047, 14098, 14520, 13687, 15750, 12459, 10820, 12454, 13698, 13686, 12865, 14509, 13698, 13680, 13287, 13284, 13284, 13282, 14106, 14100, 13277, 13690, 14518, 13278, 13692, 14928, 14922, 12052, 14508, 14928, 12459, 14932, 13289, 16150, 14514, 11632, 16572, 10399, 14512, 14112, 11627, 12867, 13284, 14109, 14104, 14098, 14520, 15334, 14518, 13284, 14106, 14516, 11214, 14514, 14520, 14920, 14512, 13690, 15336, 14100, 14106, 14514, 10402, 16566, 11628, 12876, 12865, 13690, 14922, 13278, 13686, 13692, 11214, 10818, 14098, 12048, 15744, 12874, 12456, 15342, 15752, 13696, 15342, 14511, 12465, 14104, 15336, 12876, 16974, 9987, 11641, 14517, 14928, 12865, 16158, 12864, 16572, 12462, 14093, 17802, 14517, 12460, 9993, 11223, 16572, 11634, 15330, 15330, 15744, 14109, 15333, 12454, 12045, 9990, 16572, 11646, 13281, 14922, 12873, 12042, 16572, 13690, 13696, 14109, 17802, 13282, 14922, 12870, 14109, 11632, 13690, 16572, 14922, 11636, 11632, 13689, 13278, 14106, 14928, 14508, 13692, 16576, 12038, 14518, 13279, 12045, 16980, 10810, 14097, 12458, 14928, 12460, 16158, 15333, 15342, 14094, 14106, 12450, 14520, 13680, 12460, 15336, 14518, 13698, 12874, 12870, 14104, 12868, 16980, 12456, 15342, 14106, 14109, 10815, 12456, 13287, 14520, 16572, 13692, 11638, 14925, 16572, 14109, 13284, 14098, 13698, 12460, 12870, 15334, 13698, 14514, 15750, 14509, 12036, 12052, 12870, 12042, 10805, 13699, 14100, 14104, 14508, 13695, 12046, 14106, 14106, 14928, 14514, 14931, 15330, 11634, 13282, 13284, 13278, 12048, 16575, 14106, 12868, 14522, 13690, 13270, 15336, 14104, 12450, 13698, 14109, 13288, 12459, 14100, 13701, 15744, 14514, 12873, 12450, 15744, 15334, 15744, 13698, 12456, 13280, 11220, 12459, 12050, 11643, 14518, 14925, 13284, 12054, 14514, 15750, 16978, 13692, 14515, 9576, 12867, 9581, 10401, 14516, 15750, 11632, 14106, 12462, 15753, 15754, 14100, 14106, 12873, 13689, 13692, 13690, 15342, 15336, 13284, 13272, 13284, 12036, 10812, 16158, 13698, 16569, 11224, 16575, 11636, 14928, 14502, 14928, 13278, 12874, 15744, 13281, 15342, 14106, 14102, 13281, 15340, 12448, 12870, 12460, 16575, 14518, 14106, 13690, 11640, 14514, 12876, 11639, 14928, 11223, 15342, 12448, 12876, 16572, 12048, 14916, 12456, 13684, 16575, 14916, 16566, 15334, 14926, 16980, 10393, 14926, 12459, 12870, 13272, 13284, 14104, 11640, 14517, 11637, 14928, 13278, 12870, 14520, 11224, 13692, 12454, 13698, 14520, 16162, 12456, 13693, 15750, 14110, 12036, 14103, 12465, 11223, 14514, 15334, 13282, 13274, 13689, 12046, 11214, 14110, 15342, 15744, 12458, 14928, 10398, 14922, 14109, 13692, 10405, 12876, 13686, 15336, 13692, 14931, 15334, 12464, 13693, 14922, 15340, 12459, 12864, 12048, 12870, 11223, 12046, 13690, 12870, 14922, 15750, 14514, 12876, 13272, 11633, 14922, 15752, 13272, 13692, 15753, 14512, 12873, 13695, 14520, 15751, 11626, 14106, 16156, 14514, 12054, 12864, 12049, 13686, 13278, 16161, 10809, 14100, 15754, 11232, 15750, 13690, 11220, 14925, 10815, 13698, 14932, 12459, 15744, 12874, 16158, 8346, 12456, 14100, 18216, 11634, 16158, 11214, 14110, 11635, 13282, 14520, 13690, 16158, 15334, 14914, 13284, 14508, 12046, 13701, 12465, 13281, 17394, 14106, 15331, 16158, 13692, 12454, 13282, 9999, 12054, 12871, 11226, 13694, 14100, 13276, 11628, 12876, 14100, 12454, 13696, 12870, 12868, 13686, 13278, 14106, 15339, 14109, 12874, 13276, 12052, 14520, 14520, 15345, 14514, 11628, 15744, 13696, 14518, 13276, 10821, 13281, 13290, 15339, 14100, 12870, 13692, 15330, 15342, 14919, 13284, 17394, 9988, 16575, 12462, 12874, 12045, 14518, 14514, 16572, 14922, 13287, 13278, 10809, 14508, 16158, 11221, 14106, 14518, 16572, 14106, 15342, 13686, 15334, 13692, 15340, 13282, 14517, 14514, 11218, 16570, 12459, 12456, 13698, 15750, 12454, 14928, 14922, 12465, 12456, 13690, 13278, 12465, 12862, 14922, 15337, 14514, 13281, 15744, 10822, 14107, 14106, 12048, 14931, 15744, 15744, 12052, 14514, 14926, 13284, 14511, 12048, 14508, 14100, 13282, 12870, 15750, 14100, 12864, 13696, 14109, 12045, 14094, 9987, 13690, 14928, 12450, 13284, 12042, 14109, 14925, 12873, 12454, 14103, 14518, 12868, 14098, 12460, 16158, 8764, 13686, 11229, 15340, 13278, 15338, 13689, 14106, 12450, 13698, 14922, 13696, 14925, 11224, 15750, 11643, 14514, 15750, 13276, 13692, 14512, 15750, 10810, 12869, 15750, 13692, 13686, 14928, 14928, 14931, 13692, 12876, 14108, 14928, 12876, 14512, 14103, 11232, 15334, 14106, 11640, 15750, 12862, 12048, 11634, 15334, 13698, 11226, 15340, 14928, 14922, 14514, 13286, 16162, 14508, 11640, 17394, 12051, 14922, 13696, 13281, 14514, 13287, 12043, 11637, 12870, 15744, 15744, 12057, 13284, 12868, 14502, 12460, 14922, 14916, 12460, 13678, 13686, 12874, 13278, 15744, 15744, 13698, 12459, 12864, 14106, 14920, 12870, 14103, 16158, 14922, 14514, 10806, 12464, 12456, 11637, 15744, 13692, 12454, 15750, 13686, 14520, 14106, 14508, 14098, 13278, 12874, 11635, 16164, 13284, 15336, 12453, 16986, 12457, 12462, 12870, 15750, 12046, 11230, 11628, 13277, 9984, 14514, 12870, 11634, 12050, 14106, 12873, 13698, 11223, 12878, 13284, 13696, 11220, 13696, 15742, 14100, 14931, 14112, 14512, 16158, 12459, 12464, 11634, 12051, 14922, 11638, 14108, 15750, 14508, 12456, 13278, 14513, 16978, 14516, 14931, 14106, 14106, 14928, 12459, 14925, 11634, 13686, 12867, 14922, 14100, 14922, 12465, 12870, 13284, 13279, 12870, 14931, 16164, 14922, 10816, 16575, 15750, 14517, 12042, 12867, 14928, 14931, 13698, 13680, 13696, 12036, 15336, 12871, 15342, 12870, 12456, 13687, 12876, 14106, 11641, 14520, 12462, 12049, 12868, 13689, 14922, 14514, 14106, 10401, 13686, 12878, 14508, 16572, 14928, 12870, 16980, 14517, 13280, 11218, 14104, 12868, 13284, 12460, 13692, 15336, 13281, 15342, 12871, 13686, 16162, 11634, 14508, 12451, 14926, 13696, 16572, 12868, 14926, 13275, 15342, 12450, 12054, 14930, 14106, 13690, 15750, 12874, 15744, 13686, 13278, 16152, 12462, 14922, 16158, 15336, 15738, 13284, 13699, 14928, 11224, 14928, 13276, 13278, 15744, 16572, 15336, 13695, 13686, 13695, 12048, 11640, 14928, 13282, 10807, 13278, 14922, 13284, 14100, 11214, 12870, 14928, 14098, 12864, 12868, 14100, 11632, 9172, 13284, 14928, 10392, 13696, 15753, 12871, 12454, 11638, 12456, 16572, 12459, 14512, 12872, 14926, 14104, 11643, 14100, 13696, 14109, 16162, 13282, 14928, 11218, 12870, 15339, 14931, 12873, 15334, 11217, 14916, 14106, 11632, 15753, 13692, 13690, 12864, 12873, 16164, 15750, 12453, 14103, 15754, 15342, 10401, 13282, 12873, 16158, 12874, 15324, 14926, 13684, 12042, 14100, 16164, 13696, 12450, 12864, 15750, 11638, 14100, 14106, 16572, 12456, 13686, 15748, 14103, 11226, 14104, 15334, 10819, 14514, 13687, 14922, 11643, 15340, 14106, 16572, 13692, 13284, 12040, 12048, 15336, 12876, 14922, 12040, 12045, 14922, 12454, 12862, 15342, 12876, 14110, 16164, 13696, 13695, 14520, 12870, 14931, 12870, 12043, 13281, 14922, 13278, 14100, 14928, 13690, 14922, 14520, 13278, 12464, 15742, 16158, 13692, 12873, 13287, 15330, 15334, 14922, 12461, 14518, 14104, 12048, 15336, 13284, 14928, 14931, 12460, 11223, 13284, 10401, 12870, 14922, 14512, 12036, 14928, 14928, 18216, 12465, 17394, 12869, 12048, 13282, 14931, 13698, 11640, 13692, 11218, 16156, 11637, 14104, 12456, 13282, 14512, 12869, 12868, 11223, 14931, 12862, 15750, 14518, 11643, 13686, 11226, 14104, 14100, 14928, 13692, 14106, 13278, 12868, 14502, 14914, 15330, 12042, 14110, 13680, 13278, 14925, 13281, 16164, 11222, 15750, 14103, 13287, 15753, 14926, 13696, 11632, 12868, 14104, 12463, 13689, 14110, 14512, 14100, 14518, 13692, 13686, 14110, 14516, 16572, 11640, 13281, 12870, 16164, 12864, 14508, 15750, 10813, 15750, 15336, 12456, 14106, 12042, 14109, 14514, 14506, 15753, 11227, 13287, 14925, 13690, 12043, 14520, 13282, 16572, 12457, 14928, 13698, 12868, 13694, 15342, 11638, 15744, 12048, 12046, 14513, 16572, 15750, 13282, 11224, 13278, 13287, 12862, 14514, 12040, 16158, 12043, 14928, 12456, 14514, 14106, 13284, 12464, 15336, 12872, 15339, 11638, 12048, 15750, 12873, 13692, 12871, 15336, 14107, 14109, 14106, 14103, 14514, 17802, 9580, 14100, 12867, 13696, 14922, 14928, 12450, 11217, 12876, 10816, 14520, 14100, 15343, 14506, 16980, 14922, 12453, 11640, 16572, 13686, 16164, 14926, 13686, 9166, 12873, 15336, 13691, 13696, 14109, 12876, 12049, 16572, 13284}
Done logging to result_analysis/data_output/spy_results.txt.
Detaching from program: /Users/blenmac/Desktop/Research/CortexM_MPU_practice/Two_Cores/firmware.elf, Remote target
[Inferior 1 (Remote target) detached]
